"","ID","date","postcode","property_type","whether_old_or_new","freehold_or_leasehold","address1","address2","address3","town","local_aut","county","postcode_short","current_energy_rating","total_floor_area","number_habitable_rooms","co2_emissions_current","co2_emissions_potential","energy_consumption_current","energy_consumption_potential","windows_energy_eff","tenure","latitude","longitude","population","altitude","london_zone","nearest_station","water_company","average_income","district","type_of_closest_station","num_tube_lines","num_rail_lines","num_light_rail_lines","distance_to_station","asking_price","predicted_price","difference","buy"
"1",838,NA,NA,"S","N","F",NA,NA,NA,NA,NA,NA,"SW10","D",414,10,20,10,216,112,"Average","owner-occupied",51.488618,-0.181685,20,14,1,"gloucester road","Thames Water",63300,"Kensington and Chelsea","tube",3,0,0,0.6313424,16513000,8751173.0964073,7761826.9035927,1
"2",12120,NA,NA,"D","N","F",NA,NA,NA,"ST JOHNS WOOD",NA,NA,"NW8","D",360,10,13,6,211,94,"Very Poor","rental (social)",51.539595,-0.180995,84,42,2,"south hampstead","Thames Water",59600,"Westminster","light_rail",0,0,1,0.301379,6830000,4092576.28369228,2737423.71630772,1
"3",3856,NA,NA,"F","N","L",NA,NA,NA,NA,NA,NA,"NW1","C",75,3,3.2,3.2,254,254,"Very Poor","owner-occupied",51.539179,-0.150355,57,36,2,"camden town","Thames Water",54500,"Camden","tube",1,0,0,0.4933916,3270000,646244.97234042,2623755.02765958,1
"4",14030,NA,NA,"D","N","F",NA,NA,NA,NA,NA,NA,"TW10","C",467,12,12.9,11.8,157,142,"Average","owner-occupied",51.462061,-0.281695,62,20,3,"north sheen","Thames Water",60900,"Richmond upon Thames","rail",0,1,0,0.7357376,6090000,4005732.65033894,2084267.34966106,1
"5",7560,NA,NA,"F","N","L",NA,NA,NA,NA,NA,NA,"W1J","C",108,3,2.3,2.1,114,102,"Average","owner-occupied",51.509665,-0.143524,10,36,1,"green park","Thames Water",59000,"Westminster","tube",3,0,0,0.1590784,3392000,1426631.17947098,1965368.82052902,1
"6",9189,NA,NA,"T","N","F",NA,NA,NA,NA,NA,NA,"W2","E",232,8,12,6.2,282,150,"Poor","rental (private)",51.517985,-0.193762,80,27,2,"royal oak","Thames Water",56500,"Westminster","tube",2,0,0,0.3436342,4525000,2569433.4326819,1955566.5673181,1
"7",13834,NA,NA,"T","N","F",NA,NA,NA,NA,NA,NA,"W11","E",402,7,17.4,10.5,245,148,"Average","owner-occupied",51.509067,-0.207948,53,16,2,"holland park","Thames Water",61700,"Kensington and Chelsea","tube",1,0,0,0.1124734,8586000,6661223.5982298,1924776.4017702,1
"8",8070,NA,NA,"F","N","L",NA,NA,NA,NA,NA,NA,"W11","D",149,5,4.8,2.5,182,96,"Poor","owner-occupied",51.506283,-0.207034,69,21,2,"holland park","Thames Water",60100,"Kensington and Chelsea","tube",1,0,0,0.2957864,4007000,2312171.30607942,1694828.69392058,1
"9",2330,NA,NA,"T","N","F",NA,NA,NA,NA,NA,NA,"W2","D",241.26,9,8.8,8.5,211,202,"Very Poor","owner-occupied",51.517335,-0.192966,45,26,2,"royal oak","Thames Water",56500,"Westminster","tube",2,0,0,0.397696,4517000,2837207.82098334,1679792.17901666,1
"10",9173,NA,NA,"D","N","F",NA,NA,NA,NA,NA,NA,"SW19","E",254,8,14.2,6.4,316,142,"Very Poor","owner-occupied",51.422948,-0.221675,74,58,3,"wimbledon","Thames Water",67000,"Merton","tube",1,1,1,0.8767954,3791000,2225471.61586239,1565528.38413761,1
"11",7228,NA,NA,"S","N","F",NA,NA,NA,NA,NA,NA,"SW19","C",300,9,7.1,6.1,135,113,"Average","owner-occupied",51.425384,-0.219312,41,58,3,"wimbledon","Thames Water",67000,"Merton","tube",1,1,1,0.7040462,3598000,2226332.77707682,1371667.22292318,1
"12",7552,NA,NA,"D","N","F",NA,NA,NA,NA,NA,NA,"E11","F",169,7,13,6,421,199,"Average","owner-occupied",51.579786,0.029843,54,22,4,"wanstead","Thames Water",55000,"Redbridge","tube",1,0,0,0.3579264,2251000,900046.266838951,1350953.73316105,1
"13",4305,NA,NA,"D","N","F",NA,NA,NA,NA,NA,NA,"W2","E",261,9,11,6.7,246,144,"Very Poor","owner-occupied",51.519156,-0.190837,63,29,2,"royal oak","Thames Water",56500,"Westminster","tube",2,0,0,0.1454076,4368000,3056209.18654297,1311790.81345703,1
"14",1600,NA,NA,"F","N","L",NA,NA,NA,NA,NA,NA,"W1J","C",104,4,1.9,1.9,103,103,"Average","owner-occupied",51.508332,-0.14668,12,27,1,"green park","Thames Water",59000,"Westminster","tube",3,0,0,0.3125642,2744000,1485320.16723834,1258679.83276166,1
"15",4900,NA,NA,"T","N","F",NA,NA,NA,NA,NA,NA,"SW12","E",205.51,8,16,13,394,306,"Very Poor","owner-occupied",51.451255,-0.161553,85,21,3,"wandsworth common","Thames Water",77300,"Wandsworth","rail",0,1,0,0.347984,2647000,1573108.38826124,1073891.61173876,1
"16",2868,NA,NA,"D","N","F",NA,NA,NA,NA,NA,NA,"NW8","F",291,8,22,8.7,422,170,"Poor","owner-occupied",51.539463,-0.171339,11,50,2,"st. johns wood","Thames Water",60900,"Westminster","tube",1,0,0,0.438087,5008000,3986824.46633069,1021175.53366931,1
"17",10824,NA,NA,"D","N","F",NA,NA,NA,NA,NA,NA,"KT2","E",325,12,18,9.7,307,168,"Very Poor","owner-occupied",51.421397,-0.284731,58,28,5,"norbiton","Thames Water",59400,"Kingston upon Thames","rail",0,1,0,0.7935278,2571000,1768471.82799148,802528.172008521,1
"18",248,NA,NA,"T","N","F",NA,NA,NA,NA,NA,NA,"W14","C",247,5,6.3,5.5,144,127,"Average","owner-occupied",51.497667,-0.216996,78,9,2,"kensington (olympia)","Thames Water",58100,"Kensington and Chelsea","tube",1,1,1,0.3305848,3754000,2958252.07295737,795747.927042634,1
"19",14437,NA,NA,"D","N","F",NA,NA,NA,NA,NA,NA,"NW7","E",326,9,8.3,6.5,117,88,"Good","owner-occupied",51.632832,-0.242695,53,141,4,"mill hill broadway","Affinity Water",58000,"Barnet","rail",0,1,0,1.699529,2288000,1508215.72271275,779784.277287254,1
"20",7982,NA,NA,"T","N","F",NA,NA,NA,NA,NA,NA,"W8","E",187,8,9.5,4.1,264,112,"Very Poor","owner-occupied",51.504874,-0.194338,77,30,1,"high street kensington","Thames Water",70900,"Kensington and Chelsea","tube",2,0,0,0.360412,4940000,4169908.64419834,770091.355801663,1
"21",12993,NA,NA,"F","N","L",NA,NA,NA,NA,NA,NA,"SW11","E",134,5,8.1,3.7,295,134,"Very Poor","owner-occupied",51.476145,-0.157442,32,9,2,"battersea park","Thames Water",63200,"Wandsworth","rail",0,1,0,0.4542434,1923000,1153707.62939357,769292.370606435,1
"22",12731,NA,NA,"D","N","F",NA,NA,NA,NA,NA,NA,"DA14","D",205,8,9,4.2,249,115,"Good","owner-occupied",51.425362,0.115844,28,51,5,"sidcup","Thames Water",50500,"Bexley","rail",0,1,0,1.0371166,1619000,871123.720744313,747876.279255687,1
"23",13570,NA,NA,"F","N","L",NA,NA,NA,NA,NA,NA,"W1H","D",101,4,5,2.3,255,117,"Very Poor","rental (private)",51.518809,-0.161659,19,34,1,"marble arch","Thames Water",60700,"Westminster","tube",1,0,0,0.3113214,2263000,1526017.55897814,736982.441021862,1
"24",9271,NA,NA,"T","N","F",NA,NA,NA,NA,NA,NA,"SW6","E",147.51,7,10,7.9,384,300,"Average","rental (private)",51.475599,-0.209879,118,7,2,"parsons green","Thames Water",69400,"Hammersmith and Fulham","tube",1,0,0,0.6263712,2390000,1697884.30863629,692115.691363708,1
"25",9612,NA,NA,"D","N","F",NA,NA,NA,NA,NA,NA,"SW13","F",217,9,17,8.1,456,211,"Average","rental (private)",51.481182,-0.243677,28,6,3,"barnes bridge","Thames Water",65600,"Richmond upon Thames","rail",0,1,0,0.848211,2675000,1998033.57429889,676966.425701106,1
"26",9394,NA,NA,"F","N","L",NA,NA,NA,NA,NA,NA,"W11","C",122,3,3,1.6,139,73,"Average","owner-occupied",51.511714,-0.207585,10,27,2,"holland park","Thames Water",61700,"Kensington and Chelsea","tube",1,0,0,0.307593,2706000,2032875.93368115,673124.066318848,1
"27",1592,NA,NA,"S","N","F",NA,NA,NA,"BARNES",NA,NA,"SW13","D",178,9,6,3.1,190,98,"Average","owner-occupied",51.474609,-0.242504,34,8,3,"barnes bridge","Thames Water",65600,"Richmond upon Thames","rail",0,1,0,0.5337826,2208000,1565689.21629095,642310.783709046,1
"28",10705,NA,NA,"D","N","F",NA,NA,NA,NA,NA,NA,"BR7","D",389,11,16,8,217,106,"Very Poor","owner-occupied",51.409674,0.077862,92,104,5,"chislehurst","Thames Water",52400,"Bromley","rail",0,1,0,1.0669438,1485000,870037.663599813,614962.336400187,1
"29",15930,NA,NA,"D","N","F",NA,NA,NA,NA,NA,NA,"HA5","E",207,8,12,5.6,317,151,"Very Poor","owner-occupied",51.608503,-0.400564,36,101,6,"northwood hills","Affinity Water",56900,"Harrow","tube",1,0,0,0.6717334,1738000,1146591.29087399,591408.709126012,1
"30",6826,NA,NA,"D","N","F",NA,NA,NA,NA,NA,NA,"BR7","C",324.34,9,6.6,6.3,118,112,"Good","owner-occupied",51.396857,0.092131,55,80,6,"st mary cray","Thames Water",52400,"Bromley","rail",0,1,0,0.7761286,1202000,647565.9019565,554434.0980435,1
"31",1456,NA,NA,"S","N","F",NA,NA,NA,NA,NA,NA,"SE23","C",168,7,3.1,1.9,106,63,"Good","owner-occupied",51.432907,-0.043083,164,42,3,"sydenham","Thames Water",53000,"Lewisham","light_rail",0,1,1,0.879281,1285000,732509.926101643,552490.073898357,1
"32",4747,NA,NA,"T","N","F",NA,NA,NA,NA,NA,NA,"N1","E",137.61,5,9.8,8.4,392,332,"Very Poor","owner-occupied",51.543111,-0.097111,34,31,2,"essex road","Thames Water",53300,"Islington","rail",0,1,0,0.1416792,1775000,1247703.34721927,527296.652780734,1
"33",6877,NA,NA,"D","N","F",NA,NA,NA,NA,NA,NA,"CR8","E",345,10,18,6.6,299,107,"Average","owner-occupied",51.345404,-0.132077,28,103,6,"purley","SES Water",67500,"Croydon","rail",0,1,0,1.0396022,1584000,1068244.00898183,515755.991018167,1
"34",10701,NA,NA,"S","N","F",NA,NA,NA,NA,NA,NA,"NW3","D",216,7,8.3,4.6,219,121,"Very Poor","owner-occupied",51.550547,-0.165356,81,72,2,"belsize park","Thames Water",65400,"Camden","tube",1,0,0,0.0677326,2850000,2343758.46997189,506241.530028108,1
"35",6288,NA,NA,"F","N","L",NA,NA,NA,NA,NA,NA,"NW3","D",258,6,8.8,4.5,194,99,"Very Poor","owner-occupied",51.549158,-0.165095,30,69,2,"belsize park","Thames Water",55700,"Camden","tube",1,0,0,0.1603212,3121000,2622486.8401614,498513.159838599,1
"36",7675,NA,NA,"S","N","F",NA,NA,NA,NA,NA,NA,"E11","D",114,6,5.2,1.8,258,90,"Average","owner-occupied",51.58167,0.033737,95,16,4,"wanstead","Thames Water",67700,"Redbridge","tube",1,0,0,0.5897086,1172000,680800.337705386,491199.662294614,1
"37",9646,NA,NA,"D","N","F",NA,NA,NA,NA,NA,NA,"W6","D",294,5,11,6.3,212,122,"Average","owner-occupied",51.498799,-0.242539,60,9,2,"stamford brook","Thames Water",54400,"Hammersmith and Fulham","tube",1,0,0,0.4051528,3720000,3243977.82521145,476022.174788554,1
"38",7368,NA,NA,"F","N","L",NA,NA,NA,NA,NA,NA,"W1T","B",90.75,3,1.6,1.6,110,104,"Good","owner-occupied",51.518191,-0.135668,17,38,1,"tottenham court road","Thames Water",54000,"Camden","tube",2,0,0,0.2417246,1323000,847582.48003694,475417.51996306,1
"39",14438,NA,NA,"T","N","F",NA,NA,NA,NA,NA,NA,"SE24","D",128.8,5,8.2,8,233,225,"Average","owner-occupied",51.446914,-0.108582,75,42,3,"tulse hill","Thames Water",55900,"Lambeth","rail",0,1,0,0.6474988,1253000,781802.392842194,471197.607157806,1
"40",11022,NA,NA,"S","N","F",NA,NA,NA,NA,NA,NA,"N6","F",168.29,8,16,12,422,312,"Poor","owner-occupied",51.572963,-0.150355,54,130,3,"highgate","Thames Water",63600,"Camden","tube",1,0,0,0.4617002,2324000,1855930.28419276,468069.715807242,1
"41",1306,NA,NA,"D","N","F",NA,NA,NA,NA,NA,NA,"BR1","E",177,8,8.6,3.4,327,133,"Average","owner-occupied",51.401928,0.04949,11,76,5,"bickley","Thames Water",72000,"Bromley","rail",0,1,0,0.273416,1325000,861577.733755204,463422.266244796,1
"42",2876,NA,NA,"F","N","L",NA,NA,NA,"HIGHGATE",NA,NA,"N6","C",103,4,3.3,3.2,182,176,"Good","owner-occupied",51.577806,-0.14668,88,110,3,"highgate","Thames Water",71300,"Camden","tube",1,0,0,0.1112306,1279000,830217.209145834,448782.790854166,1
"43",13808,NA,NA,"T","N","F",NA,NA,NA,NA,NA,NA,"E17","D",79,4,4.3,1.2,308,83,"Average","owner-occupied",51.598029,-0.016804,123,18,4,"wood street","Thames Water",54500,"Waltham Forest","light_rail",0,0,1,1.2372074,872000,428440.199109664,443559.800890336,1
"44",6457,NA,NA,"D","N","F",NA,NA,NA,NA,NA,NA,"EN4","E",243,9,13,8.8,297,204,"Average","owner-occupied",51.667163,-0.175171,74,106,6,"hadley wood","Affinity Water",52800,"Barnet","rail",0,1,0,0.4057742,2e+06,1566730.6741363,433269.325863698,1
"45",10468,NA,NA,"S","N","F",NA,NA,NA,"BLACKHEATH",NA,NA,"SE3","D",187,6,6.4,3.8,196,114,"Average","owner-occupied",51.469803,0.022207,42,39,3,"kidbrooke","Thames Water",67800,"Greenwich","rail",0,1,0,0.6686264,1568000,1136681.22607636,431318.773923639,1
"46",15189,NA,NA,"D","N","F",NA,NA,NA,NA,NA,NA,"SE22","F",238,9,15,6.1,346,144,"Very Poor","owner-occupied",51.452405,-0.057192,196,49,3,"honor oak park","Thames Water",54200,"Southwark","light_rail",0,0,1,0.7823426,1867000,1441303.738219,425696.261781002,1
"47",11217,NA,NA,"D","N","F",NA,NA,NA,NA,NA,NA,"TW10","D",105,5,5,2.3,262,115,"Average","owner-occupied",51.442066,-0.304216,10,9,4,"st margarets","Thames Water",66600,"Richmond upon Thames","rail",0,1,0,1.6448458,1253000,827798.174174704,425201.825825296,1
"48",957,NA,NA,"T","N","F",NA,NA,NA,NA,NA,NA,"E17","D",86,6,3.2,1,196,59,"Average","owner-occupied",51.582577,-0.008673,137,33,4,"wood street","Thames Water",53700,"Waltham Forest","light_rail",0,0,1,0.5816304,851000,438244.275545628,412755.724454372,1
"49",589,NA,NA,"D","N","F",NA,NA,NA,NA,NA,NA,"CR0","F",266,11,17,10,359,216,"Poor","owner-occupied",51.372611,-0.07623,26,86,3,"sandilands","Thames Water",58200,"Croydon","light_rail",0,0,1,0.462943,1351000,939037.071194055,411962.928805945,1
"50",8594,NA,NA,"F","N","L",NA,NA,NA,NA,NA,NA,"SW17","D",80,3,3.6,1.6,281,124,"Poor","owner-occupied",51.435816,-0.150764,128,30,3,"tooting bec","Thames Water",61600,"Wandsworth","tube",1,0,0,0.5275686,969000,561534.789670247,407465.210329753,1
"51",6434,NA,NA,"F","N","L",NA,NA,NA,"MARYLEBONE",NA,NA,"NW1","C",100.97,4,3.4,2.7,203,161,"Very Poor","owner-occupied",51.52428,-0.161367,70,35,1,"marylebone","Thames Water",60700,"Camden","tube",2,1,0,0.170885,1637000,1232070.74727806,404929.252721938,1
"52",9812,NA,NA,"T","N","F",NA,NA,NA,NA,NA,NA,"W7","D",105,6,4.9,1.9,265,98,"Average","owner-occupied",51.510906,-0.339677,88,25,4,"hanwell","Thames Water",54100,"Ealing","rail",0,1,0,0.2746588,972000,570565.270918043,401434.729081957,1
"53",14414,NA,NA,"T","N","F",NA,NA,NA,NA,NA,NA,"E9","D",110,6,4.4,1.9,206,87,"Average","rental (private)",51.544132,-0.054092,118,19,2,"london fields","Thames Water",43000,"Hackney","light_rail",0,0,1,0.3709758,1193000,793363.14813998,399636.85186002,1
"54",182,NA,NA,"T","N","F",NA,NA,NA,NA,NA,NA,"KT2","F",86,4,7.8,2.1,510,137,"Average","owner-occupied",51.417401,-0.293782,156,11,6,"kingston","Thames Water",68000,"Kingston upon Thames","rail",0,1,0,0.5014698,1061000,661620.17699931,399379.82300069,1
"55",15295,NA,NA,"D","N","F",NA,NA,NA,NA,NA,NA,"BR1","C",177,8,4.3,2.8,139,88,"Good","owner-occupied",51.407592,0.03512,29,70,5,"bickley","Thames Water",62900,"Bromley","rail",0,1,0,0.7574866,1202000,815224.347670387,386775.652329613,1
"56",10020,NA,NA,"D","N","F",NA,NA,NA,NA,NA,NA,"RM2","E",125,7,7.2,3.1,329,140,"Average","owner-occupied",51.591785,0.194251,82,35,6,"gidea park","Essex & Suffolk Water",52600,"Havering","rail",0,1,0,1.0141248,913000,529801.970498721,383198.029501279,1
"57",2765,NA,NA,"T","N","F",NA,NA,NA,NA,NA,NA,"N6","E",276,9,19,8.6,336,142,"Very Poor","owner-occupied",51.576915,-0.146053,125,112,3,"highgate","Thames Water",71300,"Camden","tube",1,0,0,0.1994694,2940000,2559344.91151278,380655.088487217,1
"58",2061,NA,NA,"T","N","F",NA,NA,NA,NA,NA,NA,"SW19","D",118,6,6,5.8,220,211,"Very Poor","owner-occupied",51.417176,-0.201146,91,19,3,"merton park","Thames Water",75100,"Merton","light_rail",0,0,1,0.267202,1279000,908806.875003318,370193.124996682,1
"59",14521,NA,NA,"T","N","F",NA,NA,NA,NA,NA,NA,"N16","C",145,8,4.4,2.3,174,87,"Good","owner-occupied",51.557523,-0.079834,60,26,2,"rectory road","Thames Water",57000,"Hackney","light_rail",0,0,1,0.618293,1537000,1170387.82364141,366612.176358589,1
"60",13335,NA,NA,"F","N","L",NA,NA,NA,NA,NA,NA,"TW8","C",107.6,3,2.5,2.2,120,105,"Average","rental (private)",51.484228,-0.300896,57,6,4,"brentford","Thames Water",50200,"Hounslow","rail",0,1,0,0.6673836,838000,475079.961360998,362920.038639002,1
"61",4967,NA,NA,"T","N","F",NA,NA,NA,NA,NA,NA,"NW6","C",163,7,4.7,2.8,162,97,"Good","owner-occupied",51.543684,-0.177977,66,46,2,"south hampstead","Thames Water",60900,"Brent","light_rail",0,0,1,0.1621854,1932000,1571036.88507954,360963.114920456,1
"62",13773,NA,NA,"T","N","F",NA,NA,NA,NA,NA,NA,"N8","D",211,9,9.5,6.3,254,167,"Very Poor","owner-occupied",51.580987,-0.119979,59,47,3,"hornsey","Thames Water",65500,"Haringey","rail",0,1,0,0.7320092,1965000,1612613.47517733,352386.524822665,1
"63",11832,NA,NA,"T","N","F",NA,NA,NA,NA,NA,NA,"SW19","C",79.76,6,3.8,3.8,177,177,"Poor","rental (private)",51.438506,-0.196428,103,13,3,"wimbledon park","Thames Water",75000,"Merton","tube",1,0,0,0.3305848,1121000,769050.435142392,351949.564857608,1
"64",5629,NA,NA,"D","N","F",NA,NA,NA,NA,NA,NA,"SE24","D",159.46,10,7.1,6.9,193,189,"Good","rental (private)",51.456329,-0.089697,86,33,2,"north dulwich","Thames Water",53800,"Lambeth","rail",0,1,0,0.1249014,1559000,1207722.93723466,351277.062765345,1
"65",7009,NA,NA,"T","N","F",NA,NA,NA,NA,NA,NA,"SW17","F",58,4,5,1.4,461,137,"Average","rental (private)",51.426389,-0.155143,177,35,3,"tooting","Thames Water",59800,"Wandsworth","rail",0,1,0,0.537511,867000,516618.236066628,350381.763933372,1
"66",5862,NA,NA,"S","N","F",NA,NA,NA,NA,NA,NA,"SW13","D",180,4,5.5,3,174,93,"Good","owner-occupied",51.476501,-0.232515,12,6,3,"barnes","Thames Water",65600,"Richmond upon Thames","rail",0,1,0,0.9457708,1937000,1592759.17476205,344240.825237954,1
"67",12273,NA,NA,"S","N","F",NA,NA,NA,NA,NA,NA,"SE9","D",113,6,3.9,1.5,196,73,"Average","owner-occupied",51.453654,0.084191,73,53,4,"falconwood","Thames Water",52800,"Greenwich","rail",0,1,0,0.7668076,825000,481494.363543299,343505.636456701,1
"68",15154,NA,NA,"T","N","F",NA,NA,NA,NA,NA,NA,"E17","E",108.46,4,7,4.7,387,259,"Average","owner-occupied",51.58574,-0.014757,72,37,3,"walthamstow central","Thames Water",50500,"Waltham Forest","tube",1,0,1,0.3392844,938000,594514.264946648,343485.735053352,1
"69",9202,NA,NA,"S","N","F",NA,NA,NA,"CHINGFORD",NA,NA,"E4","D",143,7,6.2,3.3,226,116,"Average","owner-occupied",51.630414,0.009504,99,50,5,"chingford","Thames Water",55200,"Waltham Forest","light_rail",0,0,1,0.4150952,955000,612459.716592888,342540.283407112,1
"70",1247,NA,NA,"S","N","F",NA,NA,NA,NA,NA,NA,"SE21","D",82,4,3.4,1.3,276,116,"Poor","owner-occupied",51.45005,-0.086822,62,30,2,"north dulwich","Thames Water",76600,"Southwark","rail",0,1,0,0.4617002,1131000,789923.977759596,341076.022240404,1
"71",3052,NA,NA,"D","N","F",NA,NA,NA,NA,NA,NA,"KT5","E",224,8,13,4.4,323,111,"Good","owner-occupied",51.397102,-0.285568,119,31,5,"berrylands","Thames Water",64600,"Kingston upon Thames","rail",0,1,0,0.379054,1646000,1306592.81299804,339407.187001964,1
"72",7465,NA,NA,"S","N","F",NA,NA,NA,NA,NA,NA,"N3","F",198,9,16,16,453,313,"Very Poor","owner-occupied",51.597441,-0.20245,39,77,4,"finchley central","Affinity Water",58600,"Barnet","tube",1,0,0,0.6158074,1581000,1245532.46751647,335467.532483527,1
"73",15432,NA,NA,"T","N","F",NA,NA,NA,"FOREST GATE",NA,NA,"E7","D",147,7,4.9,2,192,79,"Good","owner-occupied",51.551043,0.035717,52,12,3,"woodgrange park","Thames Water",45400,"Newham","light_rail",0,0,1,1.0147462,988000,654242.756091377,333757.243908623,1
"74",13390,NA,NA,"T","N","F",NA,NA,NA,NA,NA,NA,"KT6","D",75,4,3.7,1.2,257,77,"Average","rental (private)",51.396234,-0.310008,112,12,6,"surbiton","Thames Water",59900,"Kingston upon Thames","rail",0,1,0,0.3535766,790000,457474.205141862,332525.794858138,1
"75",12289,NA,NA,"T","N","F",NA,NA,NA,NA,NA,NA,"SW18","E",112.6,6,7.8,6.9,312,275,"Average","owner-occupied",51.446559,-0.188005,106,11,3,"earlsfield","Thames Water",71900,"Wandsworth","rail",0,1,0,0.391482,1242000,909819.506346616,332180.493653384,1
"76",1346,NA,NA,"F","N","L",NA,NA,NA,NA,NA,NA,"SE18","C",51,3,2.1,2,108,101,"Good","rental (private)",51.495871,0.073265,85,6,4,"woolwich arsenal","Thames Water",52000,"Greenwich","light_rail",0,1,1,0.7077746,572000,241339.092993555,330660.907006445,1
"77",4757,NA,NA,"T","N","F",NA,NA,NA,NA,NA,NA,"SE22","F",85,4,6.5,2.1,436,141,"Average","owner-occupied",51.45953,-0.074261,137,23,2,"east dulwich","Thames Water",67000,"Southwark","rail",0,1,0,0.4822064,1083000,753270.520580948,329729.479419052,1
"78",14337,NA,NA,"T","N","F",NA,NA,NA,NA,NA,NA,"W10","E",82,3,5.3,1.8,331,111,"Very Poor","owner-occupied",51.531433,-0.214596,103,38,2,"kensal rise","Thames Water",44500,"Kensington and Chelsea","light_rail",0,0,1,0.556153,1027000,703787.738312314,323212.261687686,1
"79",11761,NA,NA,"F","N","L",NA,NA,NA,NA,NA,NA,"TW8","D",136,3,7.4,2.8,320,116,"Average","owner-occupied",51.488439,-0.294862,92,11,3,"kew bridge","Thames Water",50200,"Hounslow","rail",0,1,0,0.4871776,1087000,766293.463484445,320706.536515555,1
"80",12131,NA,NA,"T","N","F",NA,NA,NA,NA,NA,NA,"SW11","C",146,6,5.6,5.4,167,159,"Average","owner-occupied",51.458792,-0.167861,117,17,2,"clapham junction","Thames Water",74000,"Wandsworth","light_rail",0,1,1,0.5791448,1721000,1401999.15625512,319000.843744884,1
"81",5692,NA,NA,"T","N","F",NA,NA,NA,NA,NA,NA,"N4","C",135,5,4,2,166,81,"Average","owner-occupied",51.582036,-0.103554,112,35,3,"harringay","Thames Water",50000,"Hackney","rail",0,1,0,0.3827824,1062000,743439.266506597,318560.733493403,1
"82",2110,NA,NA,"T","N","F",NA,NA,NA,NA,NA,NA,"N8","C",154,7,5,2.8,182,100,"Good","owner-occupied",51.588809,-0.125882,83,38,3,"hornsey","Thames Water",63900,"Haringey","rail",0,1,0,0.7916636,1423000,1106640.73127602,316359.268723985,1
"83",4872,NA,NA,"F","N","L",NA,NA,NA,NA,NA,NA,"SW15","C",62,3,2.1,1.5,196,134,"Poor","owner-occupied",51.468713,-0.226015,107,11,2,"putney","Thames Water",71500,"Kingston upon Thames","rail",0,1,0,0.7966348,817000,502977.570836808,314022.429163192,1
"84",13166,NA,NA,"D","N","F",NA,NA,NA,NA,NA,NA,"HA8","F",192,7,15,5.2,439,154,"Poor","owner-occupied",51.627365,-0.294952,20,87,5,"stanmore","Affinity Water",56300,"Barnet","tube",1,0,0,0.9302358,1468000,1156091.37195701,311908.628042987,1
"85",5557,NA,NA,"F","N","L",NA,NA,NA,NA,NA,NA,"SW2","E",90.13,5,6,5.2,398,345,"Very Poor","owner-occupied",51.442271,-0.133092,32,40,3,"streatham hill","Thames Water",54400,"Lambeth","rail",0,1,0,0.3411486,811000,500866.977346162,310133.022653838,1
"86",14280,NA,NA,"D","N","F",NA,NA,NA,NA,NA,NA,"SE25","D",105,5,4.1,1.4,241,87,"Average","owner-occupied",51.40816,-0.083394,26,90,4,"norwood junction","Thames Water",51400,"Croydon","light_rail",0,1,1,1.14959,784000,475459.011690882,308540.988309118,1
"87",1443,NA,NA,"F","N","L",NA,NA,NA,NA,NA,NA,"SW4","C",92,4,2.7,2,167,121,"Good","owner-occupied",51.456558,-0.140872,46,27,2,"clapham south","Thames Water",71500,"Lambeth","tube",1,0,0,0.462943,1054000,751109.359298504,302890.640701496,1
"88",5353,NA,NA,"T","N","F",NA,NA,NA,NA,NA,NA,"N5","D",121,5,4.7,1.7,221,80,"Poor","owner-occupied",51.549674,-0.100763,82,40,2,"highbury and islington","Thames Water",65600,"Islington","tube",1,1,1,0.273416,1496000,1198562.32450203,297437.67549797,1
"89",15851,NA,NA,"T","N","F",NA,NA,NA,NA,NA,NA,"N13","D",102,6,4,1.6,222,89,"Average","owner-occupied",51.622398,-0.085518,123,23,4,"silver street","Thames Water",46200,"Enfield","light_rail",0,0,1,1.0837216,765000,474917.67621681,290082.32378319,1
"90",5691,NA,NA,"F","N","F",NA,NA,NA,NA,NA,NA,"SW1X","D",136,6,5.6,4,231,166,"Poor","owner-occupied",51.495424,-0.156795,4,14,1,"sloane square","Thames Water",72600,"Kensington and Chelsea","tube",2,0,0,0.1634282,3383000,3094660.32184783,288339.678152169,1
"91",10893,NA,NA,"S","N","F",NA,NA,NA,NA,NA,NA,"KT1","E",100,5,5.4,2.6,295,139,"Average","owner-occupied",51.410421,-0.277664,105,17,5,"norbiton","Thames Water",55300,"Kingston upon Thames","rail",0,1,0,0.4014244,799000,517565.481012267,281434.518987733,1
"92",7828,NA,NA,"D","N","F",NA,NA,NA,NA,NA,NA,"CR0","C",236,8,6.9,4.7,166,113,"Good","owner-occupied",51.369768,-0.089308,126,84,5,"south croydon","Thames Water",58200,"Croydon","rail",0,1,0,0.5822518,1289000,1008132.92470601,280867.075293992,1
"93",3348,NA,NA,"D","N","F",NA,NA,NA,NA,NA,NA,"SM6","D",164,7,6.4,3.6,210,118,"Very Good","owner-occupied",51.346593,-0.144076,113,99,5,"wallington","SES Water",59500,"Sutton","rail",0,1,0,1.2173226,1065000,784286.795092979,280713.204907021,1
"94",2369,NA,NA,"S","N","F",NA,NA,NA,NA,NA,NA,"SW4","D",268,7,8.5,5.4,179,113,"Average","owner-occupied",51.465211,-0.146135,150,21,2,"clapham common","Thames Water",66000,"Lambeth","tube",1,0,0,0.5008484,2492000,2213768.71836271,278231.281637294,1
"95",3071,NA,NA,"D","N","F",NA,NA,NA,NA,NA,NA,"SW18","E",169,9,8.3,4,279,132,"Poor","owner-occupied",51.449499,-0.21139,98,30,3,"southfields","Thames Water",71300,"Wandsworth","tube",1,0,0,0.3958318,1668000,1391923.77495158,276076.225048423,1
"96",6842,NA,NA,"F","N","L",NA,NA,NA,NA,NA,NA,"SE10","C",94,3,2.3,2.2,138,135,"Good","rental (private)",51.486821,-0.000604,94,7,3,"maze hill","Thames Water",58500,"Greenwich","rail",0,1,0,0.298272,746000,472710.474740775,273289.525259225,1
"97",1602,NA,NA,"D","N","F",NA,NA,NA,NA,NA,NA,"BR2","E",135,5,6.8,4.3,289,180,"Average","owner-occupied",51.375168,0.04157,27,76,5,"hayes","Thames Water",67300,"Bromley","rail",0,1,0,1.8977556,893000,621888.764903176,271111.235096824,1
"98",1812,NA,NA,"D","N","F",NA,NA,NA,NA,NA,NA,"BR2","D",169,6,8.1,4.9,274,162,"Average","owner-occupied",51.394193,0.009571,46,61,5,"bromley south","Thames Water",63100,"Bromley","rail",0,1,0,0.6735976,1105000,834417.623462852,270582.376537148,1
"99",6075,NA,NA,"S","N","F",NA,NA,NA,"WEST DULWICH",NA,NA,"SE21","E",41,2,3.4,2.5,471,342,"Average","owner-occupied",51.434585,-0.094661,108,49,3,"west norwood","Thames Water",58200,"Southwark","rail",0,1,0,0.6996964,727000,458729.141906812,268270.858093188,1
"100",3551,NA,NA,"F","N","L",NA,NA,NA,NA,NA,NA,"NW1","C",100,3,2.6,2.2,150,125,"Average","owner-occupied",51.539067,-0.148399,67,36,2,"camden town","Thames Water",54500,"Camden","tube",1,0,0,0.4312516,1064000,795902.386184656,268097.613815344,1
"101",15694,NA,NA,"S","N","F",NA,NA,NA,NA,NA,NA,"W4","E",146,6,7.1,2.8,276,106,"Very Poor","owner-occupied",51.486956,-0.273414,77,10,3,"gunnersbury","Thames Water",60500,"Hounslow","tube",1,0,1,0.5120336,1418000,1152792.28120306,265207.718796936,1
"102",5184,NA,NA,"F","N","L",NA,NA,NA,NA,NA,NA,"NW10","C",72,4,2,1.7,159,135,"Good","owner-occupied",51.534385,-0.231379,142,51,2,"kensal green","Thames Water",52500,"Brent","tube",2,0,1,0.5070624,786000,521999.668186415,264000.331813585,1
"103",10700,NA,NA,"T","N","F",NA,NA,NA,NA,NA,NA,"TW10","D",66,4,3.4,1.2,292,104,"Average","owner-occupied",51.461373,-0.294302,79,23,4,"richmond","Thames Water",60900,"Richmond upon Thames","tube",1,1,1,0.5306756,854000,590841.266136651,263158.733863349,1
"104",8593,NA,NA,"T","N","F",NA,NA,NA,NA,NA,NA,"N15","D",82,5,3.2,1,221,70,"Average","owner-occupied",51.580317,-0.067096,106,16,3,"south tottenham","Thames Water",45800,"Haringey","light_rail",0,0,1,0.3778112,718000,457453.202824224,260546.797175776,1
"105",9141,NA,NA,"T","N","F",NA,NA,NA,NA,NA,NA,"E11","D",90,5,4.3,1,269,61,"Average","owner-occupied",51.58529,0.029843,127,21,4,"snaresbrook","Thames Water",55000,"Redbridge","tube",1,0,0,0.71461,724000,464857.169636098,259142.830363902,1
"106",14482,NA,NA,"D","N","F",NA,NA,NA,NA,NA,NA,"N14","D",122,6,5.3,2.2,246,100,"Good","owner-occupied",51.629386,-0.124568,107,69,4,"southgate","Thames Water",47600,"Enfield","tube",1,0,0,0.4144738,850000,592964.677735121,257035.322264879,1
"107",6740,NA,NA,"T","N","F",NA,NA,NA,NA,NA,NA,"N11","C",139,6,4.3,3,175,122,"Average","owner-occupied",51.609366,-0.130408,39,55,3,"bounds green","Thames Water",51000,"Barnet","tube",1,0,0,0.3933462,994000,737982.096015024,256017.903984976,1
"108",4544,NA,NA,"T","N","F",NA,NA,NA,NA,NA,NA,"E11","E",104,5,4.6,1.4,281,96,"Good","owner-occupied",51.571185,-0.003442,47,21,3,"leyton midland road","Thames Water",50300,"Redbridge","light_rail",0,0,1,0.3268564,838000,585377.336732915,252622.663267085,1
"109",13830,NA,NA,"F","N","L",NA,NA,NA,NA,NA,NA,"SW9","E",64,3,3.7,1.4,328,126,"Very Poor","owner-occupied",51.475767,-0.114459,81,10,2,"stockwell","Thames Water",51100,"Lambeth","tube",2,0,0,0.6189144,653000,403811.72742238,249188.27257762,1
"110",9588,NA,NA,"D","N","F",NA,NA,NA,NA,NA,NA,"BR1","D",204,7,8.3,4.4,231,122,"Average","owner-occupied",51.407224,0.049497,29,89,5,"chislehurst","Thames Water",72000,"Bromley","rail",0,1,0,0.866853,1256000,1009864.6419415,246135.358058496,1
"111",14608,NA,NA,"F","N","L",NA,NA,NA,NA,NA,NA,"SE3","E",133.13,5,7.2,6.6,282,257,"Very Poor","owner-occupied",51.468676,0.018169,132,37,3,"blackheath","Thames Water",67800,"Greenwich","rail",0,1,0,0.736359,935000,694111.461416378,240888.538583622,1
"112",15366,NA,NA,"T","N","F",NA,NA,NA,NA,NA,NA,"E17","C",117,6,3.4,1.8,165,86,"Average","owner-occupied",51.590429,-0.00241,136,30,4,"wood street","Thames Water",42100,"Waltham Forest","light_rail",0,0,1,0.3249922,704000,464470.93122969,239529.06877031,1
"113",6259,NA,NA,"T","N","F",NA,NA,NA,NA,NA,NA,"W13","D",133,5,4.5,2.3,193,98,"Good","owner-occupied",51.507596,-0.323802,190,29,3,"west ealing","Thames Water",54900,"Ealing","rail",0,1,0,0.6822972,1052000,816504.847669081,235495.152330919,1
"114",15372,NA,NA,"S","N","F",NA,NA,NA,"FOREST HILL",NA,NA,"SE23","C",168,7,5,3.1,169,104,"Good","owner-occupied",51.441597,-0.045949,130,36,3,"forest hill","Thames Water",58000,"Lewisham","light_rail",0,1,1,0.6226428,1063000,827808.364974893,235191.635025107,1
"115",10188,NA,NA,"T","N","F",NA,NA,NA,NA,NA,NA,"N14","D",72.4,4,3.2,3.2,263,263,"Average","owner-occupied",51.637296,-0.13284,48,73,4,"southgate","Thames Water",47600,"Enfield","tube",1,0,0,0.4281446,639000,406885.089762141,232114.910237859,1
"116",6902,NA,NA,"T","N","F",NA,NA,NA,NA,NA,NA,"N8","C",124.5,5,4.1,3.9,198,189,"Good","owner-occupied",51.587793,-0.13116,52,43,3,"hornsey","Thames Water",63900,"Haringey","rail",0,1,0,0.938314,1121000,889945.454312739,231054.545687261,1
"117",1165,NA,NA,"T","N","F",NA,NA,NA,NA,NA,NA,"SW6","C",186,9,4.3,2.4,132,73,"Good","owner-occupied",51.480015,-0.205775,96,8,2,"parsons green","Thames Water",57600,"Hammersmith and Fulham","tube",1,0,0,0.5505604,1951000,1721614.20855577,229385.791444232,1
"118",10762,NA,NA,"T","N","F",NA,NA,NA,NA,NA,NA,"N2","D",164,6,6,2.9,207,100,"Good","owner-occupied",51.588261,-0.162509,84,87,3,"east finchley","Affinity Water",58600,"Barnet","tube",1,0,0,0.1901484,1436000,1207103.67607153,228896.323928474,1
"119",10257,NA,NA,"T","N","F",NA,NA,NA,NA,NA,NA,"E17","D",97,5,4.5,2,263,113,"Good","owner-occupied",51.57726,-0.031939,104,13,3,"st james street","Thames Water",48100,"Waltham Forest","light_rail",0,0,1,0.4424368,753000,524775.439515235,228224.560484765,1
"120",7496,NA,NA,"T","N","F",NA,NA,NA,NA,NA,NA,"SE15","D",122.06,5,6.1,4.8,258,205,"Average","owner-occupied",51.457985,-0.049352,131,38,3,"honor oak park","Thames Water",54200,"Southwark","light_rail",0,0,1,0.8519394,882000,653938.835625105,228061.164374895,1
"121",11973,NA,NA,"T","N","F",NA,NA,NA,NA,NA,NA,"SW18","C",127,4,3.7,2.1,167,92,"Good","owner-occupied",51.441394,-0.195922,103,12,3,"earlsfield","Thames Water",75000,"Wandsworth","rail",0,1,0,0.5101694,1204000,976250.933400952,227749.066599048,1
"122",891,NA,NA,"T","N","F",NA,NA,NA,NA,NA,NA,"SW19","D",113,4,3.9,1.9,195,96,"Poor","rental (private)",51.428214,-0.194959,65,20,3,"haydons road","Thames Water",77000,"Merton","rail",0,1,0,0.3318276,1101000,874514.590371078,226485.409628922,1
"123",3233,NA,NA,"F","N","L",NA,NA,NA,NA,NA,NA,"N5","C",54,3,1.9,1.5,188,143,"Average","owner-occupied",51.5502,-0.094508,20,35,2,"canonbury","Thames Water",49000,"Islington","light_rail",0,0,1,0.2429674,604000,378067.236694833,225932.763305167,1
"124",1085,NA,NA,"T","N","F",NA,NA,NA,NA,NA,NA,"SE15","D",123,6,4.7,2.8,215,125,"Average","owner-occupied",51.469968,-0.0545,125,15,2,"nunhead","Thames Water",45200,"Southwark","rail",0,1,0,0.27963,1047000,823130.150855144,223869.849144856,1
"125",10677,NA,NA,"F","N","L",NA,NA,NA,NA,NA,NA,"NW10","D",57,3,3.1,1.3,284,118,"Good","rental (private)",51.532311,-0.22265,158,44,2,"kensal green","Thames Water",53700,"Brent","tube",2,0,1,0.1746134,647000,423979.67034147,223020.32965853,1
"126",8052,NA,NA,"F","N","L",NA,NA,NA,NA,NA,NA,"NW3","C",57.31,2,2.4,2.4,257,257,"Average","rental (private)",51.542609,-0.158032,71,46,2,"chalk farm","Thames Water",54500,"Camden","tube",1,0,0,0.3660046,727000,506060.537657668,220939.462342332,1
"127",7004,NA,NA,"T","N","F",NA,NA,NA,NA,NA,NA,"SW20","D",114,5,4.6,1.9,228,91,"Average","owner-occupied",51.417836,-0.22439,26,52,4,"raynes park","Thames Water",75500,"Merton","rail",0,1,0,1.0669438,971000,750556.374424629,220443.625575371,1
"128",5598,NA,NA,"F","N","L",NA,NA,NA,"BLACKHEATH",NA,NA,"SE3","E",70,3,4.6,2.7,356,216,"Very Poor","rental (private)",51.464734,0.003699,64,36,3,"blackheath","Thames Water",58800,"Greenwich","rail",0,1,0,0.2957864,648000,427594.258464445,220405.741535555,1
"129",7858,NA,NA,"D","N","F",NA,NA,NA,NA,NA,NA,"CR0","E",146.9,7,5.5,5.3,167,158,"Average","owner-occupied",51.379107,-0.051357,63,65,3,"woodside","Thames Water",56200,"Croydon","light_rail",0,0,1,1.2527424,918000,697661.658505908,220338.341494092,1
"130",6825,NA,NA,"F","N","F",NA,NA,NA,NA,NA,NA,"EN5","E",141,6,7.8,2.4,316,94,"Very Poor","owner-occupied",51.651068,-0.201689,83,113,5,"high barnet","Affinity Water",60200,"Barnet","tube",1,0,0,0.4542434,983000,762677.877205217,220322.122794783,1
"131",7987,NA,NA,"S","N","F",NA,NA,NA,NA,NA,NA,"KT1","D",123,6,4,2.1,185,94,"Good","owner-occupied",51.406994,-0.306621,34,11,6,"kingston","Thames Water",63900,"Kingston upon Thames","rail",0,1,0,0.6543342,915000,695491.003669151,219508.996330849,1
"132",5295,NA,NA,"T","N","F",NA,NA,NA,NA,NA,NA,"IG1","D",65,3,2.8,1.7,247,151,"Average","rental (private)",51.56769,0.056763,221,13,4,"ilford","Thames Water",50200,"Redbridge","rail",0,1,0,0.9619272,576000,356818.539424452,219181.460575548,1
"133",4368,NA,NA,"S","N","F",NA,NA,NA,NA,NA,NA,"RM3","D",110,6,5.4,2.9,275,147,"Average","owner-occupied",51.58921,0.231574,52,39,6,"harold wood","Essex & Suffolk Water",49400,"Havering","rail",0,1,0,0.5114122,661000,441903.204895558,219096.795104442,1
"134",4653,NA,NA,"T","N","F",NA,NA,NA,NA,NA,NA,"DA15","C",97,5,2.9,1.4,168,78,"Good","owner-occupied",51.447851,0.105974,169,37,5,"sidcup","Thames Water",51000,"Bexley","rail",0,1,0,1.1328122,613000,395557.701469365,217442.298530635,1
"135",11213,NA,NA,"T","N","F",NA,NA,NA,NA,NA,NA,"KT4","D",77.884,4,4.3,4.1,329,316,"Good","owner-occupied",51.371728,-0.242696,126,36,5,"stoneleigh","SES Water",61700,"Sutton","rail",0,1,0,0.7257952,626000,408736.347450352,217263.652549648,1
"136",1425,NA,NA,"F","N","L",NA,NA,NA,NA,NA,NA,"SE15","D",71,3,2.5,1.7,235,154,"Good","owner-occupied",51.464105,-0.07797,109,20,2,"east dulwich","Thames Water",56300,"Southwark","rail",0,1,0,0.4032886,696000,480561.124012841,215438.875987159,1
"137",13236,NA,NA,"F","N","L",NA,NA,NA,NA,NA,NA,"N4","D",59,3,2.6,1.5,248,142,"Average","owner-occupied",51.580731,-0.10293,130,36,3,"harringay","Thames Water",55500,"Hackney","rail",0,1,0,0.2870868,612000,398496.601444618,213503.398555382,1
"138",15733,NA,NA,"F","N","F",NA,NA,NA,"CHISWICK",NA,NA,"W4","D",147,5,4.1,2.3,172,97,"Average","rental (private)",51.491794,-0.258207,43,8,2,"turnham green","Thames Water",60700,"Hounslow","tube",2,0,0,0.4269018,1540000,1326582.55168885,213417.448311145,1
"139",7716,NA,NA,"F","N","L",NA,NA,NA,NA,NA,NA,"W4","D",77,4,3,2.5,215,176,"Average","owner-occupied",51.498087,-0.272005,26,12,3,"south acton","Thames Water",63300,"Hounslow","light_rail",0,0,1,0.2367534,701000,488017.782286027,212982.217713973,1
"140",9341,NA,NA,"F","N","L",NA,NA,NA,NA,NA,NA,"NW3","C",83.42,3,5.9,3.9,471,312,"Average","owner-occupied",51.548048,-0.177965,39,68,2,"finchley road","Thames Water",65500,"Camden","tube",2,0,0,0.198848,1090000,877337.98674728,212662.01325272,1
"141",3374,NA,NA,"F","N","L",NA,NA,NA,NA,NA,NA,"SE5","C",64,3,2.1,1.5,190,133,"Good","rental (private)",51.471184,-0.079199,118,21,2,"peckham rye","Thames Water",56300,"Southwark","light_rail",0,1,1,0.487799,630000,417839.313667963,212160.686332037,1
"142",12942,NA,NA,"S","N","F",NA,NA,NA,NA,NA,NA,"KT5","D",96.35,6,6,5.5,212,197,"Average","owner-occupied",51.395076,-0.281719,67,24,5,"berrylands","Thames Water",64600,"Kingston upon Thames","rail",0,1,0,0.4045314,822000,610219.997061958,211780.002938042,1
"143",7365,NA,NA,"F","N","L",NA,NA,NA,NA,NA,NA,"N3","D",65,3,3.6,1.4,287,116,"Good","rental (private)",51.598314,-0.201091,25,80,4,"finchley central","Affinity Water",58600,"Barnet","tube",1,0,0,0.4449224,581000,370604.696210592,210395.303789408,1
"144",12463,NA,NA,"S","N","F",NA,NA,NA,NA,NA,NA,"CR0","D",110,6,3.6,1.3,206,73,"Average","owner-occupied",51.374185,-0.032384,62,76,5,"west wickham","Thames Water",52300,"Croydon","rail",0,1,0,1.127841,646000,436231.93083795,209768.06916205,1
"145",14323,NA,NA,"F","N","L",NA,NA,NA,NA,NA,NA,"N5","C",68,4,2.1,1.7,173,146,"Very Poor","owner-occupied",51.553355,-0.093196,29,36,2,"canonbury","Thames Water",55500,"Islington","light_rail",0,0,1,0.4436796,741000,531782.500286134,209217.499713866,1
"146",1021,NA,NA,"F","N","L",NA,NA,NA,NA,NA,NA,"W8","D",97,4,4.2,2,246,116,"Average","owner-occupied",51.505543,-0.191617,53,31,1,"high street kensington","Thames Water",70900,"Kensington and Chelsea","tube",2,0,0,0.3566836,1795000,1586037.63203017,208962.367969825,1
"147",3891,NA,NA,"S","N","F",NA,NA,NA,NA,NA,NA,"HA8","D",107,6,4.5,2.5,237,129,"Average","owner-occupied",51.603576,-0.286163,70,65,5,"canons park","Affinity Water",51100,"Barnet","tube",1,0,0,0.8680958,763000,554476.253848945,208523.746151055,1
"148",13276,NA,NA,"S","N","F",NA,NA,NA,NA,NA,NA,"RM14","G",78,3,7.4,2.6,527,183,"Average","owner-occupied",51.564168,0.264747,24,20,6,"upminster","Essex & Suffolk Water",62000,"Havering","tube",1,0,1,1.0551372,678000,469604.933833047,208395.066166953,1
"149",13453,NA,NA,"F","N","L",NA,NA,NA,NA,NA,NA,"SW18","D",59,3,2.7,1.4,260,137,"Good","owner-occupied",51.442634,-0.17672,58,20,3,"earlsfield","Thames Water",62700,"Wandsworth","rail",0,1,0,0.6661408,605000,396677.851123121,208322.148876879,1
"150",8033,NA,NA,"D","N","F",NA,NA,NA,NA,NA,NA,"RM2","D",133,8,6.2,2.7,262,114,"Average","owner-occupied",51.593709,0.192813,81,32,6,"gidea park","Essex & Suffolk Water",49800,"Havering","rail",0,1,0,1.174446,719000,510742.10849875,208257.89150125,1
"151",4005,NA,NA,"S","N","F",NA,NA,NA,NA,NA,NA,"BR6","E",104,5,6.2,2.6,336,140,"Average","owner-occupied",51.379303,0.086588,129,91,6,"orpington","Thames Water",59500,"Bromley","rail",0,1,0,0.5598814,713000,504770.986664049,208229.013335951,1
"152",7563,NA,NA,"T","N","F",NA,NA,NA,NA,NA,NA,"SW16","D",80,3,3.7,2.8,239,182,"Good","owner-occupied",51.414152,-0.129765,65,31,3,"norbury","Thames Water",49300,"Croydon","rail",0,1,0,0.3933462,617000,408795.202378705,208204.797621295,1
"153",11984,NA,NA,"S","N","F",NA,NA,NA,NA,NA,NA,"HA2","C",73,4,1.9,1.9,146,146,"Average","rental (private)",51.561994,-0.374562,90,41,5,"northolt park","Affinity Water",52200,"Harrow","rail",0,1,0,0.8314332,594000,386879.578831949,207120.421168051,1
"154",3696,NA,NA,"F","N","L",NA,NA,NA,NA,NA,NA,"NW8","C",163,5,4.1,3.3,142,116,"Very Poor","owner-occupied",51.536388,-0.16506,64,44,2,"st. johns wood","Thames Water",59900,"Westminster","tube",1,0,0,0.512655,2572000,2365071.79662939,206928.203370608,1
"155",9767,NA,NA,"F","N","L",NA,NA,NA,NA,NA,NA,"HA9","C",69,3,1.6,1.4,129,117,"Good","owner-occupied",51.569304,-0.286024,65,41,4,"wembley park","Affinity Water",47800,"Brent","tube",2,0,0,0.6021366,506000,299988.035560476,206011.964439524,1
"156",13012,NA,NA,"D","N","F",NA,NA,NA,NA,NA,NA,"KT4","D",126,6,5.1,2.2,228,96,"Average","owner-occupied",51.384223,-0.252579,89,24,4,"worcester park","Thames Water",65000,"Sutton","rail",0,1,0,0.4051528,855000,649413.228461946,205586.771538054,1
"157",15840,NA,NA,"T","N","F",NA,NA,NA,NA,NA,NA,"N1","D",119,5,5.4,1.6,259,77,"Very Poor","owner-occupied",51.535507,-0.093435,113,21,2,"essex road","Thames Water",53600,"Islington","rail",0,1,0,0.602758,1334000,1128598.91090641,205401.089093588,1
"158",15027,NA,NA,"F","N","L",NA,NA,NA,NA,NA,NA,"TW11","D",79.15,3,4.3,3.8,297,263,"Very Poor","owner-occupied",51.43214,-0.347137,88,16,6,"fulwell","Thames Water",71700,"Richmond upon Thames","rail",0,1,0,0.4362228,710000,504690.415949212,205309.584050788,1
"159",1398,NA,NA,"T","N","F",NA,NA,NA,NA,NA,NA,"SE13","E",116,7,6.3,3.1,305,149,"Good","owner-occupied",51.457452,-0.024545,178,24,3,"ladywell","Thames Water",58200,"Lewisham","rail",0,1,0,0.2442102,854000,651616.533842787,202383.466157213,1
"160",14192,NA,NA,"T","N","F",NA,NA,NA,NA,NA,NA,"SW19","D",115,4,4.1,1.7,201,84,"Good","owner-occupied",51.422483,-0.191316,125,16,3,"haydons road","Thames Water",66200,"Merton","rail",0,1,0,0.5412394,1010000,807728.134509593,202271.865490407,1
"161",13073,NA,NA,"S","N","F",NA,NA,NA,NA,NA,NA,"KT5","D",123,6,4.3,1.8,197,81,"Good","rental (private)",51.400958,-0.292813,98,23,5,"berrylands","Thames Water",63900,"Kingston upon Thames","rail",0,1,0,0.8966802,880000,678394.305337517,201605.694662483,1
"162",3038,NA,NA,"T","N","F",NA,NA,NA,NA,NA,NA,"SE20","D",112,5,5.4,2.4,273,117,"Good","owner-occupied",51.418491,-0.05601,84,42,4,"penge east","Thames Water",43100,"Bromley","rail",0,1,0,0.3162926,642000,442071.658592571,199928.341407429,1
"163",7658,NA,NA,"F","N","L",NA,NA,NA,NA,NA,NA,"SW15","C",64,3,1.3,1.3,108,103,"Good","owner-occupied",51.453285,-0.210795,140,33,2,"east putney","Thames Water",51400,"Kingston upon Thames","tube",1,0,0,0.7407088,560000,360105.79549434,199894.20450566,1
"164",5730,NA,NA,"F","N","L",NA,NA,NA,NA,NA,NA,"SW17","E",77,4,4.7,2.6,297,165,"Average","owner-occupied",51.422339,-0.164123,42,19,3,"tooting","Thames Water",56300,"Wandsworth","rail",0,1,0,0.2063048,675000,478235.931185304,196764.068814696,1
"165",3364,NA,NA,"S","N","F",NA,NA,NA,NA,NA,NA,"KT2","E",100,5,5.5,2.5,310,138,"Average","owner-occupied",51.420584,-0.291247,96,12,5,"norbiton","Thames Water",59400,"Kingston upon Thames","rail",0,1,0,0.7817212,831000,634254.68723537,196745.31276463,1
"166",735,NA,NA,"D","N","F",NA,NA,NA,NA,NA,NA,"HA4","E",69,4,4.1,1,340,83,"Average","owner-occupied",51.579928,-0.439099,17,44,6,"west ruislip","Affinity Water",54700,"Hillingdon","tube",1,0,0,0.817141,622000,427045.695552817,194954.304447183,1
"167",14090,NA,NA,"S","N","F",NA,NA,NA,"WANSTEAD",NA,NA,"E11","E",144,5,9.7,3.8,348,133,"Very Poor","owner-occupied",51.5823,0.034776,80,15,4,"wanstead","Thames Water",67700,"Redbridge","tube",1,0,0,0.6468774,1048000,853079.953777287,194920.046222713,1
"168",12798,NA,NA,"T","N","F",NA,NA,NA,NA,NA,NA,"SE13","D",81,5,3.1,1,216,67,"Good","owner-occupied",51.454626,-0.001579,79,15,3,"hither green","Thames Water",53500,"Lewisham","rail",0,1,0,0.1124734,661000,467731.217738888,193268.782261112,1
"169",12228,NA,NA,"D","N","F",NA,NA,NA,"CHEAM",NA,NA,"SM2","E",328,10,17,6.6,291,114,"Poor","owner-occupied",51.349603,-0.208648,109,78,5,"belmont","SES Water",67900,"Sutton","rail",0,1,0,0.640042,1625000,1431826.00153051,193173.998469493,1
"170",3943,NA,NA,"D","N","F",NA,NA,NA,NA,NA,NA,"BR6","E",133,7,9.2,2.5,395,104,"Average","owner-occupied",51.376908,0.095288,50,74,6,"orpington","Thames Water",59500,"Bromley","rail",0,1,0,0.6344494,820000,627105.087124218,192894.912875782,1
"171",6534,NA,NA,"T","N","F",NA,NA,NA,NA,NA,NA,"W4","C",141,6,3.4,1.7,137,68,"Good","owner-occupied",51.499778,-0.258724,84,10,2,"turnham green","Thames Water",72900,"Hounslow","tube",2,0,0,0.456729,1586000,1393669.85806441,192330.141935595,1
"172",3091,NA,NA,"F","N","L",NA,NA,NA,NA,NA,NA,"TW9","D",52,2,3,1.5,331,166,"Average","owner-occupied",51.469629,-0.286349,77,9,3,"north sheen","Thames Water",61900,"Richmond upon Thames","rail",0,1,0,0.3765684,599000,407347.621509069,191652.378490931,1
"173",3243,NA,NA,"T","N","F",NA,NA,NA,NA,NA,NA,"BR3","C",101.73,7,4.6,4.6,222,222,"Poor","owner-occupied",51.40576,-0.039972,50,30,4,"clock house","Thames Water",59500,"Bromley","rail",0,1,0,0.3877536,762000,570891.811050936,191108.188949064,1
"174",13829,NA,NA,"T","N","F",NA,NA,NA,NA,NA,NA,"SW2","E",151,5,9.3,4.3,350,158,"Average","owner-occupied",51.455096,-0.118521,15,29,2,"brixton","Thames Water",61900,"Lambeth","tube",1,1,0,0.6854042,1480000,1288969.05522472,191030.944775281,1
"175",7315,NA,NA,"S","N","F",NA,NA,NA,NA,NA,NA,"DA7","C",61,3,2.1,0.7,196,59,"Good","owner-occupied",51.464414,0.147235,72,55,5,"barnehurst","Thames Water",49900,"Bexley","rail",0,1,0,0.7046676,509000,318050.723834227,190949.276165773,1
"176",7600,NA,NA,"T","N","F",NA,NA,NA,NA,NA,NA,"E2","D",96,5,4,1.8,237,107,"Very Poor","rental (private)",51.531051,-0.060792,120,18,2,"cambridge heath","Thames Water",55100,"Hackney","light_rail",0,0,1,0.3206424,951000,760995.254823837,190004.745176163,1
"177",4917,NA,NA,"T","N","F",NA,NA,NA,NA,NA,NA,"SW6","D",145,5,6.5,4.1,209,124,"Poor","owner-occupied",51.471237,-0.192225,56,7,2,"parsons green","Thames Water",58900,"Hammersmith and Fulham","tube",1,0,0,0.7823426,1711000,1523820.37128086,187179.628719138,1
"178",15418,NA,NA,"F","N","L",NA,NA,NA,NA,NA,NA,"SW6","D",45,3,1.9,1.2,237,158,"Very Poor","owner-occupied",51.478042,-0.206169,164,10,2,"parsons green","Thames Water",61900,"Hammersmith and Fulham","tube",1,0,0,0.4952558,687000,500362.304253899,186637.695746101,1
"179",11593,NA,NA,"S","N","F",NA,NA,NA,NA,NA,NA,"DA7","D",130,6,4.8,2.8,189,106,"Average","owner-occupied",51.462851,0.144153,85,55,5,"bexleyheath","Thames Water",49900,"Bexley","rail",0,1,0,0.571688,669000,482674.694263579,186325.305736421,1
"180",7748,NA,NA,"F","N","L",NA,NA,NA,NA,NA,NA,"N7","C",69,3,1.4,1.3,113,106,"Good","rental (private)",51.557895,-0.113286,31,29,2,"holloway road","Thames Water",41600,"Islington","tube",1,0,0,0.3834038,616000,429928.942705133,186071.057294867,1
"181",530,NA,NA,"F","N","L",NA,NA,NA,NA,NA,NA,"SW16","C",84,4,3.1,3,225,216,"Average","owner-occupied",51.425695,-0.125051,54,52,3,"streatham","Thames Water",54800,"Croydon","rail",0,1,0,0.4809636,593000,407491.272348425,185508.727651575,1
"182",6843,NA,NA,"T","N","F",NA,NA,NA,NA,NA,NA,"SW19","D",115,6,4.3,1.7,195,73,"Good","owner-occupied",51.417971,-0.200784,55,19,3,"merton park","Thames Water",75100,"Merton","light_rail",0,0,1,0.3585478,1044000,858840.54308829,185159.45691171,1
"183",9164,NA,NA,"T","N","F",NA,NA,NA,NA,NA,NA,"NW4","D",92,6,3.6,1.1,202,59,"Very Poor","rental (private)",51.588751,-0.215785,86,62,3,"hendon central","Thames Water",54400,"Barnet","tube",1,0,0,0.7810998,869000,685796.943262168,183203.056737832,1
"184",334,NA,NA,"T","N","F",NA,NA,NA,NA,NA,NA,"N22","E",102,5,5.5,2.4,308,132,"Very Poor","owner-occupied",51.603833,-0.12874,112,48,3,"bounds green","Thames Water",51000,"Haringey","tube",1,0,0,0.4213092,873000,689962.929864255,183037.070135745,1
"185",10086,NA,NA,"S","N","F",NA,NA,NA,NA,NA,NA,"SE20","E",144,8,7,2.8,278,109,"Poor","rental (private)",51.41989,-0.049781,102,37,4,"penge east","Thames Water",55200,"Bromley","rail",0,1,0,0.2156258,809000,626065.327092083,182934.672907917,1
"186",11883,NA,NA,"S","N","F",NA,NA,NA,NA,NA,NA,"RM7","D",81,5,3.4,1.5,242,104,"Average","owner-occupied",51.586176,0.1587,77,21,6,"romford","Essex & Suffolk Water",46300,"Havering","light_rail",0,1,1,1.5758704,520000,337146.005541713,182853.994458287,1
"187",15773,NA,NA,"S","N","F",NA,NA,NA,NA,NA,NA,"NW11","E",155.7,7,9.5,7.8,365,298,"Good","owner-occupied",51.58953,-0.192643,41,63,4,"finchley central","Affinity Water",58800,"Barnet","tube",1,0,0,1.196195,1241000,1058180.34353491,182819.656465094,1
"188",435,NA,NA,"F","N","F",NA,NA,NA,NA,NA,NA,"SW12","D",95,5,3.7,1.1,205,59,"Good","owner-occupied",51.447872,-0.1471,65,25,3,"balham","Thames Water",69000,"Wandsworth","tube",1,1,0,0.3995602,826000,644090.537087385,181909.462912615,1
"189",9196,NA,NA,"S","N","F",NA,NA,NA,NA,NA,NA,"N12","D",116,5,6,2.3,295,109,"Average","owner-occupied",51.619433,-0.196396,76,67,4,"woodside park","Affinity Water",65800,"Barnet","tube",1,0,0,0.8469682,950000,768759.629549347,181240.370450653,1
"190",1097,NA,NA,"F","N","L",NA,NA,NA,NA,NA,NA,"SW8","D",63,3,2.4,1.6,218,146,"Average","owner-occupied",51.470586,-0.146493,20,4,2,"wandsworth road","Thames Water",58900,"Lambeth","light_rail",0,0,1,0.4498936,612000,431278.161248203,180721.838751797,1
"191",15436,NA,NA,"T","N","F",NA,NA,NA,NA,NA,NA,"N4","C",205,5,5.4,3.9,149,107,"Good","owner-occupied",51.564791,-0.094821,245,30,2,"finsbury park","Thames Water",60500,"Hackney","tube",2,1,0,0.6518486,1873000,1692695.56658486,180304.433415142,1
"192",10517,NA,NA,"D","N","F",NA,NA,NA,NA,NA,NA,"SW20","D",141,5,5.5,3,222,121,"Average","owner-occupied",51.411067,-0.237067,105,15,4,"raynes park","Thames Water",75500,"Merton","rail",0,1,0,0.3082144,1114000,934018.894785553,179981.105214447,1
"193",1061,NA,NA,"F","N","L",NA,NA,NA,NA,NA,NA,"E14","C",61,3,1.7,1.6,152,141,"Good","owner-occupied",51.515806,-0.014454,118,5,2,"langdon park","Thames Water",45000,"Tower Hamlets","light_rail",0,0,1,0.3498482,498000,318683.682062524,179316.317937476,1
"194",6527,NA,NA,"D","N","F",NA,NA,NA,NA,NA,NA,"CR5","E",98,4,5.7,2.5,334,144,"Average","owner-occupied",51.31053,-0.126449,66,152,6,"coulsdon south","SES Water",53700,"Croydon","rail",0,1,0,0.7531368,635000,456318.783039978,178681.216960022,1
"195",5094,NA,NA,"F","N","L",NA,NA,NA,NA,NA,NA,"N1","D",64,3,3.1,1.5,276,134,"Very Poor","owner-occupied",51.544562,-0.088456,125,24,2,"canonbury","Thames Water",56000,"Islington","light_rail",0,0,1,0.5275686,677000,498579.810297628,178420.189702372,1
"196",10576,NA,NA,"F","N","L",NA,NA,NA,NA,NA,NA,"NW3","D",48.45,3,4.3,2.8,291,190,"Very Poor","owner-occupied",51.547484,-0.157013,53,48,2,"chalk farm","Thames Water",48200,"Camden","tube",1,0,0,0.2100332,638000,461085.559081998,176914.440918002,1
"197",7794,NA,NA,"F","N","L",NA,NA,NA,NA,NA,NA,"SW2","D",93,4,3.6,2.1,220,130,"Average","rental (private)",51.443082,-0.121346,63,62,3,"streatham hill","Thames Water",45100,"Lambeth","rail",0,1,0,0.4741282,599000,422771.57483739,176228.42516261,1
"198",12240,NA,NA,"S","N","F",NA,NA,NA,NA,NA,NA,"SE7","E",132,7,6.6,2.4,282,100,"Very Poor","owner-occupied",51.480316,0.027871,56,45,3,"westcombe park","Thames Water",55700,"Greenwich","rail",0,1,0,0.8680958,926000,751610.565220057,174389.434779943,1
"199",6598,NA,NA,"T","N","F",NA,NA,NA,NA,NA,NA,"E17","D",79,5,3.5,1.7,251,117,"Average","owner-occupied",51.596201,-0.00708,146,20,4,"wood street","Thames Water",56400,"Waltham Forest","light_rail",0,0,1,0.7326306,618000,444206.361111951,173793.638888049,1
"200",6468,NA,NA,"F","N","L",NA,NA,NA,NA,NA,NA,"SM2","B",64.5,3,1.2,1.1,118,106,"Good","owner-occupied",51.35867,-0.185399,86,74,5,"sutton","SES Water",48800,"Sutton","rail",0,1,0,0.4331158,426000,252515.754457384,173484.245542616,1
"201",12365,NA,NA,"T","N","F",NA,NA,NA,NA,NA,NA,"KT1","C",97.15,5,3.1,2.5,195,152,"Good","rental (private)",51.40804,-0.295036,107,12,6,"kingston","Thames Water",53300,"Kingston upon Thames","rail",0,1,0,0.7320092,662000,488726.764680474,173273.235319526,0
"202",2366,NA,NA,"T","N","F",NA,NA,NA,NA,NA,NA,"SW11","C",99.98,4,3.6,3.5,171,163,"Average","owner-occupied",51.470505,-0.152788,134,4,2,"queenstown road","Thames Water",58900,"Wandsworth","rail",0,1,0,0.6145646,1033000,859791.97869249,173208.02130751,0
"203",9248,NA,NA,"F","N","L",NA,NA,NA,NA,NA,NA,"BR2","D",113,5,4.7,1.7,219,77,"Average","owner-occupied",51.401459,-0.006759,9,63,4,"shortlands","Thames Water",60300,"Bromley","rail",0,1,0,0.7183384,629000,455979.913217861,173020.086782139,0
"204",972,NA,NA,"D","N","F",NA,NA,NA,NA,NA,NA,"UB3","D",67,4,3.4,1.3,288,106,"Average","owner-occupied",51.49921,-0.415896,74,32,5,"hayes and harlington","Affinity Water",51600,"Hillingdon","rail",0,1,0,0.5549102,539000,367150.489813765,171849.510186235,0
"205",9825,NA,NA,"F","N","L",NA,NA,NA,NA,NA,NA,"SW16","C",50.86,3,2.2,2,257,240,"Average","rental (social)",51.420992,-0.144257,120,30,3,"streatham common","Thames Water",52800,"Croydon","rail",0,1,0,0.6356922,453000,283957.595554606,169042.404445394,0
"206",8328,NA,NA,"S","N","F",NA,NA,NA,NA,NA,NA,"W13","C",109,6,3.6,1.8,172,84,"Average","owner-occupied",51.524343,-0.325292,67,31,4,"castle bar park","Thames Water",59000,"Ealing","rail",0,1,0,0.3529552,786000,617255.641172583,168744.358827417,0
"207",9498,NA,NA,"D","N","F",NA,NA,NA,NA,NA,NA,"CR5","D",124,7,4.6,2.4,210,110,"Average","owner-occupied",51.312346,-0.125313,15,152,6,"coulsdon south","SES Water",53700,"Croydon","rail",0,1,0,0.888602,689000,520283.664541945,168716.335458055,0
"208",2228,NA,NA,"T","N","F",NA,NA,NA,NA,NA,NA,"BR3","C",134,6,3.9,1.9,166,80,"Good","owner-occupied",51.404575,-0.037938,134,32,4,"clock house","Thames Water",59500,"Bromley","rail",0,1,0,0.5940584,777000,608904.303792035,168095.696207965,0
"209",14150,NA,NA,"F","N","L",NA,NA,NA,NA,NA,NA,"W6","C",60,3,1.3,1.1,126,103,"Good","owner-occupied",51.498269,-0.244279,90,8,2,"stamford brook","Thames Water",54400,"Hammersmith and Fulham","tube",1,0,0,0.198848,602000,434167.080761549,167832.919238451,0
"210",4765,NA,NA,"F","N","L",NA,NA,NA,NA,NA,NA,"W5","D",61,3,2.7,2.1,234,181,"Average","rental (private)",51.510662,-0.303155,75,33,3,"ealing broadway","Thames Water",62800,"Ealing","tube",2,1,0,0.5294328,550000,382213.200579427,167786.799420573,0
"211",4569,NA,NA,"T","N","F",NA,NA,NA,NA,NA,NA,"SW13","D",83,4,3,1.3,188,78,"Average","owner-occupied",51.473398,-0.251147,22,7,3,"barnes bridge","Thames Water",66100,"Richmond upon Thames","rail",0,1,0,0.0944528,1007000,839477.434121261,167522.565878739,0
"212",8752,NA,NA,"F","N","L",NA,NA,NA,NA,NA,NA,"W8","B",160,5,2.6,1.6,93,59,"Very Poor","owner-occupied",51.501892,-0.188721,34,23,1,"high street kensington","Thames Water",73900,"Kensington and Chelsea","tube",2,0,0,0.2466958,2970000,2802738.59035299,167261.40964701,0
"213",9983,NA,NA,"S","N","F",NA,NA,NA,NA,NA,NA,"BR6","E",93,6,6.2,1.5,379,89,"Average","owner-occupied",51.380658,0.099882,74,64,6,"orpington","Thames Water",59500,"Bromley","rail",0,1,0,1.0340096,614000,447893.184621232,166106.815378768,0
"214",14913,NA,NA,"F","N","L",NA,NA,NA,NA,NA,NA,"SE23","D",46,3,2.2,1.3,244,142,"Average","owner-occupied",51.448065,-0.046609,135,45,3,"honor oak park","Thames Water",60600,"Lewisham","light_rail",0,0,1,0.2864654,458000,292016.123035074,165983.876964926,0
"215",13185,NA,NA,"F","N","L",NA,NA,NA,NA,NA,NA,"TW11","C",72.226,3,1.9,1.5,163,131,"Average","rental (social)",51.431475,-0.325626,38,11,6,"teddington","Thames Water",71700,"Richmond upon Thames","rail",0,1,0,0.7413302,633000,467716.956539282,165283.043460718,0
"216",15089,NA,NA,"F","N","L",NA,NA,NA,"SILVERTOWN",NA,NA,"E16","C",92,3,1.7,1.5,97,86,"Average","owner-occupied",51.502544,0.031723,132,7,3,"pontoon dock","Thames Water",58900,"Newham","light_rail",0,0,1,0.1224158,617000,452199.477921069,164800.522078931,0
"217",14686,NA,NA,"T","N","F",NA,NA,NA,NA,NA,NA,"KT4","D",98,5,4.2,1.7,240,94,"Average","owner-occupied",51.379866,-0.225917,140,35,4,"worcester park","SES Water",55400,"Sutton","rail",0,1,0,1.2135942,631000,466316.569549297,164683.430450703,0
"218",3526,NA,NA,"T","N","F",NA,NA,NA,"WEALDSTONE",NA,NA,"HA3","E",76,4,4.6,0.8,341,60,"Average","owner-occupied",51.600751,-0.329096,106,61,5,"harrow and wealdstone","Affinity Water",50600,"Brent","tube",2,1,1,0.7400874,568000,404175.361088184,163824.638911816,0
"219",6349,NA,NA,"D","N","F",NA,NA,NA,NA,NA,NA,"BR6","C",128,6,3.8,2.1,169,92,"Average","owner-occupied",51.369048,0.122815,25,92,6,"chelsfield","Thames Water",55700,"Bromley","rail",0,1,0,1.609426,714000,554406.320882432,159593.679117568,0
"220",3859,NA,NA,"T","N","F",NA,NA,NA,NA,NA,NA,"NW2","D",88.43,6,4.9,4.8,304,298,"Poor","owner-occupied",51.562698,-0.198007,42,80,3,"cricklewood","Thames Water",50100,"Camden","rail",0,1,0,0.7804784,823000,663629.33477638,159370.66522362,0
"221",3428,NA,NA,"F","N","L",NA,NA,NA,NA,NA,NA,"BR3","C",70,3,1.7,1.4,141,113,"Average","owner-occupied",51.414918,-0.028881,114,39,4,"beckenham junction","Thames Water",56300,"Bromley","light_rail",0,2,1,0.4300088,482000,323220.596287896,158779.403712104,0
"222",3853,NA,NA,"F","N","L",NA,NA,NA,NA,NA,NA,"SE20","D",108,4,5.4,1.3,284,65,"Very Poor","owner-occupied",51.418879,-0.055533,19,43,4,"penge east","Thames Water",55200,"Bromley","rail",0,1,0,0.2274324,610000,451228.505242143,158771.494757857,0
"223",10252,NA,NA,"T","N","F",NA,NA,NA,NA,NA,NA,"UB4","D",87,4,3.6,1.2,236,75,"Average","owner-occupied",51.518388,-0.39132,94,30,4,"southall","Affinity Water",53000,"Hillingdon","rail",0,1,0,1.4031212,575000,416530.22718997,158469.77281003,0
"224",7686,NA,NA,"T","N","F",NA,NA,NA,NA,NA,NA,"SW18","D",202,7,6.8,3,226,104,"Average","owner-occupied",51.446197,-0.176247,57,33,3,"earlsfield","Thames Water",73500,"Wandsworth","rail",0,1,0,0.6263712,1662000,1506768.58362889,155231.416371113,0
"225",13030,NA,NA,"F","N","L",NA,NA,NA,NA,NA,NA,"N4","E",102,4,5.8,5.4,322,299,"Very Poor","owner-occupied",51.57381,-0.12104,42,58,3,"crouch hill","Thames Water",46300,"Hackney","light_rail",0,0,1,0.2056834,721000,566233.83484939,154766.16515061,0
"226",10585,NA,NA,"F","N","L",NA,NA,NA,NA,NA,NA,"N8","C",66,4,2.3,1.4,185,108,"Good","owner-occupied",51.591651,-0.126656,105,43,3,"alexandra palace","Thames Water",53100,"Haringey","rail",0,1,0,0.661791,536000,381520.873901373,154479.126098627,0
"227",12186,NA,NA,"S","N","F",NA,NA,NA,NA,NA,NA,"BR6","D",80,4,4.4,1.2,261,66,"Good","owner-occupied",51.377918,0.104171,64,65,6,"orpington","Thames Water",50900,"Bromley","rail",0,1,0,1.1489686,510000,355749.831495558,154250.168504442,0
"228",10363,NA,NA,"T","N","F",NA,NA,NA,NA,NA,NA,"SE19","D",74.94,5,3.6,3.2,251,220,"Good","owner-occupied",51.41495,-0.081787,40,109,3,"crystal palace","Thames Water",54100,"Croydon","light_rail",0,1,1,0.8165196,596000,441761.769919154,154238.230080846,0
"229",13083,NA,NA,"F","N","L",NA,NA,NA,NA,NA,NA,"N12","C",76,3,3.2,2.1,249,163,"Average","owner-occupied",51.618431,-0.183926,64,82,4,"woodside park","Affinity Water",54500,"Barnet","tube",1,0,0,0.074568,543000,388812.467328365,154187.532671635,0
"230",15385,NA,NA,"S","N","F",NA,NA,NA,NA,NA,NA,"SE9","D",121,7,4.3,1.5,219,80,"Average","owner-occupied",51.434908,0.045686,71,47,4,"mottingham","Thames Water",45800,"Greenwich","rail",0,1,0,0.6238856,626000,473897.094719121,152102.905280879,0
"231",8059,NA,NA,"S","N","F",NA,NA,NA,NA,NA,NA,"IG6","D",116,7,4.3,1.7,211,83,"Average","owner-occupied",51.59362,0.074927,53,35,4,"fairlop","Thames Water",43600,"Redbridge","tube",1,0,0,0.938314,611000,460796.415561657,150203.584438343,0
"232",5287,NA,NA,"S","N","F",NA,NA,NA,NA,NA,NA,"KT4","D",74,4,3.2,0.9,247,69,"Average","owner-occupied",51.369132,-0.238687,95,46,5,"stoneleigh","SES Water",55400,"Sutton","rail",0,1,0,0.7400874,538000,387863.518624601,150136.481375399,0
"233",3791,NA,NA,"T","N","F",NA,NA,NA,NA,NA,NA,"N22","D",67,4,2.8,1.2,239,95,"Average","owner-occupied",51.598949,-0.113477,114,36,3,"wood green","Thames Water",49400,"Haringey","tube",1,0,0,0.2398604,633000,483665.067581683,149334.932418317,0
"234",8614,NA,NA,"F","N","L",NA,NA,NA,NA,NA,NA,"E5","C",79,4,2.7,1.9,196,139,"Poor","rental (private)",51.55906,-0.054035,193,21,2,"clapton","Thames Water",49700,"Hackney","light_rail",0,0,1,0.4020458,675000,526211.032811337,148788.967188663,0
"235",13223,NA,NA,"F","N","F",NA,NA,NA,NA,NA,NA,"TW10","C",116,6,3.2,1.4,156,67,"Good","rental (social)",51.437386,-0.31764,63,10,5,"strawberry hill","Thames Water",56200,"Richmond upon Thames","rail",0,1,0,2.0065006,707000,558511.035319558,148488.964680442,0
"236",7131,NA,NA,"F","N","L",NA,NA,NA,NA,NA,NA,"SW1V","D",60,3,2.9,1.4,289,138,"Very Poor","owner-occupied",51.490982,-0.140336,109,12,1,"pimlico","Thames Water",61900,"Westminster","tube",1,0,0,0.419445,864000,715991.489972043,148008.510027957,0
"237",1942,NA,NA,"S","N","F",NA,NA,NA,NA,NA,NA,"BR5","D",82,4,3.3,0.8,228,55,"Good","owner-occupied",51.376557,0.110359,99,66,6,"orpington","Thames Water",50900,"Bromley","rail",0,1,0,1.3751582,497000,349346.718190364,147653.281809636,0
"238",3015,NA,NA,"T","N","F",NA,NA,NA,NA,NA,NA,"SE16","C",78,4,2,0.8,143,53,"Good","rental (private)",51.497145,-0.063761,31,6,2,"bermondsey","Thames Water",52400,"Southwark","tube",1,0,0,0.1267656,711000,563365.6112714,147634.3887286,0
"239",14282,NA,NA,"F","N","L",NA,NA,NA,NA,NA,NA,"SE24","C",57,3,1.9,1.1,194,112,"Good","owner-occupied",51.442847,-0.106218,74,41,3,"tulse hill","Thames Water",55900,"Lambeth","rail",0,1,0,0.177099,5e+05,352477.580607578,147522.419392422,0
"240",7578,NA,NA,"T","N","F",NA,NA,NA,NA,NA,NA,"N13","G",98,5,8.4,1.2,484,62,"Good","owner-occupied",51.621908,-0.099624,92,33,4,"palmers green","Thames Water",48600,"Enfield","rail",0,1,0,0.7407088,664000,516650.966494614,147349.033505386,0
"241",9967,NA,NA,"T","N","F",NA,NA,NA,NA,NA,NA,"DA7","D",106.54,5,4.6,4.4,224,215,"Average","owner-occupied",51.464094,0.137661,70,52,5,"bexleyheath","Thames Water",49900,"Bexley","rail",0,1,0,0.2075476,570000,422763.904751153,147236.095248847,0
"242",598,NA,NA,"D","N","F",NA,NA,NA,NA,NA,NA,"BR3","E",229,9,11,3.5,288,97,"Good","owner-occupied",51.414596,-0.008805,23,56,4,"ravensbourne","Thames Water",60200,"Bromley","rail",0,1,0,0.1454076,1281000,1134351.98485741,146648.015142594,0
"243",2349,NA,NA,"F","N","L",NA,NA,NA,NA,NA,NA,"TW8","C",49,2,1.7,1.2,197,142,"Good","rental (private)",51.483588,-0.300804,51,8,4,"brentford","Thames Water",50200,"Hounslow","rail",0,1,0,0.6599268,413000,266564.055959132,146435.944040868,0
"244",12690,NA,NA,"T","N","F",NA,NA,NA,NA,NA,NA,"BR2","D",112,5,5.3,3.2,269,160,"Average","owner-occupied",51.389068,0.009505,99,68,5,"hayes","Thames Water",61600,"Bromley","rail",0,1,0,1.2160798,660000,513602.24311121,146397.75688879,0
"245",7935,NA,NA,"F","N","L",NA,NA,NA,NA,NA,NA,"NW6","D",59,3,3,1.5,294,141,"Poor","rental (private)",51.54515,-0.193696,44,51,2,"west hampstead","Thames Water",51400,"Brent","tube",1,0,1,0.307593,621000,475945.592349637,145054.407650363,0
"246",6878,NA,NA,"F","N","L",NA,NA,NA,NA,NA,NA,"CR0","D",80.7,3,4.3,3.6,321,264,"Average","rental (private)",51.391267,-0.094693,79,52,4,"selhurst","Thames Water",45400,"Croydon","rail",0,1,0,0.428766,406000,260948.966103778,145051.033896222,0
"247",1403,NA,NA,"T","N","F",NA,NA,NA,NA,NA,NA,"RM6","C",80,5,2.7,0.9,192,58,"Good","owner-occupied",51.574595,0.134875,69,24,5,"chadwell heath","Essex & Suffolk Water",47800,"Redbridge","rail",0,1,0,0.6214,473000,328330.601979344,144669.398020656,0
"248",15755,NA,NA,"S","N","F",NA,NA,NA,NA,NA,NA,"SW19","E",120,6,6.4,2.3,303,105,"Average","owner-occupied",51.41417,-0.209821,75,19,3,"dundonald road","Thames Water",72900,"Merton","light_rail",0,0,1,0.385268,1029000,885132.910129112,143867.089870888,0
"249",5674,NA,NA,"S","N","F",NA,NA,NA,NA,NA,NA,"KT1","D",90,5,5.1,1.9,271,89,"Good","owner-occupied",51.403636,-0.295172,92,14,5,"berrylands","Thames Water",64600,"Kingston upon Thames","rail",0,1,0,0.8065772,720000,576279.457381603,143720.542618397,0
"250",1604,NA,NA,"F","N","L",NA,NA,NA,NA,NA,NA,"N1","D",53.83,3,3,2,333,224,"Very Poor","owner-occupied",51.542401,-0.100991,112,37,2,"essex road","Thames Water",53300,"Islington","rail",0,1,0,0.2417246,6e+05,456416.814193364,143583.185806636,0
"251",1245,NA,NA,"D","N","F",NA,NA,NA,NA,NA,NA,"SW20","C",198,6,5.9,4.3,156,112,"Good","owner-occupied",51.413627,-0.23623,19,19,4,"raynes park","Thames Water",75500,"Merton","rail",0,1,0,0.4921488,1499000,1355790.00339465,143209.996605354,0
"252",11089,NA,NA,"F","N","L",NA,NA,NA,NA,NA,NA,"SE1","C",55,3,1.2,1.2,128,125,"Good","rental (private)",51.489787,-0.07352,55,4,2,"bermondsey","Thames Water",47500,"Southwark","tube",1,0,0,1.2030304,464000,320941.114552979,143058.885447021,0
"253",12330,NA,NA,"D","N","F",NA,NA,NA,NA,NA,NA,"HA6","F",163,6,13,5.2,455,179,"Average","owner-occupied",51.614462,-0.436037,34,77,6,"northwood","Affinity Water",62000,"Hillingdon","tube",1,0,0,0.6238856,1075000,932303.215918804,142696.784081196,0
"254",10272,NA,NA,"D","N","F",NA,NA,NA,NA,NA,NA,"TW11","D",191,7,6,3.9,178,114,"Average","owner-occupied",51.425678,-0.318919,134,10,6,"teddington","Thames Water",63800,"Richmond upon Thames","rail",0,1,0,0.7226882,1403000,1260645.29479998,142354.705200018,0
"255",11819,NA,NA,"F","N","L",NA,NA,NA,NA,NA,NA,"SW18","C",69,3,1.8,1.7,138,130,"Average","owner-occupied",51.440977,-0.203953,73,19,3,"southfields","Thames Water",76700,"Wandsworth","tube",1,0,0,0.375947,666000,523665.454726217,142334.545273783,0
"256",12404,NA,NA,"T","N","F",NA,NA,NA,NA,NA,NA,"TW10","E",65,4,4.3,1.6,310,105,"Poor","rental (private)",51.460634,-0.294848,25,26,4,"richmond","Thames Water",60900,"Richmond upon Thames","tube",1,1,1,0.52819,774000,631758.466377428,142241.533622572,0
"257",11376,NA,NA,"F","N","L",NA,NA,NA,NA,NA,NA,"UB8","D",60,3,2.9,1.7,274,159,"Average","owner-occupied",51.541478,-0.479493,29,38,6,"uxbridge","Affinity Water",47400,"Hillingdon","tube",2,0,0,0.7326306,392000,249956.776225952,142043.223774048,0
"258",13448,NA,NA,"T","N","F",NA,NA,NA,NA,NA,NA,"N4","D",90,5,3.2,1.1,202,68,"Average","owner-occupied",51.56825,-0.11974,117,40,3,"crouch hill","Thames Water",52100,"Hackney","light_rail",0,0,1,0.4604574,745000,602992.879543353,142007.120456647,0
"259",1790,NA,NA,"D","N","F",NA,NA,NA,NA,NA,NA,"DA7","D",55,3,3,1,309,93,"Average","owner-occupied",51.467942,0.150021,131,49,6,"barnehurst","Thames Water",53500,"Bexley","rail",0,1,0,0.6760832,491000,349442.286869762,141557.713130238,0
"260",1125,NA,NA,"S","N","F",NA,NA,NA,NA,NA,NA,"RM11","E",93,6,5.9,1.7,357,101,"Good","owner-occupied",51.563539,0.225672,44,29,6,"emerson park","Essex & Suffolk Water",43600,"Havering","light_rail",0,0,1,0.6512272,507000,365766.309399513,141233.690600487,0
"261",7547,NA,NA,"F","N","L",NA,NA,NA,NA,NA,NA,"N7","C",73,4,2.2,1.8,168,139,"Average","owner-occupied",51.559271,-0.135016,620,39,2,"tufnell park","Thames Water",60300,"Islington","tube",1,0,0,0.2895724,736000,594958.266452803,141041.733547197,0
"262",8532,NA,NA,"F","N","L",NA,NA,NA,NA,NA,NA,"NW6","E",95,4,5.4,4,324,237,"Very Poor","owner-occupied",51.542957,-0.189052,108,46,2,"kilburn high road","Thames Water",67400,"Brent","light_rail",0,0,1,0.37284,1002000,862511.601702406,139488.398297594,0
"263",1198,NA,NA,"F","N","L",NA,NA,NA,NA,NA,NA,"SE21","D",84.4,4,4.2,2.6,294,188,"Very Poor","owner-occupied",51.434944,-0.080835,75,61,3,"sydenham hill","Thames Water",56500,"Southwark","rail",0,1,0,0.2870868,635000,495925.506244408,139074.493755592,0
"264",2562,NA,NA,"S","N","F",NA,NA,NA,NA,NA,NA,"SE9","E",117,5,6.8,3,275,113,"Average","owner-occupied",51.456675,0.077117,79,71,4,"falconwood","Thames Water",52800,"Greenwich","rail",0,1,0,0.3312062,644000,505292.413755406,138707.586244594,0
"265",6200,NA,NA,"F","N","L",NA,NA,NA,NA,NA,NA,"W7","C",56,3,2.2,1.8,222,177,"Average","owner-occupied",51.518739,-0.338318,148,36,4,"drayton green","Thames Water",60200,"Ealing","rail",0,1,0,0.702182,458000,319500.855549031,138499.144450969,0
"266",213,NA,NA,"S","N","F",NA,NA,NA,NA,NA,NA,"BR5","D",72,4,3.3,1.2,258,89,"Average","owner-occupied",51.38034,0.110505,61,57,6,"orpington","Thames Water",50900,"Bromley","rail",0,1,0,1.423006,485000,346789.523377309,138210.476622691,0
"267",6376,NA,NA,"T","N","F",NA,NA,NA,NA,NA,NA,"SW11","D",158,6,5.2,2.2,187,78,"Poor","rental (private)",51.45427,-0.159417,125,29,2,"clapham south","Thames Water",77300,"Wandsworth","tube",1,0,0,0.6580626,1641000,1502809.84125898,138190.158741018,0
"268",12861,NA,NA,"F","N","L",NA,NA,NA,NA,NA,NA,"KT5","C",69,3,1.8,1.4,154,119,"Average","owner-occupied",51.386892,-0.294572,26,24,6,"surbiton","Thames Water",57900,"Kingston upon Thames","rail",0,1,0,0.823355,452000,314242.861746929,137757.138253071,0
"269",13077,NA,NA,"T","N","F",NA,NA,NA,NA,NA,NA,"SM1","D",90,3,3.9,1,228,54,"Average","owner-occupied",51.36287,-0.185449,55,58,5,"sutton","SES Water",62800,"Sutton","rail",0,1,0,0.3809182,576000,438282.602903116,137717.397096884,0
"270",9905,NA,NA,"S","N","F",NA,NA,NA,NA,NA,NA,"UB8","D",100,6,4.7,1.9,269,106,"Average","owner-occupied",51.540388,-0.482788,102,33,6,"uxbridge","Affinity Water",45800,"Hillingdon","tube",2,0,0,0.65247,578000,440682.774778183,137317.225221817,0
"271",14017,NA,NA,"T","N","F",NA,NA,NA,NA,NA,NA,"UB5","D",55,4,2.6,0.5,249,42,"Average","owner-occupied",51.538609,-0.371559,90,34,5,"northolt","Affinity Water",44800,"Ealing","tube",1,0,0,0.8861164,471000,334048.133404775,136951.866595225,0
"272",10768,NA,NA,"F","N","L",NA,NA,NA,NA,NA,NA,"SE23","D",54,4,2.4,1.1,232,110,"Average","owner-occupied",51.437811,-0.051866,85,47,3,"forest hill","Thames Water",53000,"Lewisham","light_rail",0,1,1,0.2417246,427000,290313.792730165,136686.207269835,0
"273",1968,NA,NA,"F","N","L",NA,NA,NA,NA,NA,NA,"SW10","B",92,4,1.5,1.3,91,82,"Poor","owner-occupied",51.482578,-0.184791,36,8,2,"imperial wharf","Thames Water",63300,"Kensington and Chelsea","light_rail",0,1,1,0.975598,1561000,1425531.48702228,135468.512977723,0
"274",13147,NA,NA,"F","N","L",NA,NA,NA,NA,NA,NA,"SW2","C",55.7,3,2.1,2.1,230,222,"Very Poor","rental (private)",51.453095,-0.115437,129,31,2,"herne hill","Thames Water",45100,"Lambeth","rail",0,1,0,0.8643674,5e+05,364798.123045794,135201.876954206,0
"275",3028,NA,NA,"F","N","L",NA,NA,NA,NA,NA,NA,"SW4","D",79.81,4,3.6,3.3,235,212,"Very Poor","owner-occupied",51.456365,-0.141182,44,27,2,"clapham south","Thames Water",71500,"Lambeth","tube",1,0,0,0.459836,806000,670995.196266178,135004.803733822,0
"276",7813,NA,NA,"F","N","L",NA,NA,NA,NA,NA,NA,"N1","D",76,3,3,1.6,220,122,"Very Poor","owner-occupied",51.546279,-0.099518,97,37,2,"highbury and islington","Thames Water",53300,"Islington","tube",1,1,1,0.2435888,715000,580649.7321518,134350.2678482,0
"277",6432,NA,NA,"F","N","L",NA,NA,NA,NA,NA,NA,"NW7","C",75,3,1.9,1.6,145,125,"Average","owner-occupied",51.607404,-0.209523,80,62,4,"mill hill east","Thames Water",55000,"Barnet","tube",1,0,0,0.2168686,513000,378725.622041782,134274.377958218,0
"278",7881,NA,NA,"S","N","F",NA,NA,NA,NA,NA,NA,"BR6","D",91,5,4,2.3,248,138,"Good","owner-occupied",51.371974,0.11216,56,81,6,"orpington","Thames Water",50900,"Bromley","rail",0,1,0,1.2477712,505000,370862.727581979,134137.272418021,0
"279",1497,NA,NA,"T","N","F",NA,NA,NA,NA,NA,NA,"E17","D",75,4,3.2,1.4,243,101,"Average","owner-occupied",51.591231,-0.030685,174,19,3,"blackhorse road","Thames Water",51700,"Waltham Forest","tube",1,0,1,0.6903754,632000,498372.656137368,133627.343862632,0
"280",2143,NA,NA,"F","N","L",NA,NA,NA,NA,NA,NA,"N9","C",59,3,1.4,1.3,139,129,"Good","owner-occupied",51.634012,-0.06282,56,18,4,"edmonton green","Thames Water",42400,"Enfield","light_rail",0,1,1,0.7164742,389000,256356.12821982,132643.87178018,0
"281",14156,NA,NA,"F","N","L",NA,NA,NA,NA,NA,NA,"NW2","E",61.46,3,3.6,2.3,410,260,"Average","owner-occupied",51.549652,-0.222743,18,55,2,"willesden green","Thames Water",50400,"Camden","tube",1,0,0,0.1783418,568000,435626.954445032,132373.045554968,0
"282",2173,NA,NA,"S","N","F",NA,NA,NA,NA,NA,NA,"SE25","D",123,5,5.2,2,241,93,"Good","owner-occupied",51.405593,-0.079303,77,68,4,"norwood junction","Thames Water",51400,"Croydon","light_rail",0,1,1,0.7009392,640000,507915.961584379,132084.038415621,0
"283",1023,NA,NA,"S","N","F",NA,NA,NA,NA,NA,NA,"E17","E",73.7,4,4.6,4.1,324,289,"Average","rental (private)",51.599632,-0.030293,66,14,3,"blackhorse road","Thames Water",44100,"Waltham Forest","tube",1,0,1,1.3074256,593000,461279.87040681,131720.12959319,0
"284",2843,NA,NA,"F","N","L",NA,NA,NA,NA,NA,NA,"W2","C",115.5,3,3.6,3.2,184,167,"Very Poor","rental (private)",51.513601,-0.168527,39,32,1,"lancaster gate","Thames Water",55900,"Westminster","tube",1,0,0,0.4896632,1777000,1645351.80080769,131648.199192312,0
"285",3690,NA,NA,"D","N","F",NA,NA,NA,NA,NA,NA,"HA4","F",79,4,8.9,3.2,622,214,"Poor","owner-occupied",51.583597,-0.430962,8,54,6,"ruislip","Affinity Water",60400,"Hillingdon","tube",2,0,0,0.9700054,718000,586700.82757229,131299.17242771,0
"286",10290,NA,NA,"D","N","F",NA,NA,NA,NA,NA,NA,"HA4","D",161,7,5.8,3.5,203,124,"Average","owner-occupied",51.576054,-0.408392,42,58,6,"ruislip manor","Affinity Water",58100,"Hillingdon","tube",2,0,0,0.2678234,945000,813741.171996873,131258.828003127,0
"287",3224,NA,NA,"T","N","F",NA,NA,NA,NA,NA,NA,"TW11","D",116,6,5.8,2.9,233,109,"Good","owner-occupied",51.431186,-0.348351,59,17,6,"fulwell","Thames Water",62200,"Richmond upon Thames","rail",0,1,0,0.5238402,834000,702791.963433483,131208.036566517,0
"288",6923,NA,NA,"F","N","L",NA,NA,NA,NA,NA,NA,"NW11","C",60,3,1.9,1.9,161,161,"Good","rental (private)",51.581043,-0.19806,4,65,3,"golders green","Thames Water",58800,"Barnet","tube",1,0,0,0.5698238,539000,407971.132200312,131028.867799688,0
"289",9111,NA,NA,"T","N","F",NA,NA,NA,NA,NA,NA,"N13","D",88,4,3.3,1.2,216,76,"Average","owner-occupied",51.621335,-0.088178,176,25,4,"silver street","Thames Water",46200,"Enfield","light_rail",0,0,1,1.224158,527000,396282.84370022,130717.15629978,0
"290",14397,NA,NA,"T","N","F",NA,NA,NA,NA,NA,NA,"CR0","D",85.3,5,3.6,2.9,250,206,"Good","owner-occupied",51.377144,-0.049572,98,70,3,"woodside","Thames Water",56200,"Croydon","light_rail",0,0,1,1.52243,570000,439772.110625022,130227.889374978,0
"291",4868,NA,NA,"S","N","F",NA,NA,NA,NA,NA,NA,"UB5","E",99,5,5.5,2.7,317,154,"Good","owner-occupied",51.559157,-0.348451,149,62,5,"northolt park","Affinity Water",50600,"Ealing","rail",0,1,0,0.546832,602000,472034.695237678,129965.304762322,0
"292",2890,NA,NA,"T","N","F",NA,NA,NA,NA,NA,NA,"CR2","E",101,5,6.4,2.2,303,93,"Average","owner-occupied",51.344422,-0.097329,130,84,6,"purley oaks","SES Water",58600,"Croydon","rail",0,1,0,0.347984,609000,479882.528355005,129117.471644995,0
"293",8355,NA,NA,"T","N","F",NA,NA,NA,NA,NA,NA,"SE23","C",92,5,2.9,0.8,176,50,"Average","owner-occupied",51.450804,-0.042635,78,40,3,"honor oak park","Thames Water",60600,"Lewisham","light_rail",0,0,1,0.1143376,709000,580282.420521605,128717.579478395,0
"294",1093,NA,NA,"T","N","F",NA,NA,NA,NA,NA,NA,"CR8","D",70.7,6,3.4,2.6,246,193,"Average","owner-occupied",51.331828,-0.113221,97,97,6,"reedham","SES Water",58600,"Croydon","rail",0,1,0,0.9774622,498000,369347.437722592,128652.562277408,0
"295",14573,NA,NA,"T","N","F",NA,NA,NA,NA,NA,NA,"SW13","E",153,6,7.6,3.2,279,116,"Poor","owner-occupied",51.473787,-0.238662,89,8,3,"barnes","Thames Water",65600,"Richmond upon Thames","rail",0,1,0,0.5362682,1645000,1516377.3432571,128622.656742899,0
"296",1951,NA,NA,"S","N","F",NA,NA,NA,NA,NA,NA,"RM2","D",210,8,6.8,4.1,200,124,"Average","owner-occupied",51.585131,0.199025,96,33,6,"gidea park","Essex & Suffolk Water",52600,"Havering","rail",0,1,0,0.4269018,978000,849440.104091243,128559.895908757,0
"297",1680,NA,NA,"D","N","F",NA,NA,NA,NA,NA,NA,"UB6","E",49,3,3.6,1.5,411,173,"Good","owner-occupied",51.531596,-0.363203,38,36,4,"greenford","Affinity Water",44800,"Ealing","tube",1,1,0,1.5311296,462000,333519.967833083,128480.032166917,0
"298",5686,NA,NA,"T","N","F",NA,NA,NA,NA,NA,NA,"E11","D",125,5,5.2,2.1,236,94,"Average","owner-occupied",51.567344,0.014656,79,24,3,"leytonstone","Thames Water",49800,"Redbridge","tube",1,0,0,0.3958318,801000,673486.599971748,127513.400028252,0
"299",9200,NA,NA,"S","N","F",NA,NA,NA,NA,NA,NA,"E15","C",89,4,3,1.5,188,97,"Good","owner-occupied",51.549235,0.009141,192,11,3,"maryland","Thames Water",44400,"Newham","rail",0,1,0,0.3256136,560000,432514.701474803,127485.298525197,0
"300",7200,NA,NA,"F","N","L",NA,NA,NA,NA,NA,NA,"NW9","D",44.58,3,2.3,2.3,272,272,"Average","owner-occupied",51.574189,-0.258061,46,48,3,"hendon","Affinity Water",50000,"Brent","rail",0,1,0,1.3117754,414000,286731.20862178,127268.79137822,0
"301",10061,NA,NA,"S","N","F",NA,NA,NA,NA,NA,NA,"TW8","D",70,4,3.7,1.1,298,84,"Average","owner-occupied",51.487387,-0.311681,71,12,4,"brentford","Thames Water",51200,"Hounslow","rail",0,1,0,0.3237494,552000,425405.12190554,126594.87809446,0
"302",3831,NA,NA,"F","N","L",NA,NA,NA,NA,NA,NA,"SE26","D",47,3,2.2,1.9,239,207,"Poor","rental (private)",51.43814,-0.063564,24,102,3,"forest hill","Thames Water",52300,"Lewisham","light_rail",0,1,1,0.6207786,436000,309923.385517273,126076.614482727,0
"303",14732,NA,NA,"F","N","L",NA,NA,NA,NA,NA,NA,"SW6","D",60.56,3,4,3,393,294,"Very Poor","owner-occupied",51.473369,-0.187072,206,6,2,"imperial wharf","Thames Water",56300,"Hammersmith and Fulham","light_rail",0,1,1,0.3597906,671000,545430.463465233,125569.536534767,0
"304",9446,NA,NA,"F","N","L",NA,NA,NA,NA,NA,NA,"NW2","C",65,3,1.6,1.6,143,139,"Good","owner-occupied",51.550898,-0.208454,50,62,2,"kilburn","Thames Water",50600,"Camden","tube",1,0,0,0.3249922,558000,432538.80335667,125461.19664333,0
"305",11747,NA,NA,"F","N","L",NA,NA,NA,NA,NA,NA,"SE4","D",59,3,3.1,1.5,296,146,"Very Poor","rental (private)",51.46564,-0.033909,159,29,2,"brockley","Thames Water",58800,"Lewisham","light_rail",0,1,1,0.2479386,540000,415159.882150036,124840.117849964,0
"306",10910,NA,NA,"S","N","F",NA,NA,NA,NA,NA,NA,"N21","D",205,7,7.2,4.9,199,134,"Average","owner-occupied",51.637456,-0.101344,50,52,4,"winchmore hill","Thames Water",62600,"Enfield","rail",0,1,0,0.2529098,1285000,1160469.3656554,124530.634344595,0
"307",4972,NA,NA,"F","N","L",NA,NA,NA,NA,NA,NA,"W5","C",66,3,1.4,1.1,124,100,"Average","rental (private)",51.514018,-0.290152,224,34,3,"ealing common","Thames Water",58600,"Ealing","tube",2,0,0,0.338663,501000,376477.576890296,124522.423109704,0
"308",14246,NA,NA,"F","N","L",NA,NA,NA,NA,NA,NA,"E17","E",48.1,3,4.4,2.5,547,310,"Good","rental (private)",51.581079,-0.006212,153,29,4,"wood street","Thames Water",53700,"Waltham Forest","light_rail",0,0,1,0.6543342,395000,270505.429682416,124494.570317584,0
"309",2691,NA,NA,"S","N","F",NA,NA,NA,NA,NA,NA,"E4","E",120,6,5.8,2.1,276,96,"Average","owner-occupied",51.627779,-0.015363,63,45,5,"chingford","Thames Water",45500,"Waltham Forest","light_rail",0,0,1,1.3068042,637000,512748.222134111,124251.777865889,0
"310",7683,NA,NA,"S","N","F",NA,NA,NA,NA,NA,NA,"BR2","D",173,7,6.1,3.2,201,105,"Average","owner-occupied",51.399658,0.011823,117,45,5,"bromley south","Thames Water",63100,"Bromley","rail",0,1,0,0.3771898,924000,799999.35518601,124000.64481399,0
"311",7747,NA,NA,"F","N","L",NA,NA,NA,NA,NA,NA,"SE13","D",52,3,2.4,1.7,297,216,"Poor","owner-occupied",51.447128,0.002008,144,25,3,"hither green","Thames Water",55700,"Lewisham","rail",0,1,0,0.55926,463000,339182.192106495,123817.807893505,0
"312",744,NA,NA,"F","N","L",NA,NA,NA,NA,NA,NA,"E17","D",70,3,3,1.6,224,117,"Good","owner-occupied",51.591948,-0.025746,124,17,3,"walthamstow central","Thames Water",51700,"Waltham Forest","tube",1,0,1,0.7202026,508000,384254.077828199,123745.922171801,0
"313",7432,NA,NA,"S","N","F",NA,NA,NA,NA,NA,NA,"IG5","E",96.8,5,6.8,5.1,421,312,"Average","owner-occupied",51.596884,0.058082,76,19,4,"woodford","Thames Water",49200,"Redbridge","tube",1,0,0,2.0593196,578000,454296.884229554,123703.115770446,0
"314",9534,NA,NA,"T","N","F",NA,NA,NA,NA,NA,NA,"TW14","E",34,5,4,0.9,699,150,"Average","owner-occupied",51.457559,-0.404053,33,22,6,"feltham","Affinity Water",50600,"Hounslow","rail",0,1,0,0.7543796,414000,290357.780250459,123642.219749541,0
"315",9656,NA,NA,"D","N","F",NA,NA,NA,NA,NA,NA,"CR8","D",150,7,5.3,3.2,199,118,"Average","owner-occupied",51.332146,-0.129128,104,102,6,"reedham","SES Water",67500,"Croydon","rail",0,1,0,0.5132764,821000,697377.783866017,123622.216133983,0
"316",15618,NA,NA,"F","N","L",NA,NA,NA,NA,NA,NA,"SW20","D",68.74,4,3.4,3.3,261,253,"Poor","rental (private)",51.41511,-0.233239,107,25,4,"raynes park","Thames Water",75500,"Merton","rail",0,1,0,0.4405726,606000,482751.485648085,123248.514351915,0
"317",15677,NA,NA,"S","N","F",NA,NA,NA,NA,NA,NA,"N14","E",103,6,5.3,2.5,340,169,"Poor","owner-occupied",51.638743,-0.130555,45,62,4,"southgate","Thames Water",47600,"Enfield","tube",1,0,0,0.512655,688000,564852.30486901,123147.69513099,0
"318",503,NA,NA,"T","N","F",NA,NA,NA,NA,NA,NA,"RM7","D",69,4,3.5,0.8,262,56,"Good","owner-occupied",51.597474,0.161808,94,30,6,"romford","Essex & Suffolk Water",45700,"Havering","light_rail",0,1,1,1.9872372,445000,321931.626258433,123068.373741567,0
"319",8151,NA,NA,"T","N","F",NA,NA,NA,NA,NA,NA,"W11","D",102,5,4.2,2,232,110,"Average","owner-occupied",51.511562,-0.211194,58,14,2,"holland park","Thames Water",40800,"Kensington and Chelsea","tube",1,0,0,0.4020458,1330000,1207127.90095642,122872.09904358,0
"320",15836,NA,NA,"F","N","L",NA,NA,NA,NA,NA,NA,"E5","C",74.66,4,2.6,1.9,210,149,"Average","owner-occupied",51.56426,-0.051026,83,12,2,"clapton","Thames Water",44600,"Hackney","light_rail",0,0,1,0.3336918,561000,439044.978678061,121955.021321939,0
"321",10643,NA,NA,"F","N","L",NA,NA,NA,NA,NA,NA,"SE21","D",61,3,3.3,1.5,284,125,"Very Poor","owner-occupied",51.440203,-0.100629,98,50,3,"tulse hill","Thames Water",58200,"Southwark","rail",0,1,0,0.3865108,495000,374139.545381812,120860.454618188,0
"322",595,NA,NA,"T","N","F",NA,NA,NA,NA,NA,NA,"SW1V","D",109,4,4.1,2.2,194,104,"Average","rental (private)",51.488154,-0.131017,57,9,1,"pimlico","Thames Water",51700,"Westminster","tube",1,0,0,0.3249922,1376000,1256387.35013382,119612.64986618,0
"323",2113,NA,NA,"F","N","L",NA,NA,NA,NA,NA,NA,"NW7","C",60,3,1.5,1.5,130,130,"Good","owner-occupied",51.606718,-0.233667,75,70,4,"mill hill broadway","Affinity Water",58700,"Barnet","rail",0,1,0,1.1489686,451000,331505.740100998,119494.259899002,0
"324",3098,NA,NA,"T","N","F",NA,NA,NA,NA,NA,NA,"E7","D",77,5,3.3,0.8,226,49,"Average","rental (private)",51.551427,0.021282,162,14,3,"forest gate","Thames Water",48700,"Newham","rail",0,1,0,0.4095026,563000,444016.151102284,118983.848897716,0
"325",10304,NA,NA,"F","N","L",NA,NA,NA,NA,NA,NA,"SE4","E",44,3,3.9,2.6,455,304,"Average","owner-occupied",51.464109,-0.026777,100,41,2,"st johns","Thames Water",60400,"Lewisham","rail",0,1,0,0.5393752,468000,349479.131308227,118520.868691773,0
"326",3734,NA,NA,"T","N","F",NA,NA,NA,NA,NA,NA,"W7","D",92,5,4.5,1.3,278,76,"Good","owner-occupied",51.50851,-0.336853,54,25,4,"hanwell","Thames Water",54100,"Ealing","rail",0,1,0,0.5045768,625000,506636.501107515,118363.498892485,0
"327",8082,NA,NA,"F","N","L",NA,NA,NA,NA,NA,NA,"DA8","D",52,3,2.8,1.7,277,173,"Average","owner-occupied",51.479578,0.161787,35,42,6,"erith","Thames Water",45800,"Bexley","rail",0,1,0,0.8941946,335000,216830.483392658,118169.516607342,0
"328",8569,NA,NA,"S","N","F",NA,NA,NA,NA,NA,NA,"BR3","D",181,9,8.1,3.3,252,103,"Very Poor","owner-occupied",51.412176,-0.043997,106,32,3,"kent house","Thames Water",61300,"Bromley","rail",0,1,0,0.2031978,1111000,993669.023989911,117330.976010089,0
"329",15306,NA,NA,"F","N","L",NA,NA,NA,NA,NA,NA,"BR1","B",69.27,3,1.7,1.6,149,139,"Good","owner-occupied",51.411171,0.006936,179,68,4,"shortlands","Thames Water",56100,"Bromley","rail",0,1,0,0.534404,436000,318773.541837411,117226.458162589,0
"330",9771,NA,NA,"T","N","F",NA,NA,NA,NA,NA,NA,"SE27","E",84,5,5,2.1,333,140,"Good","owner-occupied",51.431096,-0.113062,28,86,3,"west norwood","Thames Water",53400,"Lambeth","rail",0,1,0,0.7382232,645000,528318.689679418,116681.310320582,0
"331",15077,NA,NA,"T","N","F",NA,NA,NA,NA,NA,NA,"EN3","E",103,6,5.9,3.3,324,182,"Good","owner-occupied",51.668926,-0.04577,80,25,6,"turkey street","Thames Water",39700,"Enfield","light_rail",0,0,1,0.4063956,545000,428351.833684723,116648.166315277,0
"332",4023,NA,NA,"D","N","F",NA,NA,NA,NA,NA,NA,"BR6","E",74,4,5.7,2.7,435,201,"Average","owner-occupied",51.360974,0.081101,73,96,6,"orpington","Thames Water",50500,"Bromley","rail",0,1,0,1.391936,503000,386503.882431182,116496.117568818,0
"333",6736,NA,NA,"T","N","F",NA,NA,NA,NA,NA,NA,"HA3","E",70,5,4.9,2.8,420,236,"Average","owner-occupied",51.594371,-0.3019,70,49,4,"queensbury","Affinity Water",48900,"Brent","tube",1,0,0,0.8879806,527000,411403.635121341,115596.364878659,0
"334",7980,NA,NA,"T","N","F",NA,NA,NA,NA,NA,NA,"IG11","E",98,5,5.7,1.1,330,62,"Average","owner-occupied",51.545586,0.098918,67,8,4,"upney","Essex & Suffolk Water",46700,"Barking and Dagenham","tube",1,0,0,0.5710666,515000,399492.795621841,115507.204378159,0
"335",11950,NA,NA,"S","N","F",NA,NA,NA,NA,NA,NA,"NW7","D",128,5,6.1,2.2,270,94,"Good","owner-occupied",51.614126,-0.255825,131,66,4,"mill hill broadway","Affinity Water",53800,"Barnet","rail",0,1,0,0.4424368,798000,682507.584105303,115492.415894697,0
"336",13775,NA,NA,"T","N","F",NA,NA,NA,NA,NA,NA,"BR4","E",106,5,5.5,2.5,322,148,"Average","owner-occupied",51.378969,-0.017924,73,73,5,"west wickham","Thames Water",57200,"Bromley","rail",0,1,0,0.3653832,622000,506687.624376538,115312.375623462,0
"337",1167,NA,NA,"T","N","F",NA,NA,NA,NA,NA,NA,"E11","D",79,4,3.7,0.9,267,65,"Average","owner-occupied",51.57345,0.008188,96,20,3,"leytonstone","Thames Water",54000,"Redbridge","tube",1,0,0,0.4766138,642000,527375.483262609,114624.516737391,0
"338",9598,NA,NA,"S","N","F",NA,NA,NA,NA,NA,NA,"BR5","D",55.09,3,3.9,3.2,426,341,"Average","owner-occupied",51.389955,0.102452,75,67,6,"st mary cray","Thames Water",49300,"Bromley","rail",0,1,0,0.5648526,446000,331797.932759271,114202.067240729,0
"339",11433,NA,NA,"D","N","F",NA,NA,NA,NA,NA,NA,"RM11","D",116,6,5.6,2.1,276,103,"Average","owner-occupied",51.564395,0.202729,23,27,6,"emerson park","Essex & Suffolk Water",49900,"Havering","light_rail",0,0,1,1.205516,578000,463936.427640191,114063.572359809,0
"340",2231,NA,NA,"D","N","F",NA,NA,NA,NA,NA,NA,"RM3","E",24,5,2.7,0.5,631,100,"Average","owner-occupied",51.600638,0.202648,56,49,6,"gidea park","Essex & Suffolk Water",37900,"Havering","rail",0,1,0,1.8710354,372000,257962.660657343,114037.339342657,0
"341",6698,NA,NA,"F","N","L",NA,NA,NA,NA,NA,NA,"N3","C",106,5,2.8,2.3,152,123,"Average","owner-occupied",51.59594,-0.206047,17,69,4,"finchley central","Affinity Water",58600,"Barnet","tube",1,0,0,0.7220668,686000,572073.491519368,113926.508480632,0
"342",486,NA,NA,"S","N","F",NA,NA,NA,NA,NA,NA,"UB3","D",90,5,3.4,1.4,198,76,"Average","rental (private)",51.498755,-0.42156,103,31,5,"hayes and harlington","Affinity Water",51600,"Hillingdon","rail",0,1,0,0.531297,524000,410671.658721466,113328.341278534,0
"343",8689,NA,NA,"F","N","L",NA,NA,NA,NA,NA,NA,"SE15","D",70,3,3.1,2.1,228,158,"Very Poor","owner-occupied",51.462802,-0.062737,74,24,2,"nunhead","Thames Water",45300,"Southwark","rail",0,1,0,0.6878898,537000,423687.30860936,113312.69139064,0
"344",3382,NA,NA,"F","N","L",NA,NA,NA,NA,NA,NA,"SW20","C",124,4,2.6,2.2,118,100,"Average","owner-occupied",51.418799,-0.22441,37,55,4,"raynes park","Thames Water",75500,"Merton","rail",0,1,0,0.8506966,770000,656831.791452514,113168.208547486,0
"345",6968,NA,NA,"T","N","F",NA,NA,NA,NA,NA,NA,"RM8","C",139,6,4.3,2.8,176,113,"Average","rental (private)",51.556813,0.13801,146,14,5,"chadwell heath","Essex & Suffolk Water",40900,"Barking and Dagenham","rail",0,1,0,1.233479,567000,454232.499564364,112767.500435636,0
"346",5614,NA,NA,"T","N","F",NA,NA,NA,"LEE",NA,NA,"SE12","D",87.36,5,4.5,4.3,195,188,"Average","owner-occupied",51.449736,0.00513,95,21,3,"hither green","Thames Water",63700,"Lewisham","rail",0,1,0,0.525083,728000,615248.235940507,112751.764059493,0
"347",757,NA,NA,"T","N","F",NA,NA,NA,NA,NA,NA,"E17","E",105,5,5.4,1.4,292,74,"Very Poor","owner-occupied",51.593179,-0.008656,154,22,4,"wood street","Thames Water",56400,"Waltham Forest","light_rail",0,0,1,0.6673836,703000,591268.886140994,111731.113859006,0
"348",7581,NA,NA,"D","N","F",NA,NA,NA,NA,NA,NA,"EN1","E",116,6,6.1,3.5,296,168,"Good","owner-occupied",51.643793,-0.072433,17,25,5,"bush hill park","Thames Water",49900,"Enfield","light_rail",0,0,1,0.1944982,655000,543440.53804506,111559.46195494,0
"349",15275,NA,NA,"T","N","F",NA,NA,NA,NA,NA,NA,"SM6","E",94,5,5.4,2.6,323,153,"Average","owner-occupied",51.358489,-0.141728,108,65,5,"wallington","SES Water",55100,"Sutton","rail",0,1,0,0.65247,543000,431604.116283968,111395.883716032,0
"350",14863,NA,NA,"S","N","F",NA,NA,NA,NA,NA,NA,"DA16","D",88,5,4.9,2.3,313,144,"Average","owner-occupied",51.469755,0.09712,88,57,4,"welling","Thames Water",49400,"Bexley","rail",0,1,0,0.5642312,480000,369088.77528479,110911.22471521,0
"351",6018,NA,NA,"T","N","F",NA,NA,NA,NA,NA,NA,"TW8","C",113,4,3.4,2,170,98,"Average","owner-occupied",51.492772,-0.308457,36,16,4,"brentford","Thames Water",50200,"Hounslow","rail",0,1,0,0.3827824,650000,539498.267648245,110501.732351755,0
"352",10565,NA,NA,"F","N","L",NA,NA,NA,NA,NA,NA,"SW3","C",45,2,1.9,0.7,238,84,"Good","owner-occupied",51.48777,-0.168799,44,12,1,"south kensington","Thames Water",59900,"Kensington and Chelsea","tube",3,0,0,0.6885112,938000,827510.274145885,110489.725854115,0
"353",5438,NA,NA,"T","N","F",NA,NA,NA,"WIMBLEDON",NA,NA,"SW19","D",50,4,3.1,0.7,320,69,"Average","owner-occupied",51.426936,-0.216039,40,57,3,"wimbledon","Thames Water",68500,"Merton","tube",1,1,1,0.6909968,653000,543288.267543952,109711.732456048,0
"354",6020,NA,NA,"T","N","F",NA,NA,NA,NA,NA,NA,"IG6","E",82,5,5,1.1,351,72,"Average","owner-occupied",51.606372,0.105706,97,37,4,"hainault","Thames Water",41800,"Redbridge","tube",1,0,0,0.7028034,456000,346402.150588937,109597.849411063,0
"355",14712,NA,NA,"S","N","F",NA,NA,NA,NA,NA,NA,"SM6","D",159.0549,8,8.5,8.3,227,221,"Good","owner-occupied",51.357472,-0.147342,89,71,5,"wallington","SES Water",55100,"Sutton","rail",0,1,0,0.4455438,841000,731481.677146006,109518.322853994,0
"356",9602,NA,NA,"T","N","F",NA,NA,NA,NA,NA,NA,"SE23","D",91,4,4.7,2,291,123,"Average","owner-occupied",51.434419,-0.038818,91,33,4,"lower sydenham","Thames Water",45100,"Lewisham","rail",0,1,0,0.7574866,475000,366169.495858038,108830.504141962,0
"357",7264,NA,NA,"T","N","F",NA,NA,NA,NA,NA,NA,"RM7","D",98,3,4.7,2.4,271,138,"Average","owner-occupied",51.568498,0.154169,149,14,5,"chadwell heath","Essex & Suffolk Water",48400,"Havering","rail",0,1,0,1.4143064,496000,387309.697587908,108690.302412092,0
"358",13436,NA,NA,"T","N","F",NA,NA,NA,NA,NA,NA,"RM11","E",112.9,6,6.2,6,300,292,"Average","owner-occupied",51.572986,0.211182,97,26,6,"emerson park","Essex & Suffolk Water",54000,"Havering","light_rail",0,0,1,0.4983628,579000,471308.87831474,107691.12168526,0
"359",6812,NA,NA,"F","N","L",NA,NA,NA,NA,NA,NA,"N1","C",73,3,2.2,2.1,171,164,"Average","owner-occupied",51.536081,-0.120086,73,25,1,"king's cross","Thames Water",50900,"Islington","tube",6,1,0,0.4648072,844000,736309.45667087,107690.54332913,0
"360",9512,NA,NA,"F","N","L",NA,NA,NA,NA,NA,NA,"SW1V","C",61,3,1.9,1.1,183,103,"Very Poor","owner-occupied",51.490259,-0.142339,113,12,1,"pimlico","Thames Water",61900,"Westminster","tube",1,0,0,0.4592146,807000,699556.644681686,107443.355318314,0
"361",10473,NA,NA,"S","N","F",NA,NA,NA,NA,NA,NA,"DA5","D",148,7,6.1,1.8,213,61,"Very Poor","owner-occupied",51.446013,0.147768,60,21,6,"bexley","Thames Water",61700,"Bexley","rail",0,1,0,0.4822064,843000,735651.162771383,107348.837228617,0
"362",3412,NA,NA,"T","N","F",NA,NA,NA,NA,NA,NA,"E10","C",81,5,2.7,0.7,188,47,"Good","owner-occupied",51.579277,-0.003924,180,26,4,"wood street","Thames Water",50300,"Waltham Forest","light_rail",0,0,1,0.7562438,5e+05,393194.784325887,106805.215674113,0
"363",9803,NA,NA,"S","N","F",NA,NA,NA,"NEWBURY PARK",NA,NA,"IG3","D",64,4,3.8,1.2,331,106,"Average","owner-occupied",51.57482,0.095964,117,19,4,"newbury park","Essex & Suffolk Water",49700,"Redbridge","tube",1,0,0,0.40391,465000,358571.127608241,106428.872391759,0
"364",11355,NA,NA,"T","N","F",NA,NA,NA,NA,NA,NA,"DA14","E",77.53,4,5.4,4.8,418,365,"Poor","owner-occupied",51.421813,0.109164,114,46,5,"sidcup","Thames Water",50500,"Bexley","rail",0,1,0,1.224158,494000,387776.510380242,106223.489619758,0
"365",11940,NA,NA,"S","N","F",NA,NA,NA,NA,NA,NA,"DA7","C",104.04,4,3.3,3.1,215,196,"Good","owner-occupied",51.472157,0.137879,67,54,5,"bexleyheath","Thames Water",53500,"Bexley","rail",0,1,0,0.680433,561000,455803.912963104,105196.087036896,0
"366",1764,NA,NA,"T","N","F",NA,NA,NA,NA,NA,NA,"UB7","C",75,4,2.6,1.2,198,90,"Good","owner-occupied",51.507344,-0.451969,93,32,6,"west drayton","Affinity Water",50300,"Hillingdon","rail",0,1,0,1.3683228,465000,360542.627917059,104457.372082941,0
"367",6206,NA,NA,"F","N","L",NA,NA,NA,NA,NA,NA,"E14","C",65,3,2.1,2.1,193,195,"Good","rental (private)",51.500302,-0.027173,104,5,2,"heron quays","Thames Water",85200,"Tower Hamlets","light_rail",0,0,1,0.556153,565000,460844.715925637,104155.284074363,0
"368",9805,NA,NA,"F","N","L",NA,NA,NA,NA,NA,NA,"SE17","C",63.36,3,2.8,2.3,269,220,"Very Poor","owner-occupied",51.48527,-0.099808,126,4,2,"kennington","Thames Water",46800,"Southwark","tube",1,0,0,0.4766138,491000,386960.937023835,104039.062976165,0
"369",2698,NA,NA,"F","N","L",NA,NA,NA,NA,NA,NA,"SW4","E",67,5,4.8,1.7,380,131,"Average","rental (social)",51.472706,-0.12825,62,9,2,"stockwell","Thames Water",49100,"Lambeth","tube",2,0,0,0.3753256,529000,425005.639738614,103994.360261386,0
"370",5338,NA,NA,"T","N","F",NA,NA,NA,NA,NA,NA,"SW18","D",90,5,4.2,4.1,256,251,"Good","owner-occupied",51.450225,-0.197718,116,11,3,"southfields","Thames Water",76700,"Wandsworth","tube",1,0,0,0.6568198,915000,811041.539543877,103958.460456123,0
"371",15421,NA,NA,"F","N","L",NA,NA,NA,NA,NA,NA,"SW16","C",59,3,1.6,1.4,144,122,"Good","owner-occupied",51.418822,-0.12654,24,45,3,"streatham common","Thames Water",57700,"Croydon","rail",0,1,0,0.5225974,425000,321149.835429798,103850.164570202,0
"372",14846,NA,NA,"S","N","F",NA,NA,NA,NA,NA,NA,"E4","D",118,5,5.5,1.7,262,81,"Good","owner-occupied",51.617625,-0.022598,101,20,4,"highams park","Thames Water",49900,"Waltham Forest","light_rail",0,0,1,1.6510598,639000,535153.554246272,103846.445753728,0
"373",8680,NA,NA,"D","N","F",NA,NA,NA,NA,NA,NA,"EN2","D",56,3,3.1,1,319,95,"Average","owner-occupied",51.654109,-0.09848,104,59,5,"enfield chase","Thames Water",54900,"Enfield","rail",0,1,0,0.5816304,506000,403000.522732356,102999.477267644,0
"374",7933,NA,NA,"S","N","F",NA,NA,NA,NA,NA,NA,"DA15","C",87,4,3,0.9,194,60,"Good","owner-occupied",51.452984,0.093055,64,42,4,"falconwood","Thames Water",58700,"Bexley","rail",0,1,0,0.9637914,551000,448658.354258666,102341.645741334,0
"375",6069,NA,NA,"S","N","F",NA,NA,NA,NA,NA,NA,"BR3","E",109,7,5.8,2.2,302,111,"Average","owner-occupied",51.410336,-0.039892,27,29,4,"clock house","Thames Water",61300,"Bromley","rail",0,1,0,0.086996,677000,574781.546414805,102218.453585195,0
"376",2284,NA,NA,"S","N","F",NA,NA,NA,NA,NA,NA,"UB6","D",91,5,4.7,1,293,62,"Good","owner-occupied",51.541026,-0.343787,109,24,4,"greenford","Affinity Water",52300,"Ealing","tube",1,1,0,0.233025,577000,474871.155611457,102128.844388543,0
"377",1248,NA,NA,"F","N","L",NA,NA,NA,NA,NA,NA,"E1","D",60,3,2.7,2.5,270,246,"Average","owner-occupied",51.514049,-0.054986,156,16,2,"shadwell","Thames Water",43200,"Tower Hamlets","light_rail",0,0,1,0.1951196,431000,329070.381881848,101929.618118152,0
"378",9900,NA,NA,"F","N","L",NA,NA,NA,NA,NA,NA,"W11","E",66,3,6.3,2.2,535,187,"Very Poor","rental (private)",51.516715,-0.202964,NA,23,2,"ladbroke grove","Thames Water",47100,"Kensington and Chelsea","tube",2,0,0,0.4175808,760000,658597.484812065,101402.515187935,0
"379",9574,NA,NA,"F","N","L",NA,NA,NA,NA,NA,NA,"SE19","C",82,4,2.1,1.5,138,94,"Average","rental (private)",51.430365,-0.07966,21,77,3,"sydenham hill","Thames Water",56500,"Croydon","rail",0,1,0,0.3237494,493000,391764.332615462,101235.667384538,0
"380",12790,NA,NA,"F","N","L",NA,NA,NA,NA,NA,NA,"KT6","E",64,3,4.8,1.5,429,136,"Average","owner-occupied",51.396908,-0.303716,30,21,6,"surbiton","Thames Water",59900,"Kingston upon Thames","rail",0,1,0,0.2379962,433000,332262.812661983,100737.187338017,0
"381",852,NA,NA,"F","N","L",NA,NA,NA,"WALTHAMSTOW",NA,NA,"E17","C",55.82,3,2.1,2,228,218,"Average","owner-occupied",51.586248,-0.009811,79,37,4,"wood street","Thames Water",42100,"Waltham Forest","light_rail",0,0,1,0.3809182,358000,257298.906390432,100701.093609568,0
"382",262,NA,NA,"F","N","L",NA,NA,NA,NA,NA,NA,"SM1","D",54,3,2.2,1.3,238,140,"Average","owner-occupied",51.371792,-0.193055,106,40,4,"sutton common","SES Water",46800,"Sutton","rail",0,1,0,0.46605,355000,254325.680264172,100674.319735828,0
"383",4412,NA,NA,"T","N","F",NA,NA,NA,NA,NA,NA,"UB5","D",82,5,3.4,1.1,235,74,"Average","owner-occupied",51.548661,-0.358581,171,36,5,"northolt","Affinity Water",53500,"Ealing","tube",1,0,0,0.553046,512000,411412.876689136,100587.123310864,0
"384",10015,NA,NA,"T","N","F",NA,NA,NA,NA,NA,NA,"UB8","C",83,5,2.5,1.2,168,79,"Good","owner-occupied",51.525586,-0.477918,45,33,6,"west drayton","Affinity Water",51700,"Hillingdon","rail",0,1,0,1.1738246,480000,380324.934960662,99675.0650393383,0
"385",1272,NA,NA,"T","N","F",NA,NA,NA,NA,NA,NA,"TW9","D",63,3,2.7,0.5,228,34,"Good","owner-occupied",51.465303,-0.296186,74,10,4,"richmond","Thames Water",61900,"Richmond upon Thames","tube",1,1,1,0.4150952,682000,582369.658923438,99630.3410765619,0
"386",10895,NA,NA,"S","N","F",NA,NA,NA,NA,NA,NA,"KT6","D",104,4,5.1,2,280,105,"Average","owner-occupied",51.38238,-0.297226,103,28,5,"surbiton","Thames Water",63300,"Kingston upon Thames","rail",0,1,0,1.090557,689000,589466.925515933,99533.0744840674,0
"387",4265,NA,NA,"T","N","F",NA,NA,NA,NA,NA,NA,"KT4","D",60,4,2.9,0.6,279,55,"Average","owner-occupied",51.3826,-0.233126,142,29,4,"worcester park","SES Water",61700,"Sutton","rail",0,1,0,0.8382686,471000,371733.702710481,99266.2972895189,0
"388",7755,NA,NA,"T","N","F",NA,NA,NA,NA,NA,NA,"IG11","D",114,5,4.1,2.4,205,119,"Good","owner-occupied",51.541932,0.102557,47,5,4,"upney","Essex & Suffolk Water",46700,"Barking and Dagenham","tube",1,0,0,0.2448316,504000,404794.749393367,99205.2506066329,0
"389",11052,NA,NA,"F","N","L",NA,NA,NA,NA,NA,NA,"SW20","C",51.3,4,2.3,1.6,275,188,"Average","owner-occupied",51.40933,-0.24472,133,16,4,"new malden","Thames Water",57900,"Merton","rail",0,1,0,1.0433306,384000,284915.191875167,99084.8081248334,0
"390",6476,NA,NA,"S","N","F",NA,NA,NA,NA,NA,NA,"UB10","E",78,5,4.9,1.1,359,74,"Average","owner-occupied",51.536669,-0.453455,36,58,6,"uxbridge","Affinity Water",57800,"Hillingdon","tube",2,0,0,1.774097,545000,446094.767952162,98905.2320478377,0
"391",4516,NA,NA,"F","N","L",NA,NA,NA,NA,NA,NA,"SW17","D",86,5,4.3,1.7,284,115,"Very Poor","owner-occupied",51.435141,-0.156992,64,31,3,"tooting bec","Thames Water",63500,"Wandsworth","tube",1,0,0,0.2007122,726000,627313.106903167,98686.8930968333,0
"392",14665,NA,NA,"T","N","F",NA,NA,NA,NA,NA,NA,"UB2","D",90,5,3.2,1.4,199,84,"Average","owner-occupied",51.493231,-0.386285,89,33,4,"southall","Thames Water",43800,"Ealing","rail",0,1,0,1.2651704,482000,383841.27648502,98158.7235149799,0
"393",10085,NA,NA,"T","N","F",NA,NA,NA,NA,NA,NA,"SM2","C",61,3,2.4,0.9,220,77,"Good","owner-occupied",51.353563,-0.199445,17,79,5,"belmont","SES Water",53300,"Sutton","rail",0,1,0,1.1831456,445000,347099.508707409,97900.4912925909,0
"394",10518,NA,NA,"F","N","L",NA,NA,NA,NA,NA,NA,"KT1","C",70,3,1.4,1.3,116,106,"Average","rental (private)",51.409764,-0.307856,137,11,6,"kingston","Thames Water",63900,"Kingston upon Thames","rail",0,1,0,0.4946344,485000,387455.855956922,97544.1440430784,0
"395",10851,NA,NA,"F","N","L",NA,NA,NA,NA,NA,NA,"W4","D",58.7,3,3.9,2.8,394,287,"Very Poor","owner-occupied",51.495183,-0.25148,110,10,2,"turnham green","Thames Water",70100,"Hounslow","tube",2,0,0,0.1746134,636000,539350.252775693,96649.7472243066,0
"396",6773,NA,NA,"T","N","F",NA,NA,NA,NA,NA,NA,"W12","C",81,5,2.8,1.2,200,85,"Good","rental (private)",51.514772,-0.240915,63,10,2,"east acton","Thames Water",53900,"Hammersmith and Fulham","tube",1,0,0,0.4747496,825000,729429.283581803,95570.7164181966,0
"397",3959,NA,NA,"F","N","L",NA,NA,NA,NA,NA,NA,"N14","C",54,3,1.5,1.2,149,120,"Good","owner-occupied",51.628173,-0.126323,68,71,4,"southgate","Thames Water",47600,"Enfield","tube",1,0,0,0.3815396,383000,287432.031239959,95567.968760041,0
"398",13708,NA,NA,"F","N","L",NA,NA,NA,NA,NA,NA,"N1","B",46.97,3,1.2,0.9,155,112,"Average","owner-occupied",51.541556,-0.108266,119,42,2,"caledonian road and barnsbury","Thames Water",67200,"Islington","light_rail",0,0,1,0.5201118,526000,430998.617815055,95001.3821849449,0
"399",9876,NA,NA,"S","N","F",NA,NA,NA,NA,NA,NA,"BR2","E",83,4,5.6,1.9,323,97,"Poor","owner-occupied",51.403095,0.008006,139,41,4,"shortlands","Thames Water",63100,"Bromley","rail",0,1,0,0.3442556,586000,491000.568693977,94999.4313060232,0
"400",2913,NA,NA,"F","N","L",NA,NA,NA,NA,NA,NA,"NW3","D",48,3,2.4,1.5,287,181,"Average","owner-occupied",51.554792,-0.163079,144,60,3,"hampstead heath","Thames Water",58200,"Camden","light_rail",0,0,1,0.2243254,497000,402269.239017697,94730.7609823031,0
"401",745,NA,NA,"S","N","F",NA,NA,NA,"CHEAM",NA,NA,"SM1","E",163,7,10,4.1,327,128,"Poor","owner-occupied",51.359831,-0.207688,107,58,5,"cheam","SES Water",59000,"Sutton","rail",0,1,0,0.5331612,992000,897385.660685263,94614.3393147368,0
"402",177,NA,NA,"S","N","F",NA,NA,NA,NA,NA,NA,"SM4","D",68,4,3.7,0.8,310,68,"Average","owner-occupied",51.396469,-0.183286,25,24,3,"belgrave walk","SES Water",47500,"Merton","light_rail",0,0,1,0.671112,503000,408606.693978832,94393.3060211675,0
"403",2035,NA,NA,"T","N","F",NA,NA,NA,NA,NA,NA,"E5","E",126,6,7.9,2.9,302,102,"Very Poor","owner-occupied",51.554013,-0.049675,67,22,2,"hackney central","Thames Water",49700,"Hackney","light_rail",0,0,1,0.5940584,1060000,965798.54072251,94201.4592774898,0
"404",12612,NA,NA,"S","N","F",NA,NA,NA,NA,NA,NA,"SW11","E",120,5,5.9,2.7,279,126,"Very Poor","rental (private)",51.457887,-0.164698,16,16,2,"clapham junction","Thames Water",80600,"Wandsworth","light_rail",0,1,1,0.6406634,1288000,1193848.52319328,94151.4768067193,0
"405",6321,NA,NA,"S","N","F",NA,NA,NA,NA,NA,NA,"RM1","D",72,3,3.1,0.9,244,67,"Average","owner-occupied",51.591881,0.175545,47,30,6,"romford","Essex & Suffolk Water",49800,"Havering","light_rail",0,1,1,1.4093352,458000,364076.271749491,93923.7282505085,0
"406",14403,NA,NA,"T","N","F",NA,NA,NA,NA,NA,NA,"UB3","D",78,4,3.4,2,229,133,"Average","rental (social)",51.512734,-0.419938,48,35,5,"hayes and harlington","Affinity Water",49200,"Hillingdon","rail",0,1,0,0.6655194,456000,362467.145092439,93532.8549075613,0
"407",3046,NA,NA,"F","N","L",NA,NA,NA,NA,NA,NA,"HA0","C",55.67,4,2.6,1.6,281,172,"Average","owner-occupied",51.561652,-0.321966,140,64,4,"sudbury and harrow road","Affinity Water",50600,"Brent","rail",0,1,0,0.599651,379000,286418.618669605,92581.3813303952,0
"408",3349,NA,NA,"F","N","L",NA,NA,NA,NA,NA,NA,"E18","D",71,3,2.7,2.4,198,180,"Average","rental (private)",51.590516,0.022453,33,37,4,"south woodford","Thames Water",63400,"Redbridge","tube",1,0,0,0.425659,475000,382462.99944173,92537.0005582702,0
"409",5263,NA,NA,"F","N","L",NA,NA,NA,NA,NA,NA,"N6","C",92,4,2.1,1.9,126,120,"Good","owner-occupied",51.571979,-0.140987,70,104,2,"archway","Thames Water",71300,"Camden","tube",1,0,0,0.5325398,967000,874570.108208839,92429.8917911615,0
"410",13297,NA,NA,"S","N","F",NA,NA,NA,NA,NA,NA,"DA7","D",133,8,5.6,2.4,241,101,"Average","owner-occupied",51.467981,0.164536,59,44,6,"barnehurst","Thames Water",55200,"Bexley","rail",0,1,0,0.5083052,595000,502778.206014243,92221.7939857566,0
"411",1941,NA,NA,"F","N","L",NA,NA,NA,NA,NA,NA,"N1","C",47,2,1.6,1.2,191,148,"Average","owner-occupied",51.53322,-0.116657,65,25,1,"king's cross","Thames Water",44400,"Islington","tube",6,1,0,0.3548194,510000,417877.038952651,92122.961047349,0
"412",11465,NA,NA,"F","N","L",NA,NA,NA,NA,NA,NA,"SW15","D",54.56,2,1.7,1.6,204,200,"Good","rental (private)",51.459884,-0.210149,105,24,2,"east putney","Thames Water",66300,"Kingston upon Thames","tube",1,0,0,0.0323128,523000,431674.53070962,91325.4692903797,0
"413",10040,NA,NA,"F","N","L",NA,NA,NA,NA,NA,NA,"TW11","B",78,3,1.1,1.1,82,82,"Good","owner-occupied",51.417618,-0.31874,4,12,6,"hampton wick","Thames Water",63800,"Richmond upon Thames","rail",0,1,0,0.37284,539000,447932.10390209,91067.8960979105,0
"414",10167,NA,NA,"T","N","F",NA,NA,NA,NA,NA,NA,"DA15","C",91,4,2.5,1.1,157,66,"Average","owner-occupied",51.447139,0.106057,90,35,5,"sidcup","Thames Water",51000,"Bexley","rail",0,1,0,1.0371166,443000,351991.716093927,91008.2839060727,0
"415",10021,NA,NA,"D","N","F",NA,NA,NA,NA,NA,NA,"HA7","E",161,7,9.9,3.4,347,119,"Average","owner-occupied",51.619686,-0.319474,63,99,5,"stanmore","Affinity Water",54300,"Harrow","tube",1,0,0,0.9606844,999000,908099.93357087,90900.0664291297,0
"416",6172,NA,NA,"T","N","F",NA,NA,NA,"WALTHAMSTOW",NA,NA,"E17","C",68,3,2.5,0.7,188,48,"Average","owner-occupied",51.576423,-0.031903,153,10,3,"st james street","Thames Water",48100,"Waltham Forest","light_rail",0,0,1,0.562367,525000,434373.68082449,90626.3191755096,0
"417",13159,NA,NA,"F","N","L",NA,NA,NA,NA,NA,NA,"SE25","D",55.08,3,3.2,2.4,350,261,"Average","rental (private)",51.399068,-0.065301,45,42,3,"harrington road","Thames Water",48100,"Croydon","light_rail",0,0,1,0.2460744,353000,262580.661720952,90419.338279048,0
"418",8964,NA,NA,"S","N","F",NA,NA,NA,NA,NA,NA,"EN5","D",133,7,5.6,2.3,218,89,"Poor","owner-occupied",51.653273,-0.182928,70,75,5,"high barnet","Affinity Water",55400,"Barnet","tube",1,0,0,0.565474,806000,715648.672549152,90351.3274508484,0
"419",11796,NA,NA,"T","N","F",NA,NA,NA,NA,NA,NA,"SE25","C",90,5,2.8,1,177,61,"Average","rental (private)",51.40039,-0.086652,104,60,4,"selhurst","Thames Water",53400,"Croydon","rail",0,1,0,0.6941038,479000,388773.32723168,90226.6727683205,0
"420",528,NA,NA,"T","N","F",NA,NA,NA,"ELTHAM",NA,NA,"SE9","D",165,7,7.3,4.2,250,143,"Average","owner-occupied",51.453479,0.064622,72,74,4,"eltham","Thames Water",59600,"Greenwich","rail",0,1,0,0.7276594,840000,749863.557544117,90136.4424558829,0
"421",1873,NA,NA,"F","N","L",NA,NA,NA,NA,NA,NA,"E14","B",40,2,0.8,0.8,110,110,"Good","rental (private)",51.498861,-0.020622,64,6,2,"south quay","Thames Water",64700,"Tower Hamlets","light_rail",0,0,1,0.5083052,438000,347942.545562366,90057.4544376339,0
"422",5328,NA,NA,"T","N","F",NA,NA,NA,NA,NA,NA,"CR2","E",94,4,5.9,2.2,354,130,"Average","owner-occupied",51.364343,-0.089735,142,70,5,"south croydon","Thames Water",51400,"Croydon","rail",0,1,0,0.1789632,467000,376975.012422239,90024.9875777607,0
"423",9042,NA,NA,"F","N","L",NA,NA,NA,NA,NA,NA,"E17","E",50,2,3.6,2.5,403,281,"Average","owner-occupied",51.582608,-0.038809,88,10,3,"st james street","Thames Water",50700,"Waltham Forest","light_rail",0,0,1,0.3280992,397000,307295.073778002,89704.9262219976,0
"424",14506,NA,NA,"S","N","F",NA,NA,NA,NA,NA,NA,"TW7","C",68,5,2.5,0.8,210,64,"Average","rental (private)",51.460874,-0.348014,65,17,5,"hounslow","Thames Water",58400,"Hounslow","rail",0,1,0,0.9209148,507000,417360.324102283,89639.6758977171,0
"425",10139,NA,NA,"F","N","L",NA,NA,NA,NA,NA,NA,"E16","D",55,4,3,2.5,308,254,"Average","rental (private)",51.519298,0.019642,112,2,3,"canning town","Thames Water",40700,"Newham","tube",1,0,1,0.8103056,348000,258367.714928639,89632.2850713613,0
"426",8615,NA,NA,"F","N","L",NA,NA,NA,NA,NA,NA,"NW7","B",64,3,1.3,1.3,119,119,"Average","owner-occupied",51.614406,-0.205218,55,87,4,"mill hill east","Affinity Water",55000,"Barnet","tube",1,0,0,0.5660954,418000,328660.516591943,89339.4834080567,0
"427",14107,NA,NA,"T","N","F",NA,NA,NA,NA,NA,NA,"TW7","E",95,5,6.2,2.1,371,122,"Average","owner-occupied",51.467704,-0.325552,122,10,4,"isleworth","Thames Water",53100,"Hounslow","rail",0,1,0,1.015989,588000,498907.074492177,89092.9255078227,0
"428",13462,NA,NA,"S","N","F",NA,NA,NA,NA,NA,NA,"CR0","D",97,5,4.7,1.7,272,95,"Average","owner-occupied",51.37022,-0.036706,60,93,3,"addington village","Thames Water",52300,"Croydon","light_rail",0,0,1,1.715064,536000,447391.743766645,88608.2562333549,0
"429",1041,NA,NA,"T","N","F",NA,NA,NA,NA,NA,NA,"CR2","C",73.97,6,3.9,3.9,208,199,"Good","owner-occupied",51.348946,-0.110695,44,97,6,"purley oaks","Thames Water",58600,"Croydon","rail",0,1,0,0.8662316,468000,379522.288523586,88477.7114764145,0
"430",7044,NA,NA,"T","N","F",NA,NA,NA,NA,NA,NA,"E17","D",82,3,3.2,1,201,59,"Average","rental (private)",51.596662,-0.039229,209,20,3,"blackhorse road","Thames Water",50700,"Waltham Forest","tube",1,0,1,0.8115484,583000,494656.979765713,88343.0202342872,0
"431",1059,NA,NA,"T","N","F",NA,NA,NA,NA,NA,NA,"SW19","C",148,7,4.1,2.7,158,103,"Average","owner-occupied",51.409282,-0.203023,100,19,3,"merton park","Thames Water",72900,"Merton","light_rail",0,0,1,0.4517578,1128000,1039904.22861009,88095.7713899071,0
"432",11855,NA,NA,"T","N","F",NA,NA,NA,NA,NA,NA,"EN3","D",65,4,3.2,0.7,282,61,"Average","rental (private)",51.644254,-0.053509,78,20,5,"southbury","Thames Water",40800,"Enfield","light_rail",0,0,1,0.6170502,428000,339993.457075183,88006.5429248169,0
"433",9298,NA,NA,"F","N","L",NA,NA,NA,NA,NA,NA,"SE20","D",61,3,3,1.1,277,105,"Very Poor","rental (private)",51.416564,-0.069426,153,63,3,"crystal palace","Thames Water",54200,"Bromley","light_rail",0,1,1,0.4020458,412000,324978.94975736,87021.0502426402,0
"434",7891,NA,NA,"F","N","L",NA,NA,NA,NA,NA,NA,"SW9","E",76,5,4.7,1.9,325,134,"Good","rental (social)",51.467502,-0.11552,235,12,2,"brixton","Thames Water",44500,"Lambeth","tube",1,1,0,0.4610788,552000,465180.120198197,86819.8798018028,0
"435",10404,NA,NA,"F","N","L",NA,NA,NA,NA,NA,NA,"SE4","D",47,3,2.8,1.3,304,143,"Good","rental (private)",51.461472,-0.035758,83,28,2,"brockley","Thames Water",58200,"Lewisham","light_rail",0,1,1,0.4144738,427000,340206.46697129,86793.5330287095,0
"436",1048,NA,NA,"F","N","L",NA,NA,NA,NA,NA,NA,"BR2","D",101,4,3.7,3.3,211,185,"Average","owner-occupied",51.405409,0.001019,21,43,4,"shortlands","Thames Water",60300,"Bromley","rail",0,1,0,0.2355106,509000,422352.803185367,86647.1968146334,0
"437",5234,NA,NA,"S","N","F",NA,NA,NA,NA,NA,NA,"SE18","C",49,3,2,0.7,228,79,"Average","rental (private)",51.485105,0.094137,66,37,4,"plumstead","Thames Water",43900,"Greenwich","rail",0,1,0,0.7202026,381000,294830.131494667,86169.8685053327,0
"438",10663,NA,NA,"F","N","L",NA,NA,NA,NA,NA,NA,"SM2","E",71,3,3.5,2.8,292,237,"Average","owner-occupied",51.359845,-0.185224,52,72,5,"sutton","SES Water",48800,"Sutton","rail",0,1,0,0.3970746,360000,273914.212211225,86085.7877887748,0
"439",4678,NA,NA,"T","N","F",NA,NA,NA,NA,NA,NA,"SE20","D",94,5,4,1.1,241,66,"Average","owner-occupied",51.420344,-0.051674,23,42,4,"penge east","Thames Water",55200,"Bromley","rail",0,1,0,0.1280084,518000,431994.640204121,86005.3597958789,0
"440",212,NA,NA,"F","N","L",NA,NA,NA,NA,NA,NA,"SE19","D",69,3,3.6,2.2,270,166,"Good","rental (private)",51.411186,-0.077588,82,80,4,"anerley","Thames Water",51400,"Croydon","light_rail",0,1,1,1.096771,358000,272305.227462539,85694.7725374611,0
"441",10708,NA,NA,"T","N","F",NA,NA,NA,NA,NA,NA,"BR3","D",99,6,4.4,2.7,250,154,"Average","owner-occupied",51.399132,-0.034563,46,40,5,"eden park","Thames Water",59500,"Bromley","rail",0,1,0,0.9370712,586000,500442.692891121,85557.3071088794,0
"442",90,NA,NA,"T","N","F",NA,NA,NA,NA,NA,NA,"SW11","D",110.94,4,4.2,3.2,226,173,"Average","owner-occupied",51.479019,-0.170993,58,6,2,"battersea park","Thames Water",63200,"Wandsworth","light_rail",0,1,1,1.1657464,1127000,1041508.02676979,85491.9732302149,0
"443",4591,NA,NA,"S","N","F",NA,NA,NA,NA,NA,NA,"SM5","D",112,6,4.4,2.3,223,113,"Poor","owner-occupied",51.371651,-0.16891,30,35,5,"carshalton","SES Water",48600,"Sutton","rail",0,1,0,0.2541526,606000,520607.202750577,85392.7972494231,0
"444",15291,NA,NA,"F","N","L",NA,NA,NA,NA,NA,NA,"UB6","D",48,3,2.3,1.3,278,151,"Average","owner-occupied",51.535279,-0.352069,105,23,4,"greenford","Affinity Water",52300,"Ealing","tube",1,1,0,0.8656102,325000,239728.546315801,85271.453684199,0
"445",7740,NA,NA,"F","N","L",NA,NA,NA,NA,NA,NA,"BR6","C",75,3,2.7,2.5,202,186,"Average","owner-occupied",51.377707,0.080782,41,94,6,"orpington","Thames Water",66900,"Bromley","rail",0,1,0,0.761215,404000,319145.828774029,84854.1712259707,0
"446",12962,NA,NA,"T","N","F",NA,NA,NA,NA,NA,NA,"BR7","D",86,5,3.5,1.9,231,120,"Average","owner-occupied",51.422594,0.070436,73,74,4,"new eltham","Thames Water",55000,"Bromley","rail",0,1,0,1.5559856,489000,404249.981827052,84750.018172948,0
"447",11049,NA,NA,"S","N","F",NA,NA,NA,NA,NA,NA,"IG8","D",86,4,3.8,1.2,231,68,"Good","owner-occupied",51.5934,0.04545,36,20,4,"south woodford","Thames Water",54400,"Redbridge","tube",1,0,0,0.9923758,545000,460323.70651878,84676.2934812198,0
"448",13608,NA,NA,"F","N","L",NA,NA,NA,NA,NA,NA,"SW19","C",84,4,2.7,2,185,133,"Average","owner-occupied",51.421149,-0.173103,99,17,3,"colliers wood","Thames Water",64700,"Merton","tube",1,0,0,0.2727946,643000,558700.040874873,84299.9591251268,0
"449",10459,NA,NA,"F","N","L",NA,NA,NA,NA,NA,NA,"SE5","C",50,3,1.6,0.9,179,106,"Good","rental (private)",51.471184,-0.079199,118,21,2,"peckham rye","Thames Water",56300,"Southwark","light_rail",0,1,1,0.487799,451000,366739.654342918,84260.345657082,0
"450",9425,NA,NA,"F","N","L",NA,NA,NA,NA,NA,NA,"SW17","D",112,6,4.7,2.4,217,113,"Average","owner-occupied",51.434939,-0.156741,60,31,3,"tooting bec","Thames Water",61600,"Wandsworth","tube",1,0,0,0.1976052,793000,708825.528148965,84174.4718510349,0
"451",1360,NA,NA,"T","N","F",NA,NA,NA,NA,NA,NA,"RM7","D",79,4,3.2,0.9,227,64,"Good","owner-occupied",51.574008,0.168486,114,17,6,"romford","Essex & Suffolk Water",48400,"Havering","light_rail",0,1,1,0.8401328,420000,335899.007478018,84100.9925219825,0
"452",8497,NA,NA,"F","N","L",NA,NA,NA,NA,NA,NA,"IG7","C",47,2,1.2,1.2,142,142,"Good","owner-occupied",51.612668,0.109146,15,53,4,"grange hill","Thames Water",41800,"Redbridge","tube",1,0,0,0.9824334,291000,207093.767491698,83906.2325083021,0
"453",9185,NA,NA,"T","N","F",NA,NA,NA,NA,NA,NA,"RM8","C",111,6,3.6,2.1,182,103,"Average","owner-occupied",51.545671,0.119171,92,7,5,"becontree","Essex & Suffolk Water",39400,"Barking and Dagenham","tube",1,0,0,0.6537128,457000,373520.986056929,83479.0139430714,0
"454",867,NA,NA,"S","N","F",NA,NA,NA,NA,NA,NA,"DA16","F",83,4,6.9,3.2,472,215,"Average","owner-occupied",51.466798,0.119517,78,46,5,"bexleyheath","Thames Water",51300,"Bexley","rail",0,1,0,0.7040462,452000,368674.632151758,83325.3678482421,0
"455",13427,NA,NA,"T","N","F",NA,NA,NA,NA,NA,NA,"UB6","C",91,4,3.1,1.1,191,63,"Good","owner-occupied",51.533846,-0.362055,57,33,4,"greenford","Affinity Water",44800,"Ealing","tube",1,1,0,1.3770224,484000,401346.016559297,82653.9834407032,0
"456",669,NA,NA,"T","N","F",NA,NA,NA,NA,NA,NA,"RM14","D",95,5,3.6,1.2,219,71,"Average","owner-occupied",51.571419,0.267721,85,29,6,"upminster","Essex & Suffolk Water",48100,"Havering","tube",1,0,1,1.5081378,455000,372806.992532415,82193.007467585,0
"457",10662,NA,NA,"T","N","F",NA,NA,NA,NA,NA,NA,"IG11","E",141,7,8.7,2.8,350,113,"Average","owner-occupied",51.549463,0.102356,117,10,4,"upney","Essex & Suffolk Water",46700,"Barking and Dagenham","tube",1,0,0,0.863746,589000,507064.731428315,81935.268571685,0
"458",1894,NA,NA,"F","N","L",NA,NA,NA,NA,NA,NA,"E4","C",69.8,3,1.9,1.8,166,155,"Average","owner-occupied",51.631807,-0.001503,34,56,5,"chingford","Thames Water",55200,"Waltham Forest","light_rail",0,0,1,0.5598814,396000,314134.789519894,81865.2104801059,0
"459",2478,NA,NA,"T","N","F",NA,NA,NA,NA,NA,NA,"RM11","D",55,4,2.4,0.6,243,56,"Average","owner-occupied",51.580013,0.213243,82,29,6,"gidea park","Essex & Suffolk Water",52600,"Havering","rail",0,1,0,0.584116,424000,342460.965277435,81539.0347225647,0
"460",12005,NA,NA,"F","N","L",NA,NA,NA,NA,NA,NA,"BR3","C",68,3,1.9,1.1,149,87,"Good","owner-occupied",51.417133,-0.023695,65,42,4,"beckenham junction","Thames Water",56300,"Bromley","light_rail",0,2,1,0.4890418,416000,334598.551987765,81401.448012235,0
"461",14204,NA,NA,"T","N","F",NA,NA,NA,NA,NA,NA,"SW15","E",90,4,5.7,3.6,360,220,"Average","owner-occupied",51.459775,-0.237978,55,26,3,"barnes","Thames Water",52500,"Kingston upon Thames","rail",0,1,0,0.8028488,655000,573651.774717625,81348.225282375,0
"462",9695,NA,NA,"S","N","F",NA,NA,NA,NA,NA,NA,"DA7","E",93,5,5.7,2.7,350,162,"Average","owner-occupied",51.459927,0.162845,104,48,6,"barnehurst","Thames Water",51400,"Bexley","rail",0,1,0,0.59033,465000,383855.610466066,81144.3895339337,0
"463",6406,NA,NA,"S","N","F",NA,NA,NA,NA,NA,NA,"DA15","D",112,6,4.6,2,222,92,"Average","owner-occupied",51.448188,0.100723,31,34,5,"sidcup","Thames Water",56500,"Bexley","rail",0,1,0,1.109199,593000,512051.031541411,80948.9684585888,0
"464",10514,NA,NA,"F","N","L",NA,NA,NA,NA,NA,NA,"E17","B",42.71,3,1.3,1.1,178,155,"Good","rental (private)",51.589839,-0.008314,64,33,4,"wood street","Thames Water",42100,"Waltham Forest","light_rail",0,0,1,0.4803422,297000,216381.476599439,80618.5234005607,0
"465",7444,NA,NA,"S","N","F",NA,NA,NA,"NEW ELTHAM",NA,NA,"SE9","E",98,4,6,3.2,350,181,"Average","owner-occupied",51.432625,0.068645,83,63,4,"new eltham","Thames Water",52100,"Greenwich","rail",0,1,0,0.7897994,529000,448570.128867536,80429.8711324637,0
"466",9210,NA,NA,"F","N","L",NA,NA,NA,NA,NA,NA,"E14","C",96,3,2.3,2.2,141,134,"Good","owner-occupied",51.50229,-0.018168,138,5,2,"south quay","Thames Water",85200,"Tower Hamlets","light_rail",0,0,1,0.0540618,754000,673830.524831198,80169.4751688021,0
"467",1526,NA,NA,"S","N","F",NA,NA,NA,NA,NA,NA,"BR7","E",89,3,5.1,1.8,324,113,"Very Poor","owner-occupied",51.398902,0.08798,67,90,6,"st mary cray","Thames Water",52400,"Bromley","rail",0,1,0,1.1328122,519000,438881.913074448,80118.0869255525,0
"468",2538,NA,NA,"T","N","F",NA,NA,NA,NA,NA,NA,"RM6","D",91,4,4.3,1.3,245,70,"Good","owner-occupied",51.575402,0.128072,144,21,5,"chadwell heath","Essex & Suffolk Water",46600,"Redbridge","rail",0,1,0,0.6108362,429000,349141.444670032,79858.5553299675,0
"469",3201,NA,NA,"D","N","F",NA,NA,NA,NA,NA,NA,"RM2","D",121,5,6.2,2.1,289,97,"Average","owner-occupied",51.594659,0.191545,63,31,6,"gidea park","Essex & Suffolk Water",49800,"Havering","rail",0,1,0,1.2664132,576000,496285.678663892,79714.3213361076,0
"470",7745,NA,NA,"T","N","F",NA,NA,NA,NA,NA,NA,"RM7","D",143,8,4.7,2.4,186,95,"Average","owner-occupied",51.565406,0.182219,43,11,6,"romford","Essex & Suffolk Water",43700,"Havering","light_rail",0,1,1,1.2564708,546000,467082.539674045,78917.4603259554,0
"471",15130,NA,NA,"F","N","L",NA,NA,NA,NA,NA,NA,"E5","C",64,4,1.6,1.5,143,132,"Average","owner-occupied",51.558109,-0.041306,189,8,3,"lea bridge","Thames Water",38800,"Hackney","rail",0,1,0,1.1328122,391000,312177.629536115,78822.3704638854,0
"472",8298,NA,NA,"F","N","L",NA,NA,NA,"ELTHAM",NA,NA,"SE9","C",77,3,2.6,2.2,194,164,"Average","owner-occupied",51.450357,0.066727,60,63,4,"eltham","Thames Water",52800,"Greenwich","rail",0,1,0,0.988026,383000,304243.075508545,78756.9244914546,0
"473",6569,NA,NA,"S","N","F",NA,NA,NA,NA,NA,NA,"TW12","E",97,5,5.3,2.7,306,152,"Good","owner-occupied",51.41625,-0.371525,60,19,6,"hampton","Thames Water",61900,"Richmond upon Thames","rail",0,1,0,0.0708396,709000,630433.780383641,78566.2196163589,0
"474",2000,NA,NA,"F","N","L",NA,NA,NA,"CROUCH END",NA,NA,"N8","D",69,3,3,1.9,246,155,"Very Poor","owner-occupied",51.582948,-0.123348,51,44,3,"hornsey","Thames Water",56400,"Haringey","rail",0,1,0,0.7071532,579000,500559.718056468,78440.2819435323,0
"475",2017,NA,NA,"S","N","F",NA,NA,NA,NA,NA,NA,"BR6","D",75,4,3.2,1.3,242,95,"Average","owner-occupied",51.362825,0.085753,58,84,6,"orpington","Thames Water",61600,"Bromley","rail",0,1,0,1.1700962,463000,384578.082887938,78421.917112062,0
"476",11699,NA,NA,"T","N","F",NA,NA,NA,NA,NA,NA,"SE6","D",87,4,3.6,1.6,236,104,"Average","owner-occupied",51.438879,-0.021706,157,20,3,"bellingham","Thames Water",54200,"Lewisham","rail",0,1,0,0.658684,551000,472671.498424925,78328.5015750748,0
"477",9237,NA,NA,"T","N","F",NA,NA,NA,NA,NA,NA,"IG1","D",138,6,5.1,2.5,209,101,"Average","owner-occupied",51.559615,0.080174,153,13,4,"ilford","Essex & Suffolk Water",48500,"Redbridge","rail",0,1,0,0.7562438,571000,492852.721786668,78147.2782133324,0
"478",14389,NA,NA,"T","N","F",NA,NA,NA,NA,NA,NA,"TW13","D",77,5,2.8,0.6,205,42,"Average","owner-occupied",51.444711,-0.383219,97,20,5,"whitton","Thames Water",44100,"Hounslow","rail",0,1,0,1.6112902,424000,345998.432026714,78001.5679732863,0
"479",9294,NA,NA,"T","N","F",NA,NA,NA,NA,NA,NA,"DA8","E",77,4,5.1,3.1,379,223,"Good","owner-occupied",51.477338,0.148634,82,47,6,"barnehurst","Thames Water",51300,"Bexley","rail",0,1,0,1.21173,422000,344273.637880393,77726.3621196066,0
"480",10106,NA,NA,"T","N","F",NA,NA,NA,NA,NA,NA,"DA7","C",113,5,3.6,1.7,165,75,"Good","owner-occupied",51.459873,0.137867,57,53,5,"bexleyheath","Thames Water",49900,"Bexley","rail",0,1,0,0.481585,506000,428409.307589133,77590.6924108671,0
"481",8662,NA,NA,"F","N","L",NA,NA,NA,NA,NA,NA,"SE1","C",47,2,0.9,0.9,113,113,"Average","rental (private)",51.501936,-0.091666,36,9,1,"borough","Thames Water",56600,"Southwark","tube",1,0,0,0.1690208,551000,473856.49947907,77143.5005209296,0
"482",12699,NA,NA,"T","N","F",NA,NA,NA,NA,NA,NA,"RM3","C",88,5,3,1.6,194,100,"Good","owner-occupied",51.601806,0.226375,86,45,6,"harold wood","Essex & Suffolk Water",36500,"Havering","rail",0,1,0,0.8289476,397000,320380.342753976,76619.6572460237,0
"483",11291,NA,NA,"T","N","F",NA,NA,NA,NA,NA,NA,"BR6","D",71,6,2.8,1,227,77,"Good","owner-occupied",51.365996,0.081903,43,89,6,"orpington","Thames Water",61600,"Bromley","rail",0,1,0,0.8743098,448000,371436.733863673,76563.2661363272,0
"484",12290,NA,NA,"T","N","F",NA,NA,NA,NA,NA,NA,"UB3","D",94,6,4.3,1.5,258,87,"Good","owner-occupied",51.517092,-0.425033,60,37,5,"hayes and harlington","Affinity Water",49200,"Hillingdon","rail",0,1,0,1.099878,482000,405535.101068293,76464.8989317074,0
"485",5238,NA,NA,"D","N","F",NA,NA,NA,NA,NA,NA,"RM13","E",93,5,5.6,2.3,315,126,"Good","owner-occupied",51.525445,0.215208,84,11,6,"rainham","Essex & Suffolk Water",49000,"Havering","rail",0,2,0,1.4752036,448000,371774.925089908,76225.0749100922,0
"486",10247,NA,NA,"S","N","F",NA,NA,NA,NA,NA,NA,"HA8","E",76,4,4.5,0.7,309,44,"Good","owner-occupied",51.626466,-0.268773,71,71,5,"edgware","Affinity Water",53800,"Barnet","tube",1,0,0,0.978705,551000,474890.276178283,76109.7238217174,0
"487",15630,NA,NA,"F","N","L",NA,NA,NA,NA,NA,NA,"CR2","D",64,3,3.2,1.7,285,146,"Average","owner-occupied",51.363796,-0.090907,101,66,5,"south croydon","Thames Water",51400,"Croydon","rail",0,1,0,0.1441648,315000,238921.91938449,76078.0806155103,0
"488",1626,NA,NA,"F","N","L",NA,NA,NA,NA,NA,NA,"CR0","D",76,3,2.9,2.7,225,213,"Good","owner-occupied",51.36956,-0.084848,13,81,3,"lloyd park","Thames Water",58200,"Croydon","light_rail",0,0,1,0.4486508,398000,322063.129320758,75936.870679242,0
"489",8031,NA,NA,"F","N","L",NA,NA,NA,NA,NA,NA,"SE15","D",60.2,3,2.7,2.6,230,221,"Very Poor","owner-occupied",51.465658,-0.049474,197,38,2,"nunhead","Thames Water",54200,"Southwark","rail",0,1,0,0.2852226,477000,401463.354152148,75536.6458478516,0
"490",5985,NA,NA,"F","N","L",NA,NA,NA,NA,NA,NA,"TW9","C",51,3,1.9,1.3,217,144,"Average","rental (private)",51.469497,-0.285332,81,9,3,"north sheen","Thames Water",61900,"Richmond upon Thames","rail",0,1,0,0.425659,469000,393493.037923625,75506.9620763747,0
"491",5771,NA,NA,"T","N","F",NA,NA,NA,NA,NA,NA,"SE14","E",95,5,6.1,1.3,366,75,"Good","owner-occupied",51.479224,-0.046574,156,3,2,"new cross gate","Thames Water",49700,"Lewisham","light_rail",0,1,1,0.5449678,660000,584512.049502956,75487.9504970444,0
"492",11859,NA,NA,"F","N","L",NA,NA,NA,NA,NA,NA,"N5","D",58,5,2.7,2.5,267,240,"Good","owner-occupied",51.559911,-0.099469,151,31,2,"arsenal","Thames Water",65100,"Islington","tube",1,0,0,0.3144284,547000,471569.41513437,75430.5848656304,0
"493",6388,NA,NA,"S","N","F",NA,NA,NA,NA,NA,NA,"DA16","C",89,5,3.1,1.2,197,77,"Average","owner-occupied",51.467744,0.090333,95,60,4,"welling","Thames Water",49400,"Bexley","rail",0,1,0,0.7034248,435000,359578.673156034,75421.3268439657,0
"494",3130,NA,NA,"D","N","F",NA,NA,NA,NA,NA,NA,"BR2","D",108,4,5.6,3.9,296,204,"Average","owner-occupied",51.363741,0.030044,62,117,5,"hayes","Thames Water",67300,"Bromley","rail",0,1,0,1.5174588,647000,571598.975066573,75401.0249334275,0
"495",10287,NA,NA,"T","N","F",NA,NA,NA,NA,NA,NA,"CR7","D",147,6,5.5,2.7,212,103,"Average","owner-occupied",51.395237,-0.117197,130,43,4,"thornton heath","Thames Water",49000,"Croydon","rail",0,1,0,0.9209148,616000,540631.69780819,75368.3021918095,0
"496",7406,NA,NA,"F","N","L",NA,NA,NA,NA,NA,NA,"KT6","D",70,3,3.8,2.9,282,213,"Very Poor","owner-occupied",51.38723,-0.298023,85,31,6,"surbiton","Thames Water",63300,"Kingston upon Thames","rail",0,1,0,0.733252,449000,373684.469832308,75315.5301676921,0
"497",6953,NA,NA,"F","N","L",NA,NA,NA,NA,NA,NA,"W13","E",78.74,4,5.2,3.7,392,278,"Poor","rental (private)",51.509337,-0.326087,44,30,3,"west ealing","Thames Water",54900,"Ealing","rail",0,1,0,0.5660954,575000,499957.70963006,75042.2903699402,0
"498",13487,NA,NA,"D","N","F",NA,NA,NA,NA,NA,NA,"DA14","D",138,5,6.9,3.8,284,153,"Very Poor","owner-occupied",51.428482,0.087792,113,57,5,"sidcup","Thames Water",48100,"Bexley","rail",0,1,0,1.0389808,621000,546603.489162681,74396.5108373187,0
"499",10155,NA,NA,"F","N","L",NA,NA,NA,NA,NA,NA,"N22","D",88,4,3.1,2.6,202,169,"Good","owner-occupied",51.592337,-0.098303,169,21,3,"turnpike lane","Thames Water",47000,"Haringey","tube",1,0,0,0.323128,492000,417853.288033206,74146.7119667936,0
"500",10554,NA,NA,"T","N","F",NA,NA,NA,NA,NA,NA,"DA7","E",99.68,5,6.9,4.4,413,261,"Good","owner-occupied",51.461265,0.132044,91,49,5,"bexleyheath","Thames Water",49900,"Bexley","rail",0,1,0,0.2622308,477000,403625.449574534,73374.550425466,0
"501",192,NA,NA,"F","N","L",NA,NA,NA,NA,NA,NA,"NW4","C",74,3,1.8,1.5,128,105,"Good","owner-occupied",51.593472,-0.224118,109,90,3,"hendon central","Thames Water",50400,"Barnet","tube",1,0,0,0.857532,503000,429857.753282051,73142.2467179486,0
"502",7623,NA,NA,"F","N","L",NA,NA,NA,NA,NA,NA,"SE19","D",81,4,3.8,2.9,266,199,"Very Poor","owner-occupied",51.430365,-0.07966,21,77,3,"sydenham hill","Thames Water",56500,"Croydon","rail",0,1,0,0.3237494,497000,424598.708376976,72401.2916230243,0
"503",10940,NA,NA,"T","N","F",NA,NA,NA,NA,NA,NA,"HA2","E",60,4,4.1,0.7,386,61,"Very Poor","owner-occupied",51.559745,-0.376416,124,38,5,"northolt park","Affinity Water",52200,"Harrow","rail",0,1,0,0.848211,462000,389816.187740392,72183.8122596075,0
"504",12388,NA,NA,"S","N","F",NA,NA,NA,NA,NA,NA,"DA15","E",123,7,6.6,2.6,302,116,"Good","owner-occupied",51.444553,0.105866,103,34,5,"sidcup","Thames Water",51000,"Bexley","rail",0,1,0,0.8258406,555000,482941.176286241,72058.8237137591,0
"505",10548,NA,NA,"T","N","F",NA,NA,NA,NA,NA,NA,"RM6","D",84,5,3.4,1,231,67,"Average","owner-occupied",51.573686,0.124009,122,20,5,"chadwell heath","Essex & Suffolk Water",46600,"Redbridge","rail",0,1,0,0.6214,413000,341024.79850729,71975.2014927099,0
"506",9482,NA,NA,"F","N","L",NA,NA,NA,NA,NA,NA,"E5","E",69.3,3,5.5,5.1,474,439,"Very Poor","rental (private)",51.552474,-0.039327,133,12,2,"homerton","Thames Water",50100,"Hackney","light_rail",0,0,1,0.5151406,580000,508056.571702598,71943.4282974019,0
"507",12887,NA,NA,"S","N","F",NA,NA,NA,NA,NA,NA,"RM12","E",91,4,6.7,1.8,415,107,"Average","owner-occupied",51.554983,0.228731,82,23,6,"upminster bridge","Essex & Suffolk Water",54600,"Havering","tube",1,0,0,0.4436796,495000,423372.872997744,71627.1270022561,0
"508",13164,NA,NA,"F","N","L",NA,NA,NA,NA,NA,NA,"SM5","E",37.97,2,3.2,2.6,469,379,"Average","rental (private)",51.38148,-0.160873,75,26,4,"hackbridge","SES Water",57800,"Sutton","rail",0,1,0,0.537511,296000,224385.104852238,71614.8951477616,0
"509",1801,NA,NA,"F","N","L",NA,NA,NA,NA,NA,NA,"HA8","D",52,3,3.1,2.3,350,260,"Average","owner-occupied",51.60701,-0.267766,72,50,4,"burnt oak","Affinity Water",43800,"Barnet","tube",1,0,0,0.8071986,345000,273405.784888164,71594.2151118364,0
"510",6752,NA,NA,"S","N","F",NA,NA,NA,NA,NA,NA,"KT3","C",102,5,2.9,1.4,160,76,"Good","owner-occupied",51.392843,-0.264411,11,20,4,"malden manor","Thames Water",56700,"Kingston upon Thames","rail",0,1,0,0.7202026,637000,565522.420114476,71477.5798855242,0
"511",11285,NA,NA,"F","N","L",NA,NA,NA,NA,NA,NA,"CR0","B",60,3,1.1,1.1,100,93,"Good","owner-occupied",51.386765,-0.092685,111,53,4,"selhurst","Thames Water",46000,"Croydon","rail",0,1,0,0.484692,294000,222859.495924413,71140.5040755867,0
"512",697,NA,NA,"S","N","F",NA,NA,NA,NA,NA,NA,"HA7","D",76,5,3.4,0.9,255,67,"Average","owner-occupied",51.601738,-0.31514,85,56,5,"harrow and wealdstone","Affinity Water",65400,"Harrow","tube",2,1,1,1.3043186,615000,543902.538364029,71097.4616359707,0
"513",5968,NA,NA,"T","N","F",NA,NA,NA,NA,NA,NA,"BR3","D",85,5,3.7,1.8,243,114,"Good","owner-occupied",51.403637,-0.044764,48,32,3,"avenue road","Thames Water",59500,"Bromley","light_rail",0,0,1,0.9675198,573000,501943.652127609,71056.3478723915,0
"514",11694,NA,NA,"S","N","F",NA,NA,NA,NA,NA,NA,"DA17","E",88,4,5.1,1.3,330,84,"Average","owner-occupied",51.479274,0.146061,42,45,5,"belvedere","Thames Water",50100,"Bexley","rail",0,1,0,1.3409812,436000,364974.321242875,71025.6787571248,0
"515",14510,NA,NA,"T","N","F",NA,NA,NA,NA,NA,NA,"BR3","D",139,7,5.4,2.6,219,105,"Average","owner-occupied",51.407327,-0.043342,106,34,4,"clock house","Thames Water",61300,"Bromley","rail",0,1,0,0.273416,677000,606133.997387047,70866.0026129526,0
"516",8210,NA,NA,"F","N","L",NA,NA,NA,NA,NA,NA,"DA14","D",53,3,4.3,2.8,478,313,"Average","owner-occupied",51.422392,0.113491,26,40,5,"sidcup","Thames Water",50500,"Bexley","rail",0,1,0,1.3061828,321000,250192.304365171,70807.6956348294,0
"517",6586,NA,NA,"F","N","L",NA,NA,NA,NA,NA,NA,"CR8","D",67,3,3.2,1.9,247,150,"Average","owner-occupied",51.344731,-0.106948,87,63,6,"purley oaks","SES Water",62300,"Croydon","rail",0,1,0,0.5257044,353000,282288.938408533,70711.0615914668,0
"518",4389,NA,NA,"D","N","F",NA,NA,NA,NA,NA,NA,"BR6","D",104,5,4.2,1.8,209,90,"Average","owner-occupied",51.359204,0.092598,20,90,6,"chelsfield","Thames Water",59300,"Bromley","rail",0,1,0,0.8749312,576000,505410.561899949,70589.4381000509,0
"519",398,NA,NA,"T","N","F",NA,NA,NA,NA,NA,NA,"SE7","D",141,6,5.6,2.8,224,112,"Average","owner-occupied",51.487361,0.046304,67,36,3,"woolwich dockyard","Thames Water",43500,"Greenwich","rail",0,1,0,0.742573,675000,604969.019236089,70030.9807639112,0
"520",14186,NA,NA,"T","N","F",NA,NA,NA,NA,NA,NA,"UB5","E",91,5,6,3.5,391,228,"Average","owner-occupied",51.544289,-0.373938,86,39,5,"northolt","Affinity Water",53500,"Ealing","tube",1,0,0,0.490906,512000,442378.242803981,69621.7571960191,0
"521",15399,NA,NA,"T","N","F",NA,NA,NA,NA,NA,NA,"IG6","E",126,5,6.9,2.1,309,91,"Average","owner-occupied",51.583242,0.07086,92,29,4,"gants hill","Thames Water",55100,"Redbridge","tube",1,0,0,0.6077292,616000,546567.054064178,69432.9459358224,0
"522",8599,NA,NA,"F","N","L",NA,NA,NA,NA,NA,NA,"CR7","C",64.2816,3,2.5,2.2,229,204,"Average","rental (private)",51.398481,-0.099741,140,50,4,"thornton heath","Thames Water",44900,"Croydon","rail",0,1,0,0.1155804,302000,232853.066753273,69146.9332467268,0
"523",7132,NA,NA,"T","N","F",NA,NA,NA,NA,NA,NA,"BR1","E",76,4,5,0.8,376,59,"Average","owner-occupied",51.411628,0.018057,101,68,4,"bromley north","Thames Water",56100,"Bromley","rail",0,1,0,0.2336464,478000,409081.178524231,68918.821475769,0
"524",15860,NA,NA,"F","N","L",NA,NA,NA,NA,NA,NA,"SE20","C",72,4,2.5,1.2,178,89,"Very Poor","owner-occupied",51.416564,-0.069426,153,63,3,"crystal palace","Thames Water",54200,"Bromley","light_rail",0,1,1,0.4020458,442000,373836.686470401,68163.3135295995,0
"525",1932,NA,NA,"F","N","L",NA,NA,NA,NA,NA,NA,"IG1","D",41,2,1.8,1.4,247,190,"Average","rental (private)",51.559902,0.087413,166,13,4,"seven kings","Essex & Suffolk Water",50400,"Redbridge","rail",0,1,0,0.779857,283000,214928.556541346,68071.4434586539,0
"526",4072,NA,NA,"F","N","L",NA,NA,NA,NA,NA,NA,"SW17","E",60.57,2,4.2,3.4,356,287,"Average","owner-occupied",51.438097,-0.148312,239,36,3,"balham","Thames Water",61600,"Wandsworth","tube",1,1,0,0.5990296,489000,421128.212428694,67871.7875713057,0
"527",2006,NA,NA,"F","N","L",NA,NA,NA,NA,NA,NA,"E14","C",43.43,2,1.8,1.8,279,271,"Average","rental (private)",51.512759,-0.03534,106,7,2,"limehouse","Thames Water",58600,"Tower Hamlets","light_rail",0,0,1,0.1951196,406000,338223.9499625,67776.0500375002,0
"528",14114,NA,NA,"T","N","F",NA,NA,NA,NA,NA,NA,"CR0","D",73,4,2.7,0.9,212,69,"Average","owner-occupied",51.386046,-0.12614,66,37,3,"therapia lane","Thames Water",48600,"Croydon","light_rail",0,0,1,0.1634282,435000,367488.781535697,67511.2184643028,0
"529",5235,NA,NA,"F","N","L",NA,NA,NA,NA,NA,NA,"NW3","D",78,3,4.2,3.2,281,210,"Poor","owner-occupied",51.550752,-0.167569,37,70,2,"belsize park","Thames Water",65400,"Camden","tube",1,0,0,0.2398604,846000,778725.539017451,67274.4609825488,0
"530",14164,NA,NA,"F","N","L",NA,NA,NA,NA,NA,NA,"RM12","C",70.97,3,2.9,2.5,247,207,"Average","owner-occupied",51.557126,0.220541,36,27,6,"hornchurch","Essex & Suffolk Water",52100,"Havering","tube",1,0,0,0.1541072,344000,276747.88584065,67252.1141593501,0
"531",15969,NA,NA,"D","N","F",NA,NA,NA,NA,NA,NA,"HA5","F",155,8,15,2.9,542,106,"Very Poor","owner-occupied",51.593909,-0.3753,8,67,5,"pinner","Affinity Water",68600,"Harrow","tube",1,0,0,0.5027126,1021000,953938.683058962,67061.3169410385,0
"532",7104,NA,NA,"T","N","F",NA,NA,NA,NA,NA,NA,"KT9","C",78,4,2.6,1.3,187,88,"Average","owner-occupied",51.366349,-0.286242,97,34,6,"chessington north","Thames Water",59700,"Kingston upon Thames","rail",0,1,0,0.80782,461000,393942.916933348,67057.0830666517,0
"533",3154,NA,NA,"T","N","F",NA,NA,NA,NA,NA,NA,"E5","F",137.47,6,11,9.5,389,348,"Very Poor","owner-occupied",51.557125,-0.049715,93,16,2,"clapton","Thames Water",49700,"Hackney","light_rail",0,0,1,0.6238856,1084000,1017394.11738023,66605.8826197739,0
"534",13409,NA,NA,"T","N","F",NA,NA,NA,NA,NA,NA,"E11","C",112,6,3.6,1.6,184,78,"Good","owner-occupied",51.563224,0.006179,101,21,3,"leytonstone high road","Thames Water",44000,"Redbridge","light_rail",0,0,1,0.298272,614000,547445.083456503,66554.916543497,0
"535",15374,NA,NA,"F","N","L",NA,NA,NA,NA,NA,NA,"SE21","D",61,3,2.8,1.9,259,178,"Good","owner-occupied",51.440906,-0.094053,17,36,3,"west dulwich","Thames Water",55900,"Southwark","rail",0,1,0,0.2585024,413000,346698.837080978,66301.1629190216,0
"536",5704,NA,NA,"F","N","L",NA,NA,NA,NA,NA,NA,"CR0","C",63,3,1.7,1.7,137,137,"Good","rental (private)",51.3706,-0.095681,69,66,3,"george street","Thames Water",51400,"Croydon","light_rail",0,0,1,0.4703998,324000,257867.671060631,66132.3289393694,0
"537",15975,NA,NA,"S","N","F",NA,NA,NA,NA,NA,NA,"SW20","D",127,4,4.2,1.8,190,81,"Poor","owner-occupied",51.4124,-0.232409,109,20,4,"raynes park","Thames Water",75500,"Merton","rail",0,1,0,0.2156258,915000,849265.722526589,65734.2774734109,0
"538",6981,NA,NA,"T","N","F",NA,NA,NA,NA,NA,NA,"SW11","D",160.28,9,8.5,7,269,221,"Poor","owner-occupied",51.458792,-0.167861,117,17,2,"clapham junction","Thames Water",74000,"Wandsworth","light_rail",0,1,1,0.5791448,1621000,1555388.17579252,65611.8242074836,0
"539",7877,NA,NA,"F","N","L",NA,NA,NA,NA,NA,NA,"E10","C",56,3,2,1.4,205,141,"Average","rental (private)",51.56749,-0.008798,99,16,3,"leyton midland road","Thames Water",52700,"Waltham Forest","light_rail",0,0,1,0.2274324,387000,321797.294081631,65202.7059183692,0
"540",14023,NA,NA,"S","N","F",NA,NA,NA,NA,NA,NA,"SE18","E",79,4,5,2,357,138,"Average","owner-occupied",51.47819,0.087052,29,64,4,"plumstead","Thames Water",49700,"Greenwich","rail",0,1,0,1.0868286,426000,361083.267259062,64916.7327409384,0
"541",1351,NA,NA,"T","N","F",NA,NA,NA,NA,NA,NA,"HA4","E",125,6,6.8,1.7,308,76,"Average","owner-occupied",51.568814,-0.414907,119,41,6,"ruislip manor","Affinity Water",59800,"Hillingdon","tube",2,0,0,0.490906,696000,631196.253755962,64803.7462440376,0
"542",14007,NA,NA,"F","N","L",NA,NA,NA,NA,NA,NA,"HA4","C",83,4,2.3,1.9,158,129,"Average","owner-occupied",51.572287,-0.42708,117,54,6,"ruislip","Affinity Water",60400,"Hillingdon","tube",2,0,0,0.3256136,458000,393232.510468224,64767.4895317763,0
"543",3751,NA,NA,"D","N","F",NA,NA,NA,NA,NA,NA,"KT4","E",139,6,8.4,2.5,341,99,"Average","owner-occupied",51.375525,-0.237393,97,35,4,"worcester park","SES Water",55400,"Sutton","rail",0,1,0,0.6512272,723000,658250.495316869,64749.5046831311,0
"544",14505,NA,NA,"T","N","F",NA,NA,NA,NA,NA,NA,"EN3","D",68,4,3.5,1.3,294,105,"Average","owner-occupied",51.662387,-0.042986,104,20,5,"brimsdown","Thames Water",44300,"Enfield","rail",0,1,0,0.8444826,411000,346571.157121085,64428.8428789153,0
"545",13085,NA,NA,"S","N","F",NA,NA,NA,NA,NA,NA,"HA0","D",73,4,3.1,0.7,243,53,"Average","rental (private)",51.536129,-0.309374,71,29,4,"perivale","Affinity Water",52900,"Brent","tube",1,0,0,0.8562892,518000,453584.901665153,64415.0983348466,0
"546",14384,NA,NA,"T","N","F",NA,NA,NA,NA,NA,NA,"RM9","C",70,4,2.1,0.8,174,63,"Average","owner-occupied",51.542232,0.129827,90,7,5,"becontree","Essex & Suffolk Water",39400,"Barking and Dagenham","tube",1,0,0,0.260988,361000,296734.760152573,64265.2398474271,0
"547",12125,NA,NA,"S","N","F",NA,NA,NA,NA,NA,NA,"SE10","E",62,5,4.4,0.9,401,78,"Very Poor","owner-occupied",51.486923,0.002425,9,6,3,"maze hill","Thames Water",58500,"Greenwich","rail",0,1,0,0.338663,567000,503058.5575753,63941.4424246995,0
"548",10009,NA,NA,"S","N","F",NA,NA,NA,NA,NA,NA,"SM3","D",91,6,3.8,1.3,237,80,"Average","owner-occupied",51.387555,-0.210016,62,33,4,"st helier","SES Water",55000,"Sutton","rail",0,1,0,0.801606,496000,432141.735868966,63858.2641310339,0
"549",4414,NA,NA,"F","N","L",NA,NA,NA,NA,NA,NA,"SW18","C",97.61,6,3.7,3.4,226,209,"Poor","owner-occupied",51.442658,-0.193972,53,11,3,"earlsfield","Thames Water",76700,"Wandsworth","rail",0,1,0,0.3660046,783000,719376.907623322,63623.0923766776,0
"550",1877,NA,NA,"D","N","F",NA,NA,NA,NA,NA,NA,"TW12","C",154,7,4.9,2.6,180,94,"Average","owner-occupied",51.42766,-0.372112,76,21,6,"hampton","Thames Water",54700,"Richmond upon Thames","rail",0,1,0,0.9016514,931000,867579.666772821,63420.3332271795,0
"551",3218,NA,NA,"T","N","F",NA,NA,NA,NA,NA,NA,"SE6","D",77,4,3.4,1.7,247,119,"Good","owner-occupied",51.437445,-0.032098,78,27,3,"bellingham","Thames Water",45100,"Lewisham","rail",0,1,0,0.7605936,468000,404722.523055081,63277.4769449187,0
"552",13619,NA,NA,"S","N","F",NA,NA,NA,NA,NA,NA,"RM12","D",90,4,4.4,2.1,276,129,"Good","owner-occupied",51.548724,0.208737,114,13,6,"elm park","Essex & Suffolk Water",51000,"Havering","tube",1,0,0,0.65247,446000,383001.067150437,62998.9328495626,0
"553",4090,NA,NA,"S","N","F",NA,NA,NA,NA,NA,NA,"BR1","D",87.04,4,3.5,2.8,209,166,"Average","owner-occupied",51.416105,0.013955,96,62,4,"sundridge park","Thames Water",56100,"Bromley","rail",0,1,0,0.3628976,522000,459265.686966089,62734.3130339113,0
"554",2693,NA,NA,"T","N","F",NA,NA,NA,NA,NA,NA,"SE1","D",50,3,3.8,1.4,455,163,"Average","owner-occupied",51.492263,-0.066083,50,4,2,"bermondsey","Thames Water",47800,"Southwark","tube",1,0,0,0.6064864,485000,422482.671760643,62517.3282393569,0
"555",13613,NA,NA,"F","N","L",NA,NA,NA,NA,NA,NA,"KT6","D",61.3,3,3.3,2.6,325,256,"Very Poor","owner-occupied",51.384322,-0.305259,75,34,6,"surbiton","Thames Water",63300,"Kingston upon Thames","rail",0,1,0,0.8973016,407000,344511.488816447,62488.511183553,0
"556",11306,NA,NA,"T","N","F",NA,NA,NA,NA,NA,NA,"SE18","E",60,3,3.7,1.1,351,104,"Average","owner-occupied",51.478276,0.085227,92,63,4,"plumstead","Thames Water",49700,"Greenwich","rail",0,1,0,1.0681866,388000,325519.914047293,62480.0859527072,0
"557",9069,NA,NA,"F","N","L",NA,NA,NA,"HITHER GREEN",NA,NA,"SE13","E",80.91,3,3.9,3.9,318,336,"Good","rental (private)",51.449523,-0.005012,21,33,3,"hither green","Thames Water",55700,"Lewisham","rail",0,1,0,0.4530006,463000,400601.907114237,62398.0928857627,0
"558",12859,NA,NA,"F","N","L",NA,NA,NA,NA,NA,NA,"W13","D",53.43,3,3.1,2.7,346,297,"Very Poor","owner-occupied",51.51859,-0.314146,106,43,3,"west ealing","Thames Water",64800,"Ealing","rail",0,1,0,0.484692,481000,418671.418034353,62328.5819656468,0
"559",9304,NA,NA,"S","N","F",NA,NA,NA,NA,NA,NA,"BR5","E",88,5,6,1.1,386,71,"Average","owner-occupied",51.383714,0.105946,32,51,6,"st mary cray","Thames Water",59500,"Bromley","rail",0,1,0,1.1545612,506000,443715.462275556,62284.5377244442,0
"560",1439,NA,NA,"F","N","L",NA,NA,NA,NA,NA,NA,"DA6","C",56,3,2.3,2.2,232,217,"Average","owner-occupied",51.455691,0.147704,49,56,5,"bexleyheath","Thames Water",49900,"Bexley","rail",0,1,0,1.0855858,298000,235760.628283114,62239.371716886,0
"561",8784,NA,NA,"S","N","F",NA,NA,NA,NA,NA,NA,"TW2","D",60,3,3.4,3.3,335,326,"Average","owner-occupied",51.452742,-0.354827,56,16,5,"whitton","Thames Water",80200,"Richmond upon Thames","rail",0,1,0,0.3653832,608000,545806.609483842,62193.390516158,0
"562",1341,NA,NA,"F","N","L",NA,NA,NA,NA,NA,NA,"HA4","D",56,3,2.2,1.4,224,146,"Good","owner-occupied",51.554338,-0.394509,69,35,5,"south ruislip","Affinity Water",56600,"Hillingdon","tube",1,1,0,0.3691116,361000,298839.747523699,62160.2524763009,0
"563",2251,NA,NA,"S","N","F",NA,NA,NA,NA,NA,NA,"UB5","C",119,6,3.7,2.2,178,102,"Average","owner-occupied",51.557134,-0.359372,83,58,5,"northolt park","Affinity Water",50600,"Ealing","rail",0,1,0,0.1186874,6e+05,537935.350095317,62064.6499046833,0
"564",5937,NA,NA,"F","N","L",NA,NA,NA,NA,NA,NA,"NW9","D",35,2,3.7,2,635,349,"Average","rental (social)",51.598835,-0.24769,111,48,4,"colindale","Affinity Water",51100,"Brent","tube",1,0,0,0.2510456,3e+05,237944.784589729,62055.2154102712,0
"565",15259,NA,NA,"F","N","L",NA,NA,NA,NA,NA,NA,"W4","C",64,3,1.3,1.3,118,118,"Good","owner-occupied",51.483695,-0.252999,28,8,3,"chiswick","Thames Water",60700,"Hounslow","rail",0,1,0,0.6984536,448000,386485.981256296,61514.0187437038,0
"566",11667,NA,NA,"T","N","F",NA,NA,NA,NA,NA,NA,"EN3","D",79,4,3.5,0.9,250,62,"Average","owner-occupied",51.670606,-0.039696,59,22,6,"turkey street","Thames Water",39700,"Enfield","light_rail",0,0,1,0.4424368,405000,343868.979401256,61131.0205987436,0
"567",11968,NA,NA,"F","N","L",NA,NA,NA,NA,NA,NA,"N1","C",45.76,2,1.5,1.5,169,169,"Very Poor","rental (social)",51.545709,-0.100378,95,38,2,"highbury and islington","Thames Water",53300,"Islington","tube",1,1,1,0.2572596,464000,403090.747311894,60909.2526881059,0
"568",3376,NA,NA,"S","N","F",NA,NA,NA,NA,NA,NA,"SW19","F",80,4,6.3,2.5,449,174,"Very Poor","owner-occupied",51.409979,-0.205038,59,17,3,"merton park","Thames Water",72900,"Merton","light_rail",0,0,1,0.438087,753000,692186.408901656,60813.5910983441,0
"569",5042,NA,NA,"S","N","F",NA,NA,NA,NA,NA,NA,"TW14","D",96,5,4,1.2,236,70,"Average","owner-occupied",51.459872,-0.40557,79,24,6,"feltham","Affinity Water",50600,"Hounslow","rail",0,1,0,1.0296598,510000,449266.188949374,60733.8110506262,0
"570",5589,NA,NA,"T","N","F",NA,NA,NA,NA,NA,NA,"CR0","C",54.523,3,2,1.6,196,150,"Average","owner-occupied",51.378048,-0.02785,34,69,5,"west wickham","Thames Water",52300,"Croydon","rail",0,1,0,0.7320092,368000,307375.811283793,60624.188716207,0
"571",13639,NA,NA,"F","N","L",NA,NA,NA,NA,NA,NA,"IG1","C",60,3,2,1.5,193,143,"Good","owner-occupied",51.569555,0.060642,120,19,4,"gants hill","Thames Water",50200,"Redbridge","tube",1,0,0,0.7028034,331000,270507.101417169,60492.8985828309,0
"572",9102,NA,NA,"T","N","F",NA,NA,NA,NA,NA,NA,"N13","D",71,3,3.7,1.7,298,132,"Average","rental (private)",51.612377,-0.099156,98,30,4,"palmers green","Thames Water",45900,"Enfield","rail",0,1,0,1.028417,439000,378558.653949727,60441.3460502728,0
"573",10462,NA,NA,"T","N","F",NA,NA,NA,NA,NA,NA,"E17","D",106,6,4.3,1.5,230,79,"Average","owner-occupied",51.578734,-0.026535,70,15,3,"walthamstow queens road","Thames Water",48100,"Waltham Forest","light_rail",0,0,1,0.363519,619000,558792.527126406,60207.4728735941,0
"574",975,NA,NA,"F","N","L",NA,NA,NA,NA,NA,NA,"BR3","E",73,4,4.9,2.2,378,171,"Good","owner-occupied",51.409399,-0.048919,68,36,3,"avenue road","Thames Water",61300,"Bromley","light_rail",0,0,1,0.142922,431000,371035.016981317,59964.9830186833,0
"575",3365,NA,NA,"F","N","L",NA,NA,NA,NA,NA,NA,"SW12","D",81,5,3.7,3.1,261,219,"Poor","owner-occupied",51.443582,-0.140881,78,31,3,"balham","Thames Water",64000,"Wandsworth","tube",1,1,0,0.7034248,651000,591226.896192733,59773.1038072673,0
"576",7605,NA,NA,"S","N","F",NA,NA,NA,NA,NA,NA,"W3","E",132,6,7.3,3,313,127,"Average","owner-occupied",51.506834,-0.277374,47,30,3,"acton town","Thames Water",58600,"Ealing","tube",2,0,0,0.2504242,1025000,965293.121636089,59706.8783639112,0
"577",5920,NA,NA,"T","N","F",NA,NA,NA,NA,NA,NA,"SM4","E",79,5,4.7,1.2,335,82,"Average","owner-occupied",51.387417,-0.205073,41,31,4,"st helier","SES Water",46900,"Merton","rail",0,1,0,0.5977868,427000,367311.100376723,59688.899623277,0
"578",5192,NA,NA,"T","N","F",NA,NA,NA,NA,NA,NA,"SE6","D",73,3,3.1,0.8,245,56,"Average","rental (private)",51.437401,-0.031654,68,26,3,"bellingham","Thames Water",45100,"Lewisham","rail",0,1,0,0.739466,462000,402521.355942329,59478.6440576713,0
"579",8513,NA,NA,"T","N","F",NA,NA,NA,NA,NA,NA,"N4","D",277,11,8.7,4.9,178,100,"Poor","owner-occupied",51.57612,-0.118145,122,69,3,"crouch hill","Thames Water",65500,"Hackney","light_rail",0,0,1,0.394589,1746000,1686574.61735992,59425.3826400805,0
"580",7543,NA,NA,"S","N","F",NA,NA,NA,NA,NA,NA,"UB2","E",130,8,7.3,3.2,273,108,"Average","owner-occupied",51.495764,-0.376991,183,32,4,"southall","Thames Water",49500,"Ealing","rail",0,1,0,1.0427092,650000,590602.042805176,59397.957194824,0
"581",3335,NA,NA,"T","N","F",NA,NA,NA,NA,NA,NA,"SE4","E",102,5,6,1.7,290,70,"Good","owner-occupied",51.455962,-0.034829,108,29,3,"crofton park","Thames Water",58800,"Lewisham","rail",0,1,0,0.1162018,691000,631976.29594133,59023.7040586695,0
"582",1737,NA,NA,"F","N","L",NA,NA,NA,NA,NA,NA,"SE23","D",80,3,4.1,2.2,290,160,"Average","owner-occupied",51.440211,-0.039922,104,30,3,"forest hill","Thames Water",58000,"Lewisham","light_rail",0,1,1,0.9451494,461000,401999.757289127,59000.2427108732,0
"583",2317,NA,NA,"T","N","F",NA,NA,NA,NA,NA,NA,"KT4","C",58,3,1.8,0.3,174,30,"Average","owner-occupied",51.379884,-0.22661,38,35,4,"worcester park","SES Water",55400,"Sutton","rail",0,1,0,1.2229152,401000,342197.119148206,58802.8808517938,0
"584",10356,NA,NA,"F","N","L",NA,NA,NA,NA,NA,NA,"NW7","B",57.13,3,1.1,1,116,105,"Average","rental (private)",51.613216,-0.249057,22,67,4,"mill hill broadway","Affinity Water",49400,"Barnet","rail",0,1,0,0.0689754,347000,288301.407271719,58698.5927282812,0
"585",484,NA,NA,"F","N","L",NA,NA,NA,NA,NA,NA,"CR0","D",76,3,4.7,2.9,362,224,"Good","owner-occupied",51.382272,-0.09728,175,56,5,"west croydon","Thames Water",46000,"Croydon","light_rail",0,1,1,0.4654286,316000,257303.202092464,58696.7979075357,0
"586",15131,NA,NA,"T","N","F",NA,NA,NA,"CHADWELL HEATH",NA,NA,"RM6","D",96,5,3.9,1.4,234,84,"Average","owner-occupied",51.570499,0.142043,78,19,5,"chadwell heath","Essex & Suffolk Water",47800,"Redbridge","rail",0,1,0,0.6735976,450000,391736.146927634,58263.8530723664,0
"587",15272,NA,NA,"F","N","L",NA,NA,NA,NA,NA,NA,"SW2","D",47,2,2.3,1.9,252,206,"Poor","rental (private)",51.457183,-0.121386,73,27,2,"brixton","Thames Water",61900,"Lambeth","tube",1,1,0,0.6412848,484000,425938.59413122,58061.4058687804,0
"588",10611,NA,NA,"F","N","L",NA,NA,NA,NA,NA,NA,"UB7","C",65,3,1.7,1.7,156,157,"Good","rental (private)",51.506207,-0.463333,59,28,6,"west drayton","Affinity Water",50300,"Hillingdon","rail",0,1,0,0.789178,308000,250017.238019609,57982.7619803915,0
"589",7187,NA,NA,"S","N","F",NA,NA,NA,NA,NA,NA,"N12","D",119,4,4.1,2.7,197,124,"Good","owner-occupied",51.614752,-0.161902,167,70,4,"new southgate","Affinity Water",54300,"Barnet","rail",0,1,0,1.0060466,689000,631048.723121719,57951.2768782814,0
"590",890,NA,NA,"T","N","F",NA,NA,NA,NA,NA,NA,"KT2","D",94,5,4.4,2,264,117,"Average","owner-occupied",51.414644,-0.292813,75,11,6,"kingston","Thames Water",68000,"Kingston upon Thames","rail",0,1,0,0.3889964,713000,655306.551735842,57693.4482641583,0
"591",8006,NA,NA,"F","N","L",NA,NA,NA,NA,NA,NA,"E17","D",47.33,3,2.3,1.9,249,213,"Good","owner-occupied",51.580083,-0.02766,145,16,3,"walthamstow queens road","Thames Water",50900,"Waltham Forest","light_rail",0,0,1,0.2901938,343000,285751.596226479,57248.4037735206,0
"592",14645,NA,NA,"T","N","F",NA,NA,NA,NA,NA,NA,"N7","D",44,5,2,0.9,238,98,"Average","rental (social)",51.563541,-0.114322,114,33,2,"finsbury park","Thames Water",41600,"Islington","tube",2,1,0,0.5089266,556000,498806.636641973,57193.3633580273,0
"593",808,NA,NA,"S","N","F",NA,NA,NA,NA,NA,NA,"BR2","C",128,5,2.3,1.3,102,58,"Good","owner-occupied",51.401157,-0.003264,22,61,4,"shortlands","Thames Water",64600,"Bromley","rail",0,1,0,0.6947252,679000,621873.760398879,57126.2396011209,0
"594",10002,NA,NA,"T","N","F",NA,NA,NA,NA,NA,NA,"IG1","D",89,5,3.3,1.4,194,81,"Average","rental (private)",51.552697,0.089941,136,10,4,"seven kings","Essex & Suffolk Water",50400,"Redbridge","rail",0,1,0,1.1937094,431000,373919.174363077,57080.8256369227,0
"595",7816,NA,NA,"F","N","L",NA,NA,NA,NA,NA,NA,"N7","E",42.53,3,4.6,4,416,359,"Poor","owner-occupied",51.55695,-0.125373,168,37,2,"tufnell park","Thames Water",60300,"Islington","tube",1,0,0,0.6798116,560000,504002.081506752,55997.9184932485,0
"596",10616,NA,NA,"T","N","F",NA,NA,NA,NA,NA,NA,"CR7","C",69,4,2.5,0.6,190,45,"Good","owner-occupied",51.400817,-0.114642,109,42,4,"thornton heath","Thames Water",51500,"Croydon","rail",0,1,0,0.7910422,402000,346110.393567247,55889.6064327525,0
"597",8270,NA,NA,"T","N","F",NA,NA,NA,NA,NA,NA,"SW14","D",123,5,4.7,2.7,216,122,"Good","owner-occupied",51.468159,-0.264103,33,9,3,"mortlake","Thames Water",68200,"Richmond upon Thames","rail",0,1,0,0.2218398,1015000,959215.843252767,55784.1567472335,0
"598",4923,NA,NA,"F","N","L",NA,NA,NA,NA,NA,NA,"IG5","C",51,2,1.1,1.1,115,109,"Good","owner-occupied",51.587769,0.055807,36,31,4,"gants hill","Thames Water",55300,"Redbridge","tube",1,0,0,0.944528,323000,267383.098798335,55616.9012016646,0
"599",9139,NA,NA,"D","N","F",NA,NA,NA,NA,NA,NA,"DA8","E",80,4,4.7,1.5,334,108,"Average","owner-occupied",51.481037,0.167041,147,33,6,"erith","Thames Water",45800,"Bexley","rail",0,1,0,0.7680504,382000,327226.668551179,54773.3314488208,0
"600",4261,NA,NA,"F","N","L",NA,NA,NA,NA,NA,NA,"E8","C",52.93,2,1.6,1.4,183,155,"Average","rental (private)",51.541661,-0.070537,15,20,2,"haggerston","Thames Water",53300,"Hackney","light_rail",0,0,1,0.3597906,471000,416280.165634126,54719.8343658742,0
"601",15461,NA,NA,"T","N","F",NA,NA,NA,NA,NA,NA,"KT9","B",77,5,0.9,0.7,64,50,"Good","owner-occupied",51.366834,-0.286267,112,37,6,"chessington north","Thames Water",59700,"Kingston upon Thames","rail",0,1,0,0.801606,445000,390425.366206737,54574.6337932626,0
"602",4922,NA,NA,"F","N","L",NA,NA,NA,NA,NA,NA,"DA14","C",59,4,1.7,0.4,165,31,"Average","owner-occupied",51.43071,0.084858,112,48,4,"new eltham","Thames Water",48100,"Bexley","rail",0,1,0,0.891709,301000,246552.082358329,54447.9176416712,0
"603",9732,NA,NA,"S","N","F",NA,NA,NA,NA,NA,NA,"KT2","D",102,6,5.3,2.5,269,117,"Average","owner-occupied",51.416799,-0.290094,141,12,5,"norbiton","Thames Water",68000,"Kingston upon Thames","rail",0,1,0,0.4281446,777000,723353.923477118,53646.0765228816,0
"604",6101,NA,NA,"T","N","F",NA,NA,NA,NA,NA,NA,"SE26","D",90,5,3.4,1,212,59,"Average","owner-occupied",51.430741,-0.039925,103,30,4,"lower sydenham","Thames Water",45100,"Lewisham","rail",0,1,0,0.6021366,414000,360384.624187934,53615.3758120656,0
"605",3563,NA,NA,"F","N","L",NA,NA,NA,NA,NA,NA,"SW16","D",55,3,2.2,1.2,212,116,"Average","rental (private)",51.436988,-0.121567,196,68,3,"streatham hill","Thames Water",54400,"Croydon","rail",0,1,0,0.481585,361000,307561.624408387,53438.3755916129,0
"606",1915,NA,NA,"F","N","L",NA,NA,NA,NA,NA,NA,"CR0","D",40,2,2,1.1,260,140,"Average","owner-occupied",51.385465,-0.099576,139,55,5,"west croydon","Thames Water",46000,"Croydon","light_rail",0,1,1,0.6064864,241000,187588.194432804,53411.8055671955,0
"607",15152,NA,NA,"T","N","F",NA,NA,NA,NA,NA,NA,"TW9","D",57,3,2.6,1,263,100,"Good","owner-occupied",51.467307,-0.290525,27,8,3,"north sheen","Thames Water",61900,"Richmond upon Thames","rail",0,1,0,0.3871322,622000,568628.984911227,53371.0150887733,0
"608",1372,NA,NA,"F","N","L",NA,NA,NA,"TOOTING",NA,NA,"SW17","C",72,4,2.6,1.6,202,126,"Average","owner-occupied",51.432896,-0.163488,16,27,3,"tooting bec","Thames Water",53600,"Wandsworth","tube",1,0,0,0.3442556,491000,437640.759603035,53359.2403969649,0
"609",10807,NA,NA,"T","N","F",NA,NA,NA,NA,NA,NA,"SW11","F",90.84,5,8.2,6.6,495,386,"Very Poor","owner-occupied",51.464957,-0.153948,81,20,2,"clapham common","Thames Water",80600,"Wandsworth","tube",1,0,0,0.8867378,1017000,963778.840435411,53221.1595645895,0
"610",13759,NA,NA,"F","N","L",NA,NA,NA,NA,NA,NA,"UB4","E",65.1,3,5,3.6,456,327,"Average","owner-occupied",51.518559,-0.40319,131,34,5,"hayes and harlington","Affinity Water",44600,"Hillingdon","rail",0,1,0,1.4111994,308000,254809.30777104,53190.6922289601,0
"611",3418,NA,NA,"F","N","L",NA,NA,NA,NA,NA,NA,"HA4","D",63,4,2.3,2,208,180,"Average","owner-occupied",51.562406,-0.417813,64,39,5,"ruislip gardens","Affinity Water",59200,"Hillingdon","tube",1,0,0,0.658684,363000,310271.29131489,52728.7086851102,0
"612",8248,NA,NA,"D","N","F",NA,NA,NA,NA,NA,NA,"KT3","E",135,5,7.2,3,301,126,"Average","owner-occupied",51.393802,-0.25151,73,23,4,"motspur park","Thames Water",65000,"Kingston upon Thames","rail",0,1,0,0.7543796,836000,783437.722538267,52562.2774617329,0
"613",14286,NA,NA,"T","N","F",NA,NA,NA,NA,NA,NA,"SM5","D",77,5,3.2,1.6,216,105,"Good","owner-occupied",51.385053,-0.168533,81,33,4,"hackbridge","SES Water",44300,"Sutton","rail",0,1,0,1.314261,405000,352450.43050955,52549.5694904495,0
"614",5446,NA,NA,"T","N","F",NA,NA,NA,NA,NA,NA,"HA1","D",94.1,5,4.4,4.3,307,302,"Good","owner-occupied",51.578602,-0.348728,27,62,5,"west harrow","Affinity Water",57000,"Brent","tube",1,0,0,0.307593,564000,511481.892332093,52518.1076679068,0
"615",9841,NA,NA,"F","N","L",NA,NA,NA,NA,NA,NA,"HA7","D",60,2,4.2,3.4,413,331,"Average","rental (private)",51.613652,-0.304291,39,70,5,"stanmore","Affinity Water",54300,"Harrow","tube",1,0,0,0.705289,376000,323831.949283505,52168.0507164947,0
"616",9071,NA,NA,"T","N","F",NA,NA,NA,NA,NA,NA,"RM12","D",93,5,4.2,1.6,257,93,"Average","owner-occupied",51.54316,0.207056,47,11,6,"elm park","Essex & Suffolk Water",51000,"Havering","tube",1,0,0,0.8923304,429000,377245.286477988,51754.7135220122,0
"617",1358,NA,NA,"T","N","F",NA,NA,NA,NA,NA,NA,"E15","D",94,5,3.8,2,227,116,"Average","rental (private)",51.549139,0.010564,141,10,3,"maryland","Thames Water",44400,"Newham","rail",0,1,0,0.3566836,495000,443440.937328171,51559.0626718286,0
"618",4216,NA,NA,"F","N","L",NA,NA,NA,NA,NA,NA,"DA15","D",58,3,2.6,1.4,228,130,"Average","owner-occupied",51.452133,0.105898,114,42,4,"welling","Thames Water",51000,"Bexley","rail",0,1,0,1.4689896,3e+05,248554.232810153,51445.7671898465,0
"619",10486,NA,NA,"D","N","F",NA,NA,NA,"YIEWSLEY",NA,NA,"UB7","E",63,5,5.4,1,489,89,"Average","owner-occupied",51.51801,-0.472002,117,33,6,"west drayton","Affinity Water",46000,"Hillingdon","rail",0,1,0,0.6313424,4e+05,348659.997559918,51340.0024400822,0
"620",12344,NA,NA,"S","N","F",NA,NA,NA,NA,NA,NA,"BR2","D",85,3,4.4,1.4,292,94,"Average","owner-occupied",51.396056,0.035051,47,59,5,"bickley","Thames Water",60500,"Bromley","rail",0,1,0,0.8071986,516000,464900.857700351,51099.1422996489,0
"621",13522,NA,NA,"T","N","F",NA,NA,NA,NA,NA,NA,"RM1","E",79,4,4.6,1.1,304,67,"Average","owner-occupied",51.577101,0.194007,77,27,6,"romford","Essex & Suffolk Water",48900,"Havering","light_rail",0,1,1,0.6046222,392000,341159.03169799,50840.9683020097,0
"622",2013,NA,NA,"S","N","F",NA,NA,NA,NA,NA,NA,"SM6","E",123,6,8.3,2.8,382,127,"Average","owner-occupied",51.361837,-0.127214,137,56,5,"waddon","SES Water",44600,"Sutton","rail",0,1,0,0.6748404,577000,526305.737368902,50694.2626310976,0
"623",1755,NA,NA,"D","N","F",NA,NA,NA,"CHEAM",NA,NA,"SM1","C",88,5,2.8,1.5,183,91,"Average","owner-occupied",51.363431,-0.209027,80,47,5,"west sutton","SES Water",55200,"Sutton","rail",0,1,0,0.400803,468000,417848.968316761,50151.0316832387,0
"624",5459,NA,NA,"S","N","F",NA,NA,NA,NA,NA,NA,"CR2","D",85,4,3.6,1.4,243,93,"Average","owner-occupied",51.345767,-0.051694,85,123,3,"gravel hill","SES Water",54400,"Croydon","light_rail",0,0,1,1.0420878,455000,404964.109059994,50035.8909400058,0
"625",3173,NA,NA,"S","N","F",NA,NA,NA,NA,NA,NA,"UB1","C",94,5,2.9,1.2,175,72,"Average","owner-occupied",51.511986,-0.387395,29,32,4,"southall","Affinity Water",42200,"Ealing","rail",0,1,0,0.720824,460000,410055.20716178,49944.7928382202,0
"626",10908,NA,NA,"F","N","L",NA,NA,NA,NA,NA,NA,"EN3","D",51,3,2.8,0.6,312,59,"Average","owner-occupied",51.676566,-0.032062,118,19,6,"enfield lock","Thames Water",46000,"Enfield","rail",0,1,0,0.4915274,278000,228106.942583388,49893.0574166123,0
"627",5763,NA,NA,"T","N","F",NA,NA,NA,NA,NA,NA,"EN1","E",77,3,6,0.9,459,61,"Average","owner-occupied",51.648501,-0.062939,109,24,5,"southbury","Thames Water",51700,"Enfield","light_rail",0,0,1,0.6791902,441000,391139.977227972,49860.0227720281,0
"628",1094,NA,NA,"F","N","L",NA,NA,NA,NA,NA,NA,"HA9","B",64,3,1.1,1.1,98,98,"Good","owner-occupied",51.559298,-0.284928,NA,45,4,"wembley stadium","Affinity Water",52500,"Brent","rail",0,1,0,0.2653378,365000,315188.09448944,49811.9055105599,0
"629",13820,NA,NA,"S","N","F",NA,NA,NA,NA,NA,NA,"UB4","D",96,5,4.3,1.6,252,94,"Average","owner-occupied",51.529103,-0.427502,126,35,5,"hayes and harlington","Affinity Water",51300,"Hillingdon","rail",0,1,0,2.1195954,499000,449256.241596868,49743.7584031317,0
"630",15464,NA,NA,"F","N","L",NA,NA,NA,NA,NA,NA,"SE4","D",55.47,2,3.2,3.1,342,334,"Average","owner-occupied",51.455827,-0.032718,79,28,3,"crofton park","Thames Water",58800,"Lewisham","rail",0,1,0,0.2038192,376000,326682.360842237,49317.6391577627,0
"631",13676,NA,NA,"T","N","F",NA,NA,NA,NA,NA,NA,"BR1","F",86,3,6.3,2.4,418,154,"Poor","owner-occupied",51.411923,0.007674,107,70,4,"shortlands","Thames Water",56100,"Bromley","rail",0,1,0,0.6220214,544000,494695.748443845,49304.2515561554,0
"632",5343,NA,NA,"F","N","L",NA,NA,NA,NA,NA,NA,"SE15","D",29.66,2,2.4,2,535,444,"Good","owner-occupied",51.472923,-0.077211,8,13,2,"peckham rye","Thames Water",52500,"Southwark","light_rail",0,1,1,0.5362682,350000,300704.285493837,49295.7145061634,0
"633",10788,NA,NA,"F","N","L",NA,NA,NA,NA,NA,NA,"CR0","D",50,3,2.2,1.4,239,154,"Average","owner-occupied",51.384402,-0.092234,69,55,5,"east croydon","Thames Water",45400,"Croydon","light_rail",0,1,1,0.6934824,251000,201728.766097624,49271.2339023762,0
"634",3443,NA,NA,"S","N","F",NA,NA,NA,NA,NA,NA,"DA7","D",144,7,6,2.7,235,104,"Average","owner-occupied",51.468149,0.125828,129,48,5,"bexleyheath","Thames Water",57600,"Bexley","rail",0,1,0,0.540618,627000,577891.281960691,49108.718039309,0
"635",4168,NA,NA,"F","N","L",NA,NA,NA,"LEYTON",NA,NA,"E10","C",47,3,1.9,1.1,207,119,"Good","rental (private)",51.567228,-0.002388,90,16,3,"leyton midland road","Thames Water",52700,"Waltham Forest","light_rail",0,0,1,0.5257044,330000,280897.880566585,49102.1194334147,0
"636",3514,NA,NA,"F","N","L",NA,NA,NA,NA,NA,NA,"N15","D",62,3,2.6,1.6,214,133,"Average","owner-occupied",51.585478,-0.06653,65,12,3,"seven sisters","Thames Water",40300,"Haringey","tube",1,1,1,0.2914366,364000,315146.195028851,48853.8049711488,0
"637",1496,NA,NA,"S","N","F",NA,NA,NA,NA,NA,NA,"EN1","E",113.7,6,9.2,6.9,417,313,"Average","owner-occupied",51.639263,-0.077539,76,26,5,"bush hill park","Thames Water",56700,"Enfield","light_rail",0,0,1,0.549939,735000,686327.568303367,48672.4316966333,0
"638",5286,NA,NA,"T","N","F",NA,NA,NA,NA,NA,NA,"CR7","D",97,5,3.4,1.3,202,73,"Average","owner-occupied",51.401237,-0.115657,83,42,4,"thornton heath","Thames Water",51500,"Croydon","rail",0,1,0,0.8631246,477000,428382.681082892,48617.3189171085,0
"639",4708,NA,NA,"T","N","F",NA,NA,NA,NA,NA,NA,"UB4","D",103,5,4.5,1.8,247,100,"Average","owner-occupied",51.524843,-0.417011,80,37,5,"hayes and harlington","Affinity Water",53100,"Hillingdon","rail",0,1,0,1.6162614,527000,478687.082045125,48312.9179548747,0
"640",11738,NA,NA,"F","N","L",NA,NA,NA,NA,NA,NA,"HA0","D",61,3,2.5,1.5,213,126,"Average","owner-occupied",51.563367,-0.308205,69,50,4,"north wembley","Affinity Water",50600,"Brent","tube",2,0,1,0.1969838,342000,294470.416783041,47529.5832169585,0
"641",5699,NA,NA,"D","N","F",NA,NA,NA,NA,NA,NA,"EN5","D",112,7,5.3,2.4,270,121,"Good","owner-occupied",51.643333,-0.238951,82,134,6,"elstree and borehamwood","Affinity Water",58000,"Barnet","rail",0,1,0,2.407925,766000,718552.71609227,47447.2839077299,0
"642",3554,NA,NA,"F","N","L",NA,NA,NA,NA,NA,NA,"SW19","D",72,3,3.4,1.7,271,137,"Very Poor","owner-occupied",51.418004,-0.172714,113,17,3,"colliers wood","Thames Water",64700,"Merton","tube",1,0,0,0.4020458,562000,514581.388362378,47418.6116376215,0
"643",9046,NA,NA,"F","N","L",NA,NA,NA,NA,NA,NA,"CR2","C",65,3,2,1.7,172,152,"Good","owner-occupied",51.347764,-0.106593,60,91,6,"purley oaks","Thames Water",58600,"Croydon","rail",0,1,0,0.5797662,315000,267643.674370438,47356.3256295623,0
"644",1720,NA,NA,"F","N","L",NA,NA,NA,NA,NA,NA,"BR3","C",54,2,1.9,1.8,207,196,"Good","owner-occupied",51.411479,-0.023867,118,43,4,"beckenham junction","Thames Water",56300,"Bromley","light_rail",0,2,1,0.118066,342000,294886.181298063,47113.8187019367,0
"645",9116,NA,NA,"F","N","L",NA,NA,NA,NA,NA,NA,"N14","D",59,3,2.3,1.5,202,136,"Average","rental (private)",51.639672,-0.133537,35,70,4,"southgate","Thames Water",47600,"Enfield","tube",1,0,0,0.727038,342000,294984.966995097,47015.0330049033,0
"646",1349,NA,NA,"F","N","L",NA,NA,NA,NA,NA,NA,"CR8","D",64,3,3.3,3.3,294,289,"Average","owner-occupied",51.325056,-0.103711,78,100,6,"kenley","SES Water",60700,"Croydon","rail",0,1,0,0.1976052,313000,265985.730251854,47014.2697481463,0
"647",7985,NA,NA,"T","N","F",NA,NA,NA,NA,NA,NA,"E4","F",95,4,7,1,419,55,"Good","owner-occupied",51.6325,0.006949,104,58,5,"chingford","Thames Water",55200,"Waltham Forest","light_rail",0,0,1,0.2224612,510000,463038.85441665,46961.1455833498,0
"648",15173,NA,NA,"F","N","L",NA,NA,NA,NA,NA,NA,"BR5","C",58,3,1.4,1.2,136,124,"Average","owner-occupied",51.394524,0.098407,69,63,6,"st mary cray","Thames Water",49300,"Bromley","rail",0,1,0,0.531297,284000,237047.285306108,46952.7146938916,0
"649",6952,NA,NA,"T","N","F",NA,NA,NA,NA,NA,NA,"RM9","D",106,6,3.9,1.8,207,93,"Average","rental (private)",51.542501,0.118937,128,7,5,"becontree","Essex & Suffolk Water",39400,"Barking and Dagenham","tube",1,0,0,0.5698238,420000,373050.615327795,46949.3846722053,0
"650",11555,NA,NA,"T","N","F",NA,NA,NA,NA,NA,NA,"KT4","C",113,6,2.5,0.9,125,44,"Good","owner-occupied",51.383595,-0.23405,163,26,4,"worcester park","SES Water",61700,"Sutton","rail",0,1,0,0.7755072,585000,538059.093623528,46940.9063764715,0
"651",12685,NA,NA,"F","N","L",NA,NA,NA,NA,NA,NA,"SE25","D",56,3,2.4,1.1,243,117,"Very Poor","rental (private)",51.404921,-0.075047,35,67,4,"norwood junction","Thames Water",45200,"Croydon","light_rail",0,1,1,0.6381778,295000,248096.058210474,46903.9417895258,0
"652",3087,NA,NA,"F","N","L",NA,NA,NA,NA,NA,NA,"SW9","E",48.51,3,4.3,3.8,526,472,"Poor","rental (private)",51.471957,-0.117971,64,10,2,"stockwell","Thames Water",54900,"Lambeth","tube",2,0,0,0.3162926,471000,424148.364157297,46851.6358427029,0
"653",6014,NA,NA,"F","N","L",NA,NA,NA,NA,NA,NA,"SE25","C",31,1,1.2,0.9,212,161,"Good","rental (private)",51.389388,-0.067262,102,52,3,"woodside","Thames Water",50500,"Croydon","light_rail",0,0,1,0.2417246,242000,195395.250963441,46604.7490365586,0
"654",23,NA,NA,"T","N","F",NA,NA,NA,NA,NA,NA,"DA8","C",41,2,1.3,0.1,162,1,"Average","owner-occupied",51.484852,0.173747,115,5,6,"erith","Thames Water",45100,"Bexley","rail",0,1,0,0.8687172,295000,248475.299662431,46524.7003375695,0
"655",7517,NA,NA,"S","N","F",NA,NA,NA,NA,NA,NA,"NW11","D",118,5,4.5,1.7,215,82,"Average","owner-occupied",51.58833,-0.183106,46,72,3,"east finchley","Affinity Water",71600,"Barnet","tube",1,0,0,0.9526062,1021000,974487.078820647,46512.9211793535,0
"656",11210,NA,NA,"T","N","F",NA,NA,NA,NA,NA,NA,"SE22","D",77.36,3,3.8,3.7,293,285,"Average","rental (social)",51.449369,-0.073221,70,51,2,"north dulwich","Thames Water",59400,"Southwark","rail",0,1,0,0.928993,694000,647605.762243374,46394.2377566259,0
"657",1088,NA,NA,"F","N","L",NA,NA,NA,NA,NA,NA,"DA14","D",69,3,3,1.9,247,154,"Average","owner-occupied",51.430975,0.121239,151,43,5,"albany park","Thames Water",50500,"Bexley","rail",0,1,0,0.7295236,310000,263646.348549233,46353.6514507667,0
"658",4541,NA,NA,"T","N","F",NA,NA,NA,NA,NA,NA,"BR1","D",72,4,3.2,1,256,80,"Average","owner-occupied",51.409416,0.025854,71,73,4,"bromley north","Thames Water",56100,"Bromley","rail",0,1,0,0.7034248,446000,400104.396597947,45895.6034020529,0
"659",2022,NA,NA,"T","N","F",NA,NA,NA,NA,NA,NA,"BR4","E",121,6,7.4,2.2,346,100,"Average","owner-occupied",51.383403,-0.002614,85,63,5,"west wickham","Thames Water",57200,"Bromley","rail",0,1,0,0.6630338,589000,543277.345512718,45722.6544872816,0
"660",7814,NA,NA,"F","N","L",NA,NA,NA,NA,NA,NA,"E3","C",45,2,1,1,120,120,"Good","owner-occupied",51.524553,-0.01429,54,9,2,"bromley-by-bow","Thames Water",48300,"Tower Hamlets","tube",2,0,0,0.2305394,338000,292292.983688034,45707.0163119658,0
"661",5621,NA,NA,"S","N","F",NA,NA,NA,NA,NA,NA,"SE13","D",141,5,4.6,2.4,183,94,"Average","owner-occupied",51.458307,-0.007018,63,24,3,"hither green","Thames Water",53500,"Lewisham","rail",0,1,0,0.5785234,739000,693385.939153436,45614.0608465644,0
"662",1190,NA,NA,"S","N","F",NA,NA,NA,NA,NA,NA,"DA8","C",94,5,2.9,1.2,160,64,"Average","owner-occupied",51.473673,0.194038,111,7,6,"slade green","Thames Water",44200,"Bexley","rail",0,1,0,0.5114122,385000,339514.98681247,45485.0131875299,0
"663",12613,NA,NA,"T","N","F",NA,NA,NA,NA,NA,NA,"E4","D",105,5,4.2,1.8,227,96,"Average","owner-occupied",51.614705,-0.027127,84,16,4,"angel road","Thames Water",46900,"Waltham Forest","rail",0,1,0,1.165125,510000,465218.708872778,44781.2911272221,0
"664",4946,NA,NA,"F","N","L",NA,NA,NA,NA,NA,NA,"CR0","B",50,2,0.8,0.8,96,96,"Good","owner-occupied",51.390824,-0.103411,128,51,4,"selhurst","Thames Water",46100,"Croydon","rail",0,1,0,0.7941492,248000,203236.972495229,44763.0275047707,0
"665",13410,NA,NA,"T","N","F",NA,NA,NA,NA,NA,NA,"RM10","D",62,5,2.8,0.9,253,79,"Average","owner-occupied",51.550854,0.15064,120,12,5,"dagenham heathway","Essex & Suffolk Water",40000,"Barking and Dagenham","tube",1,0,0,0.8786596,342000,297315.213189913,44684.7868100873,0
"666",6422,NA,NA,"F","N","L",NA,NA,NA,NA,NA,NA,"EN1","D",41.29,2,2.7,1.5,391,219,"Average","rental (private)",51.648804,-0.065514,87,24,5,"bush hill park","Thames Water",51700,"Enfield","light_rail",0,0,1,0.633828,283000,238332.181916935,44667.8180830645,0
"667",15489,NA,NA,"T","N","F",NA,NA,NA,NA,NA,NA,"NW10","D",154,6,6.8,3.4,240,118,"Average","owner-occupied",51.5363,-0.240907,58,51,3,"willesden junction","Thames Water",44000,"Brent","tube",2,0,1,0.3958318,968000,923623.136460752,44376.8635392485,0
"668",8551,NA,NA,"T","N","F",NA,NA,NA,NA,NA,NA,"E13","E",87,4,4.8,2,290,118,"Good","owner-occupied",51.523221,0.03253,66,5,3,"prince regent","Thames Water",45200,"Newham","light_rail",0,0,1,1.3229606,443000,398777.4790222,44222.5209777995,0
"669",5171,NA,NA,"F","N","L",NA,NA,NA,NA,NA,NA,"BR1","D",49,3,2.2,1.3,259,149,"Average","owner-occupied",51.414168,0.012573,101,66,4,"sundridge park","Thames Water",56100,"Bromley","rail",0,1,0,0.462943,309000,264979.203346008,44020.7966539921,0
"670",12982,NA,NA,"F","N","L",NA,NA,NA,NA,NA,NA,"KT9","C",55,3,1.4,1.2,145,123,"Good","owner-occupied",51.359701,-0.310261,142,45,6,"chessington south","Thames Water",54700,"Kingston upon Thames","rail",0,1,0,0.4119882,299000,255127.237476969,43872.7625230307,0
"671",14320,NA,NA,"F","N","L",NA,NA,NA,NA,NA,NA,"N19","D",57,2,2.2,1.1,238,115,"Good","owner-occupied",51.557139,-0.136297,104,43,2,"tufnell park","Thames Water",60300,"Camden","tube",1,0,0,0.2000908,552000,508206.89538285,43793.1046171502,0
"672",7887,NA,NA,"D","N","F",NA,NA,NA,NA,NA,NA,"CR8","D",117.16,5,4.4,4.4,195,195,"Good","owner-occupied",51.342473,-0.101355,50,76,6,"purley oaks","SES Water",58600,"Croydon","rail",0,1,0,0.5232188,595000,551460.913526146,43539.0864738543,0
"673",6693,NA,NA,"F","N","L",NA,NA,NA,NA,NA,NA,"SM4","D",44,2,2.6,1.8,312,213,"Average","owner-occupied",51.399335,-0.198209,133,22,4,"morden south","SES Water",49800,"Merton","rail",0,1,0,0.2125188,272000,228535.034296955,43464.9657030453,0
"674",256,NA,NA,"F","N","L",NA,NA,NA,NA,NA,NA,"TW9","C",62,3,1.9,1.8,178,162,"Good","owner-occupied",51.465507,-0.294753,85,10,4,"north sheen","Thames Water",61900,"Richmond upon Thames","rail",0,1,0,0.7189598,464000,420894.826027938,43105.1739720621,0
"675",7789,NA,NA,"T","N","F",NA,NA,NA,NA,NA,NA,"RM10","D",99,5,4.6,2.3,264,129,"Average","owner-occupied",51.554748,0.157459,129,10,5,"dagenham east","Essex & Suffolk Water",38000,"Barking and Dagenham","tube",1,0,0,1.0837216,407000,364190.89239977,42809.1076002299,0
"676",7146,NA,NA,"S","N","F",NA,NA,NA,NA,NA,NA,"DA7","C",89,5,3.1,1.5,198,94,"Average","owner-occupied",51.471888,0.147687,86,51,6,"barnehurst","Thames Water",53500,"Bexley","rail",0,1,0,0.845104,434000,391228.169368712,42771.8306312877,0
"677",13994,NA,NA,"F","N","L",NA,NA,NA,NA,NA,NA,"E14","B",75.25,3,2.3,2.2,173,165,"Good","rental (private)",51.492801,-0.026056,72,3,2,"mudchute","Thames Water",68800,"Tower Hamlets","light_rail",0,0,1,0.6661408,562000,519250.298868181,42749.7011318191,0
"678",7489,NA,NA,"T","N","F",NA,NA,NA,"RAYNES PARK",NA,NA,"SW20","E",98,5,6.6,2.4,402,145,"Average","owner-occupied",51.401196,-0.228288,74,18,4,"motspur park","Thames Water",67300,"Merton","rail",0,1,0,0.7046676,662000,619378.507760812,42621.4922391882,0
"679",4381,NA,NA,"T","N","F",NA,NA,NA,NA,NA,NA,"EN5","D",74,5,3.5,0.8,271,60,"Average","rental (private)",51.64437,-0.207634,85,86,5,"high barnet","Affinity Water",50100,"Barnet","tube",1,0,0,1.0103964,468000,425400.272290092,42599.7277099083,0
"680",15426,NA,NA,"S","N","F",NA,NA,NA,NA,NA,NA,"TW7","E",120,5,6.4,2.3,276,97,"Good","owner-occupied",51.465377,-0.33072,20,9,4,"st margarets","Thames Water",53100,"Hounslow","rail",0,1,0,1.0613512,641000,598668.870015274,42331.1299847257,0
"681",6772,NA,NA,"S","N","F",NA,NA,NA,NA,NA,NA,"TW10","D",85.42,5,3.2,2.5,218,168,"Average","owner-occupied",51.43146,-0.314535,88,9,6,"teddington","Thames Water",56200,"Richmond upon Thames","rail",0,1,0,1.3117754,627000,584791.330902876,42208.6690971239,0
"682",7839,NA,NA,"T","N","F",NA,NA,NA,NA,NA,NA,"SM6","D",125,7,5.5,3.4,251,152,"Average","owner-occupied",51.369058,-0.155538,52,34,5,"carshalton","SES Water",53400,"Sutton","rail",0,1,0,0.6655194,556000,513947.069099271,42052.9309007293,0
"683",8274,NA,NA,"F","N","L",NA,NA,NA,NA,NA,NA,"NW10","C",48.18,3,2.4,1.6,298,203,"Average","owner-occupied",51.546815,-0.237516,59,50,3,"dollis hill","Thames Water",43400,"Brent","tube",1,0,0,0.565474,302000,259949.591200639,42050.4087993612,0
"684",7460,NA,NA,"F","N","L",NA,NA,NA,NA,NA,NA,"BR2","D",46,2,3.3,1.9,426,243,"Average","owner-occupied",51.404614,-0.000856,25,49,4,"shortlands","Thames Water",60300,"Bromley","rail",0,1,0,0.320021,296000,253957.794777881,42042.2052221191,0
"685",7810,NA,NA,"F","N","L",NA,NA,NA,NA,NA,NA,"N15","D",48,3,2.1,1.3,246,151,"Average","owner-occupied",51.585805,-0.091965,139,19,3,"harringay green lanes","Thames Water",44200,"Haringey","light_rail",0,0,1,0.863746,308000,265987.002951309,42012.9970486908,0
"686",6272,NA,NA,"F","N","L",NA,NA,NA,NA,NA,NA,"E17","D",59.5,3,3,2.3,261,204,"Good","rental (private)",51.588718,-0.019751,65,33,3,"walthamstow central","Thames Water",50500,"Waltham Forest","tube",1,0,1,0.416338,386000,344330.863584985,41669.1364150152,0
"687",7728,NA,NA,"T","N","F",NA,NA,NA,NA,NA,NA,"KT2","E",114,5,6.1,2.2,302,110,"Average","owner-occupied",51.419076,-0.292699,64,10,6,"kingston","Thames Water",59400,"Kingston upon Thames","rail",0,1,0,0.6437704,718000,676551.552246461,41448.4477535393,0
"688",11906,NA,NA,"F","N","L",NA,NA,NA,NA,NA,NA,"KT3","D",63,3,3.6,3.5,297,286,"Good","owner-occupied",51.401861,-0.257045,59,18,4,"new malden","Thames Water",64300,"Kingston upon Thames","rail",0,1,0,0.2597452,390000,348730.136039653,41269.8639603467,0
"689",9259,NA,NA,"T","N","F",NA,NA,NA,NA,NA,NA,"SM6","C",79,3,2.5,1.1,182,79,"Average","owner-occupied",51.352824,-0.133844,72,78,5,"wallington","SES Water",44600,"Sutton","rail",0,1,0,1.3440882,381000,339744.65708806,41255.3429119398,0
"690",4083,NA,NA,"F","N","L",NA,NA,NA,NA,NA,NA,"RM1","C",50,3,1.7,1.3,194,151,"Average","owner-occupied",51.57813,0.193321,113,26,6,"romford","Essex & Suffolk Water",43400,"Havering","light_rail",0,1,1,0.5244616,245000,203789.5726097,41210.4273902997,0
"691",9776,NA,NA,"F","N","L",NA,NA,NA,NA,NA,NA,"SM2","C",63,3,2,1.5,176,139,"Average","owner-occupied",51.355424,-0.19943,51,77,5,"sutton","SES Water",53300,"Sutton","rail",0,1,0,0.587223,304000,262981.894087983,41018.1059120169,0
"692",7136,NA,NA,"F","N","L",NA,NA,NA,"ACTON",NA,NA,"W4","C",85,4,1.7,1.7,113,113,"Good","owner-occupied",51.501698,-0.2638,61,10,3,"south acton","Thames Water",63300,"Hounslow","light_rail",0,0,1,0.490906,601000,560181.8768895,40818.1231105003,0
"693",6240,NA,NA,"T","N","F",NA,NA,NA,NA,NA,NA,"DA15","D",79,4,3.3,1.2,218,77,"Average","owner-occupied",51.438258,0.08772,93,37,5,"sidcup","Thames Water",59300,"Bexley","rail",0,1,0,0.7388446,442000,401215.877138089,40784.1228619108,0
"694",8621,NA,NA,"T","N","F",NA,NA,NA,NA,NA,NA,"HA2","C",93,5,3.1,1,187,61,"Average","owner-occupied",51.57217,-0.347907,172,69,5,"south harrow","Affinity Water",54500,"Harrow","tube",1,0,0,0.5605028,506000,465272.160934377,40727.8390656227,0
"695",14934,NA,NA,"S","N","F",NA,NA,NA,NA,NA,NA,"TW2","D",66,3,3.6,0.8,311,66,"Average","owner-occupied",51.450283,-0.368048,60,22,5,"whitton","Thames Water",55400,"Richmond upon Thames","rail",0,1,0,0.534404,490000,449320.701176473,40679.2988235268,0
"696",2837,NA,NA,"S","N","F",NA,NA,NA,NA,NA,NA,"TW13","D",85,4,4.3,2.1,284,136,"Average","owner-occupied",51.443425,-0.391725,29,22,6,"feltham","Thames Water",48800,"Hounslow","rail",0,1,0,0.9171864,428000,387472.367055781,40527.6329442188,0
"697",3903,NA,NA,"T","N","F",NA,NA,NA,NA,NA,NA,"RM9","E",73,4,4.4,1.1,314,74,"Average","rental (social)",51.550926,0.130435,130,10,5,"becontree","Essex & Suffolk Water",40900,"Barking and Dagenham","tube",1,0,0,0.9463922,351000,310556.868651491,40443.1313485093,0
"698",14971,NA,NA,"D","N","F",NA,NA,NA,NA,NA,NA,"DA14","D",366,11,17,9.3,228,126,"Poor","owner-occupied",51.430012,0.092264,6,52,5,"sidcup","Thames Water",48100,"Bexley","rail",0,1,0,1.0545158,924000,883707.498619423,40292.5013805771,0
"699",12299,NA,NA,"F","N","L",NA,NA,NA,NA,NA,NA,"SE9","C",58,3,1.7,1.5,170,145,"Good","owner-occupied",51.447505,0.037038,120,36,4,"mottingham","Thames Water",44500,"Greenwich","rail",0,1,0,0.9867832,284000,243796.353032959,40203.6469670412,0
"700",9277,NA,NA,"F","N","L",NA,NA,NA,NA,NA,NA,"SW11","B",86.48,3,1.9,1.7,133,121,"Average","owner-occupied",51.466689,-0.183075,48,6,2,"wandsworth town","Thames Water",66400,"Wandsworth","rail",0,1,0,0.500227,729000,688880.902694269,40119.097305731,0
"701",6320,NA,NA,"F","N","L",NA,NA,NA,NA,NA,NA,"KT1","D",55,3,2.7,1.4,274,144,"Very Poor","owner-occupied",51.402865,-0.297199,87,14,6,"surbiton","Thames Water",64600,"Kingston upon Thames","rail",0,1,0,0.9687626,411000,371090.132112879,39909.867887121,0
"702",13198,NA,NA,"F","N","L",NA,NA,NA,NA,NA,NA,"SW11","E",67,3,4.4,1.8,369,155,"Good","rental (private)",51.464271,-0.158914,96,23,2,"clapham junction","Thames Water",80600,"Wandsworth","light_rail",0,1,1,0.5605028,604000,564334.99785185,39665.0021481502,0
"703",4411,NA,NA,"F","N","L",NA,NA,NA,NA,NA,NA,"SW16","C",40,2,2.7,2.2,378,316,"Average","owner-occupied",51.433503,-0.117293,66,68,3,"streatham hill","Thames Water",53400,"Croydon","rail",0,1,0,0.6574412,301000,261482.066311994,39517.9336880058,0
"704",505,NA,NA,"S","N","F",NA,NA,NA,NA,NA,NA,"N12","E",187,7,10,6.3,308,183,"Average","owner-occupied",51.610308,-0.17908,49,91,4,"west finchley","Affinity Water",51100,"Barnet","tube",1,0,0,0.568581,1165000,1125540.16772128,39459.8322787171,0
"705",7276,NA,NA,"T","N","F",NA,NA,NA,NA,NA,NA,"BR3","D",104,5,4.3,1.6,235,85,"Good","owner-occupied",51.404575,-0.037938,134,32,4,"clock house","Thames Water",59500,"Bromley","rail",0,1,0,0.5940584,579000,539576.503661831,39423.4963381689,0
"706",14276,NA,NA,"F","N","L",NA,NA,NA,"FOREST HILL",NA,NA,"SE23","C",62.67,3,2,1.4,190,131,"Good","rental (private)",51.443229,-0.048355,8,37,3,"forest hill","Thames Water",58000,"Lewisham","light_rail",0,1,1,0.447408,374000,334597.264737284,39402.7352627158,0
"707",14593,NA,NA,"D","N","F",NA,NA,NA,NA,NA,NA,"SM2","E",124,5,7.8,2.8,358,127,"Average","owner-occupied",51.352541,-0.181003,46,94,5,"carshalton beeches","SES Water",75400,"Sutton","rail",0,1,0,0.8569106,743000,703614.371325623,39385.6286743765,0
"708",13182,NA,NA,"S","N","F",NA,NA,NA,NA,NA,NA,"EN2","E",107.84,6,7.3,5.8,350,277,"Average","owner-occupied",51.655602,-0.091668,25,48,5,"enfield chase","Thames Water",54900,"Enfield","rail",0,1,0,0.257881,610000,570622.980362766,39377.0196372338,0
"709",13970,NA,NA,"T","N","F",NA,NA,NA,NA,NA,NA,"HA6","C",140,7,4.7,2.8,192,110,"Average","owner-occupied",51.602536,-0.421068,32,63,6,"northwood hills","Affinity Water",55500,"Hillingdon","tube",1,0,0,0.9929972,750000,710677.529031745,39322.470968255,0
"710",5420,NA,NA,"T","N","F",NA,NA,NA,NA,NA,NA,"RM5","E",85,4,4.9,1.9,331,125,"Average","owner-occupied",51.607843,0.177031,58,71,6,"gidea park","Essex & Suffolk Water",42400,"Havering","rail",0,1,0,3.1461482,368000,328728.821090495,39271.1789095054,0
"711",5956,NA,NA,"T","N","F",NA,NA,NA,NA,NA,NA,"HA5","D",79,5,3,0.9,214,60,"Average","owner-occupied",51.586528,-0.409614,42,47,5,"eastcote","Affinity Water",60700,"Harrow","tube",2,0,0,1.1576682,519000,479818.712837292,39181.2871627082,0
"712",9895,NA,NA,"T","N","F",NA,NA,NA,NA,NA,NA,"UB10","D",121,7,4.1,2.4,193,111,"Average","owner-occupied",51.549545,-0.445936,140,37,6,"hillingdon","Affinity Water",56000,"Hillingdon","tube",2,0,0,0.5132764,618000,578980.09674313,39019.9032568698,0
"713",7677,NA,NA,"F","N","L",NA,NA,NA,NA,NA,NA,"SE17","C",40,2,1.6,0.9,212,123,"Average","owner-occupied",51.490239,-0.091809,106,7,2,"elephant and castle","Thames Water",43300,"Southwark","tube",3,1,0,0.7245524,335000,296078.81734952,38921.1826504797,0
"714",14591,NA,NA,"T","N","F",NA,NA,NA,NA,NA,NA,"SE20","D",122,4,4,1.7,188,80,"Average","owner-occupied",51.404917,-0.056845,67,44,4,"birkbeck","Thames Water",55700,"Bromley","light_rail",0,1,1,0.0173992,597000,558172.69261674,38827.3073832602,0
"715",13725,NA,NA,"F","N","L",NA,NA,NA,NA,NA,NA,"SE27","D",51,3,3.2,1.3,329,132,"Very Poor","owner-occupied",51.425014,-0.098368,59,65,3,"west norwood","Thames Water",43300,"Lambeth","rail",0,1,0,0.5567744,331000,292231.651912392,38768.3480876077,0
"716",1252,NA,NA,"T","N","F",NA,NA,NA,NA,NA,NA,"EN1","D",78,3,3.1,1,226,70,"Average","owner-occupied",51.651569,-0.073419,105,29,5,"enfield town","Thames Water",49900,"Enfield","light_rail",0,0,1,0.4144738,432000,393259.931607916,38740.0683920835,0
"717",7419,NA,NA,"S","N","F",NA,NA,NA,NA,NA,NA,"RM12","D",76,4,3.5,1.1,260,78,"Good","owner-occupied",51.551414,0.2063,99,15,6,"elm park","Essex & Suffolk Water",52100,"Havering","tube",1,0,0,0.6164288,415000,376512.457854634,38487.5421453656,0
"718",7545,NA,NA,"F","N","L",NA,NA,NA,NA,NA,NA,"N21","C",56,3,3.2,1.7,339,182,"Average","owner-occupied",51.647776,-0.111147,37,63,5,"grange park","Thames Water",61700,"Enfield","rail",0,1,0,0.8830094,377000,338605.094863449,38394.9051365508,0
"719",14583,NA,NA,"S","N","F",NA,NA,NA,NA,NA,NA,"SW20","C",113,6,3.7,2.3,185,113,"Average","owner-occupied",51.414036,-0.25035,120,16,4,"new malden","Thames Water",63800,"Merton","rail",0,1,0,0.9805692,760000,721975.591461947,38024.4085380532,0
"720",9049,NA,NA,"F","N","L",NA,NA,NA,NA,NA,NA,"SE26","B",81,3,1.3,1.3,86,86,"Good","rental (private)",51.426323,-0.067358,156,92,3,"crystal palace","Thames Water",54200,"Lewisham","light_rail",0,1,1,0.8040916,404000,366547.874140607,37452.1258593934,0
"721",6386,NA,NA,"T","N","F",NA,NA,NA,NA,NA,NA,"N21","D",92,4,4.8,2.3,297,140,"Average","owner-occupied",51.625878,-0.090472,91,25,4,"winchmore hill","Thames Water",48600,"Enfield","rail",0,1,0,1.0464376,483000,445683.158819629,37316.8411803711,0
"722",12932,NA,NA,"T","N","F",NA,NA,NA,NA,NA,NA,"RM3","C",89,5,2.9,1.5,186,92,"Average","owner-occupied",51.609746,0.236047,99,72,6,"harold wood","Essex & Suffolk Water",41500,"Havering","rail",0,1,0,1.3198536,363000,325943.046234072,37056.9537659278,0
"723",15376,NA,NA,"T","N","F",NA,NA,NA,NA,NA,NA,"HA6","D",142,5,5.9,2.3,237,90,"Average","owner-occupied",51.614644,-0.410726,97,109,6,"northwood","Affinity Water",62000,"Hillingdon","tube",1,0,0,0.7686718,826000,788945.355820361,37054.6441796393,0
"724",15647,NA,NA,"F","N","L",NA,NA,NA,NA,NA,NA,"TW4","C",53,3,1.6,1.3,173,145,"Good","owner-occupied",51.472854,-0.385003,31,25,5,"hounslow west","Thames Water",46900,"Hounslow","tube",1,0,0,0.1006668,269000,231989.445774363,37010.5542256372,0
"725",13751,NA,NA,"S","N","F",NA,NA,NA,NA,NA,NA,"EN2","D",102,5,4.5,1.3,252,70,"Good","owner-occupied",51.654049,-0.109238,81,39,5,"enfield chase","Thames Water",59200,"Enfield","rail",0,1,0,1.1477258,663000,626143.617824206,36856.3821757939,0
"726",7522,NA,NA,"D","N","F",NA,NA,NA,NA,NA,NA,"BR6","D",72,5,4.1,1.6,319,124,"Average","owner-occupied",51.37155,0.078578,31,107,6,"orpington","Thames Water",66900,"Bromley","rail",0,1,0,0.658684,469000,432177.223415988,36822.776584012,0
"727",13388,NA,NA,"F","N","L",NA,NA,NA,NA,NA,NA,"SW18","D",55.65,3,4,4,432,427,"Very Poor","owner-occupied",51.455333,-0.189557,98,11,2,"wandsworth town","Thames Water",58200,"Wandsworth","rail",0,1,0,0.5741736,496000,459212.58306512,36787.4169348804,0
"728",1889,NA,NA,"T","N","F",NA,NA,NA,NA,NA,NA,"EN1","E",92,5,5.2,2.1,319,130,"Good","owner-occupied",51.647221,-0.070958,158,25,5,"bush hill park","Thames Water",51700,"Enfield","light_rail",0,0,1,0.5151406,471000,434212.943253565,36787.0567464349,0
"729",12757,NA,NA,"F","N","L",NA,NA,NA,NA,NA,NA,"SW9","D",52,3,2.8,2.3,282,232,"Average","owner-occupied",51.471382,-0.122487,97,10,2,"stockwell","Thames Water",54900,"Lambeth","tube",2,0,0,0.2162472,411000,374429.165451455,36570.8345485448,0
"730",14373,NA,NA,"T","N","F",NA,NA,NA,NA,NA,NA,"IG1","D",100,4,4,2.5,226,139,"Average","rental (private)",51.552457,0.078174,131,12,4,"ilford","Essex & Suffolk Water",43800,"Redbridge","rail",0,1,0,0.9457708,428000,391654.162134233,36345.8378657673,0
"731",823,NA,NA,"F","N","L",NA,NA,NA,NA,NA,NA,"SW16","B",45.74,2,0.8,0.8,87,87,"Good","owner-occupied",51.41019,-0.138454,63,31,3,"streatham common","Thames Water",53700,"Croydon","rail",0,1,0,1.0103964,264000,227679.733099037,36320.2669009634,0
"732",15056,NA,NA,"S","N","F",NA,NA,NA,NA,NA,NA,"DA16","D",56,4,2.9,0.7,270,63,"Average","owner-occupied",51.470623,0.124301,124,49,5,"bexleyheath","Thames Water",57600,"Bexley","rail",0,1,0,0.8065772,404000,367815.618430569,36184.3815694306,0
"733",5278,NA,NA,"T","N","F",NA,NA,NA,NA,NA,NA,"SE27","D",91,6,3.3,1,207,61,"Average","owner-occupied",51.434406,-0.108049,40,68,3,"west norwood","Thames Water",55900,"Lambeth","rail",0,1,0,0.2852226,613000,576892.576500722,36107.4234992781,0
"734",7298,NA,NA,"D","N","F",NA,NA,NA,NA,NA,NA,"N21","D",128,6,5.1,1.9,226,84,"Good","owner-occupied",51.644304,-0.093268,55,32,5,"grange park","Thames Water",65200,"Enfield","rail",0,1,0,0.3032432,794000,758006.652955574,35993.3470444262,0
"735",11689,NA,NA,"T","N","F",NA,NA,NA,NA,NA,NA,"KT4","D",62,4,2.7,0.7,246,64,"Good","owner-occupied",51.387791,-0.243992,66,24,4,"worcester park","Thames Water",65000,"Sutton","rail",0,1,0,0.699075,462000,426268.454954128,35731.5450458717,0
"736",12453,NA,NA,"F","N","L",NA,NA,NA,NA,NA,NA,"TW13","C",45.44,2,1.5,1.2,201,160,"Average","owner-occupied",51.442613,-0.375249,132,20,5,"whitton","Thames Water",44100,"Hounslow","rail",0,1,0,1.2428,228000,192425.728678014,35574.2713219858,0
"737",2473,NA,NA,"F","N","L",NA,NA,NA,NA,NA,NA,"E17","E",66,3,4.3,2.7,336,214,"Average","owner-occupied",51.571969,-0.027477,83,11,3,"lea bridge","Thames Water",54700,"Waltham Forest","rail",0,1,0,0.6767046,406000,370512.076431138,35487.9235688621,0
"738",15701,NA,NA,"F","N","L",NA,NA,NA,NA,NA,NA,"RM2","C",49,3,1.3,1.2,152,143,"Good","owner-occupied",51.584499,0.21095,84,31,6,"gidea park","Essex & Suffolk Water",52600,"Havering","rail",0,1,0,0.3280992,268000,232761.952954757,35238.0470452432,0
"739",15514,NA,NA,"S","N","F",NA,NA,NA,NA,NA,NA,"HA7","C",156,6,5.1,2.9,187,103,"Average","owner-occupied",51.612972,-0.307214,133,73,5,"stanmore","Affinity Water",65400,"Harrow","tube",1,0,0,0.782964,976000,941160.559221254,34839.4407787458,0
"740",13920,NA,NA,"S","N","F",NA,NA,NA,NA,NA,NA,"DA15","D",107,6,3.8,1.4,200,74,"Average","owner-occupied",51.442622,0.088121,71,36,4,"new eltham","Thames Water",59300,"Bexley","rail",0,1,0,0.975598,558000,523213.264691013,34786.735308987,0
"741",227,NA,NA,"T","N","F",NA,NA,NA,NA,NA,NA,"KT3","E",81,5,5.4,1.4,376,94,"Average","owner-occupied",51.404223,-0.264138,96,17,4,"new malden","Thames Water",61000,"Kingston upon Thames","rail",0,1,0,0.5114122,516000,481314.709947577,34685.2900524227,0
"742",4712,NA,NA,"F","N","L",NA,NA,NA,NA,NA,NA,"SE16","B",74,3,1.5,1.4,126,115,"Average","rental (private)",51.505715,-0.046493,30,5,2,"rotherhithe","Thames Water",69100,"Southwark","light_rail",0,0,1,0.3691116,561000,526358.124743478,34641.875256522,0
"743",14251,NA,NA,"T","N","F",NA,NA,NA,NA,NA,NA,"SE22","D",158,7,5,3,174,100,"Good","owner-occupied",51.455656,-0.067861,85,34,2,"east dulwich","Thames Water",62600,"Southwark","rail",0,1,0,0.9762194,1259000,1224367.23685162,34632.7631483839,0
"744",1523,NA,NA,"T","N","F",NA,NA,NA,NA,NA,NA,"SW18","D",99.62,6,5.1,4.7,198,180,"Poor","owner-occupied",51.443413,-0.20213,57,17,3,"southfields","Thames Water",71300,"Wandsworth","tube",1,0,0,0.357305,935000,900535.471209205,34464.5287907952,0
"745",15196,NA,NA,"F","N","L",NA,NA,NA,NA,NA,NA,"TW3","C",44,2,1.5,1.5,198,203,"Average","owner-occupied",51.47139,-0.354703,197,21,4,"hounslow east","Thames Water",51600,"Hounslow","tube",1,0,0,0.2721732,240000,205543.721029001,34456.2789709988,0
"746",4461,NA,NA,"S","N","F",NA,NA,NA,NA,NA,NA,"SE12","D",132,6,4.5,2,193,86,"Good","owner-occupied",51.438919,0.022339,91,47,4,"grove park","Thames Water",53700,"Lewisham","rail",0,1,0,0.671112,595000,560667.552253178,34332.4477468224,0
"747",15301,NA,NA,"S","N","F",NA,NA,NA,NA,NA,NA,"KT4","D",96,5,3.3,1.1,193,62,"Average","owner-occupied",51.37591,-0.234983,30,32,4,"worcester park","SES Water",55400,"Sutton","rail",0,1,0,0.643149,509000,474901.625059645,34098.374940355,0
"748",13635,NA,NA,"F","N","L",NA,NA,NA,NA,NA,NA,"TW10","C",78,3,1.9,1.5,139,108,"Good","rental (private)",51.440783,-0.319372,33,10,5,"twickenham","Thames Water",56200,"Richmond upon Thames","rail",0,1,0,1.6237182,448000,414047.861650334,33952.1383496663,0
"749",13483,NA,NA,"D","N","F",NA,NA,NA,NA,NA,NA,"KT1","E",87,4,5,2.1,325,136,"Average","owner-occupied",51.407124,-0.298191,79,12,6,"kingston","Thames Water",63900,"Kingston upon Thames","rail",0,1,0,0.5828732,602000,568172.437070227,33827.5629297729,0
"750",14558,NA,NA,"T","N","F",NA,NA,NA,NA,NA,NA,"UB10","D",81,5,3.5,1,241,66,"Average","owner-occupied",51.551308,-0.447333,70,39,6,"hillingdon","Affinity Water",56000,"Hillingdon","tube",2,0,0,0.351091,474000,440368.699244324,33631.3007556764,0
"751",9529,NA,NA,"T","N","F",NA,NA,NA,NA,NA,NA,"SE6","D",139,7,4.8,2.5,195,101,"Good","owner-occupied",51.441606,-0.031977,66,23,3,"catford","Thames Water",48200,"Lewisham","rail",0,1,0,0.450515,617000,583548.28481714,33451.7151828605,0
"752",903,NA,NA,"S","N","F",NA,NA,NA,NA,NA,NA,"SE13","D",94,5,4.6,2,279,118,"Poor","owner-occupied",51.461514,-0.020626,134,30,3,"ladywell","Thames Water",60400,"Lewisham","rail",0,1,0,0.3212638,684000,650631.350960224,33368.6490397758,0
"753",13260,NA,NA,"F","N","L",NA,NA,NA,NA,NA,NA,"UB5","C",76,3,1.5,1.5,107,107,"Good","rental (private)",51.532935,-0.375496,NA,33,5,"northolt","Affinity Water",41500,"Ealing","tube",1,0,0,1.3552734,302000,268686.457618899,33313.5423811008,0
"754",12682,NA,NA,"F","N","L",NA,NA,NA,NA,NA,NA,"CR2","C",68,3,3.1,2.6,262,221,"Average","owner-occupied",51.362811,-0.092858,75,62,5,"south croydon","Thames Water",61500,"Croydon","rail",0,1,0,0.0975598,306000,272775.293440763,33224.7065592372,0
"755",10112,NA,NA,"F","N","L",NA,NA,NA,NA,NA,NA,"DA15","D",47,2,3.8,3,454,359,"Average","owner-occupied",51.433744,0.099815,51,41,5,"sidcup","Thames Water",48100,"Bexley","rail",0,1,0,0.2634736,245000,211806.221680546,33193.778319454,0
"756",13342,NA,NA,"F","N","L",NA,NA,NA,NA,NA,NA,"RM12","C",44,2,1.8,1.5,248,205,"Average","owner-occupied",51.560871,0.221129,52,29,6,"hornchurch","Essex & Suffolk Water",43600,"Havering","tube",1,0,0,0.4126096,222000,188881.182691348,33118.8173086517,0
"757",2448,NA,NA,"F","N","L",NA,NA,NA,NA,NA,NA,"SM1","D",79,3,3,2.1,220,155,"Average","owner-occupied",51.360609,-0.194515,21,67,5,"sutton","SES Water",53300,"Sutton","rail",0,1,0,0.1789632,330000,297122.482433157,32877.517566843,0
"758",616,NA,NA,"F","N","L",NA,NA,NA,NA,NA,NA,"IG1","D",33.49,2,2,2,363,356,"Good","rental (private)",51.556349,0.070129,181,10,4,"ilford","Essex & Suffolk Water",43800,"Redbridge","rail",0,1,0,0.4617002,210000,177142.719462678,32857.2805373215,0
"759",2397,NA,NA,"F","N","L",NA,NA,NA,NA,NA,NA,"DA15","E",53,2,5.3,2.3,601,264,"Good","owner-occupied",51.433723,0.100476,42,41,5,"sidcup","Thames Water",48100,"Bexley","rail",0,1,0,0.2435888,278000,245148.761941218,32851.238058782,0
"760",4764,NA,NA,"S","N","F",NA,NA,NA,NA,NA,NA,"IG8","D",141,9,5.9,2.7,240,110,"Average","owner-occupied",51.600214,0.027433,33,36,4,"south woodford","Thames Water",63400,"Redbridge","tube",1,0,0,0.9128366,771000,738389.663547555,32610.336452445,0
"761",12142,NA,NA,"F","N","L",NA,NA,NA,NA,NA,NA,"BR5","D",69,3,2.9,1.8,243,148,"Average","owner-occupied",51.411247,0.110605,79,38,6,"st mary cray","Thames Water",42300,"Bromley","rail",0,1,0,1.2104872,280000,247544.995728276,32455.0042717242,0
"762",13098,NA,NA,"S","N","F",NA,NA,NA,NA,NA,NA,"W12","D",292,11,11,6.2,213,114,"Good","owner-occupied",51.500716,-0.243229,60,8,2,"stamford brook","Thames Water",54400,"Hammersmith and Fulham","tube",1,0,0,0.4107454,3388000,3355608.36748405,32391.6325159525,0
"763",6841,NA,NA,"S","N","F",NA,NA,NA,"KIDBROOKE",NA,NA,"SE3","D",121,6,4.2,1.8,196,84,"Average","owner-occupied",51.466899,0.034605,64,44,3,"kidbrooke","Thames Water",47700,"Greenwich","rail",0,1,0,0.7320092,588000,555861.657278239,32138.3427217607,0
"764",3235,NA,NA,"F","N","L",NA,NA,NA,NA,NA,NA,"SW15","D",100,4,3.4,1.8,196,101,"Average","owner-occupied",51.467256,-0.215317,99,11,2,"putney bridge","Thames Water",71500,"Kingston upon Thames","tube",1,0,0,0.3486054,827000,795028.680055268,31971.3199447322,0
"765",493,NA,NA,"T","N","F",NA,NA,NA,NA,NA,NA,"NW10","E",132,5,6.5,3.5,281,148,"Average","owner-occupied",51.532631,-0.226559,113,50,2,"kensal green","Thames Water",52500,"Brent","tube",2,0,1,0.146029,1173000,1141377.5730097,31622.426990299,0
"766",5623,NA,NA,"S","N","F",NA,NA,NA,NA,NA,NA,"SE13","E",72,5,4.1,1.1,325,87,"Very Poor","owner-occupied",51.458863,-0.000603,46,17,3,"hither green","Thames Water",53500,"Lewisham","rail",0,1,0,0.6095934,538000,506389.373098782,31610.6269012179,0
"767",2104,NA,NA,"F","N","L",NA,NA,NA,NA,NA,NA,"UB8","E",64,3,4.6,3,411,267,"Good","owner-occupied",51.536896,-0.478377,120,38,6,"uxbridge","Affinity Water",45800,"Hillingdon","tube",2,0,0,0.9656556,294000,262471.921263745,31528.0787362549,0
"768",2779,NA,NA,"T","N","F",NA,NA,NA,NA,NA,NA,"CR0","E",117,6,6.8,3.7,331,178,"Average","owner-occupied",51.382021,-0.061177,110,58,3,"woodside","Thames Water",59100,"Croydon","light_rail",0,0,1,0.627614,585000,553524.665698048,31475.3343019524,0
"769",857,NA,NA,"S","N","F",NA,NA,NA,NA,NA,NA,"BR3","D",192,7,6,3.6,177,105,"Average","owner-occupied",51.403495,-0.028236,63,49,4,"beckenham junction","Thames Water",59500,"Bromley","light_rail",0,2,1,0.7506512,897000,865877.548078941,31122.4519210592,0
"770",4454,NA,NA,"F","N","L",NA,NA,NA,NA,NA,NA,"SW18","C",70,4,2.7,2.7,230,227,"Average","owner-occupied",51.444456,-0.179368,135,20,3,"earlsfield","Thames Water",62700,"Wandsworth","rail",0,1,0,0.462943,497000,465892.052207138,31107.9477928619,0
"771",6785,NA,NA,"T","N","F",NA,NA,NA,NA,NA,NA,"E17","C",74,3,2.6,0.9,199,64,"Average","owner-occupied",51.592665,-0.036326,112,16,3,"blackhorse road","Thames Water",50700,"Waltham Forest","tube",1,0,1,0.6468774,510000,478944.845048743,31055.1549512567,0
"772",9214,NA,NA,"F","N","L",NA,NA,NA,NA,NA,NA,"N19","D",82,5,3.2,2,220,138,"Average","owner-occupied",51.568499,-0.125519,33,45,2,"upper holloway","Thames Water",51600,"Camden","light_rail",0,0,1,0.3703544,593000,562089.154290728,30910.8457092722,0
"773",3053,NA,NA,"F","N","L",NA,NA,NA,NA,NA,NA,"E11","D",84,3,3.4,1.9,229,126,"Good","rental (private)",51.572382,0.006005,98,22,3,"leytonstone","Thames Water",54000,"Redbridge","tube",1,0,0,0.4803422,455000,424257.410643973,30742.5893560271,0
"774",5664,NA,NA,"F","N","L",NA,NA,NA,NA,NA,NA,"E2","C",54,3,2.6,2.4,284,260,"Good","owner-occupied",51.536699,-0.070646,46,21,2,"haggerston","Thames Water",45700,"Hackney","light_rail",0,0,1,0.4076384,409000,378276.053282547,30723.9467174532,0
"775",15004,NA,NA,"S","N","F",NA,NA,NA,NA,NA,NA,"DA5","D",90.2,4,4.3,4.1,246,236,"Average","owner-occupied",51.448861,0.130674,82,29,5,"albany park","Thames Water",54000,"Bexley","rail",0,1,0,0.9917544,429000,398610.491749789,30389.5082502108,0
"776",2596,NA,NA,"D","N","F",NA,NA,NA,NA,NA,NA,"CR2","C",93,5,2.3,0.8,144,52,"Good","owner-occupied",51.3457,-0.052559,60,124,3,"gravel hill","SES Water",54400,"Croydon","light_rail",0,0,1,1.1297052,456000,426112.205677533,29887.7943224674,0
"777",2559,NA,NA,"T","N","F",NA,NA,NA,NA,NA,NA,"E17","D",71,4,2.6,0.8,210,63,"Poor","owner-occupied",51.589921,-0.035159,94,15,3,"blackhorse road","Thames Water",50700,"Waltham Forest","tube",1,0,1,0.459836,537000,507199.396152754,29800.6038472456,0
"778",14785,NA,NA,"F","N","L",NA,NA,NA,NA,NA,NA,"UB5","B",57,3,1,1,105,105,"Good","owner-occupied",51.531747,-0.376028,83,33,5,"northolt","Affinity Water",44800,"Ealing","tube",1,0,0,1.3900718,265000,235470.893514742,29529.1064852583,0
"779",12108,NA,NA,"S","N","F",NA,NA,NA,NA,NA,NA,"RM14","D",73,4,2.9,0.8,224,58,"Average","owner-occupied",51.560303,0.270196,49,16,6,"upminster","Essex & Suffolk Water",48100,"Havering","tube",1,0,1,1.1303266,386000,356653.037030227,29346.962969773,0
"780",7911,NA,NA,"F","N","L",NA,NA,NA,NA,NA,NA,"E17","D",59,3,2.5,1.6,239,148,"Average","rental (private)",51.572831,-0.028465,71,11,3,"lea bridge","Thames Water",54700,"Waltham Forest","rail",0,1,0,0.720824,375000,345830.600467192,29169.3995328078,0
"781",6898,NA,NA,"F","N","L",NA,NA,NA,NA,NA,NA,"N16","D",78.7,4,4.3,2.2,282,149,"Average","owner-occupied",51.561965,-0.078723,25,30,2,"stoke newington","Thames Water",57000,"Hackney","light_rail",0,0,1,0.540618,603000,573889.829431427,29110.1705685731,0
"782",703,NA,NA,"T","N","F",NA,NA,NA,NA,NA,NA,"N12","C",157,7,5.1,3.1,186,110,"Average","owner-occupied",51.612779,-0.177233,71,92,4,"west finchley","Affinity Water",51100,"Barnet","tube",1,0,0,0.6934824,875000,846010.941911509,28989.0580884912,0
"783",1145,NA,NA,"T","N","F",NA,NA,NA,NA,NA,NA,"KT9","C",77,5,2.5,0.7,184,47,"Average","owner-occupied",51.372102,-0.304676,51,38,6,"chessington north","Thames Water",57500,"Kingston upon Thames","rail",0,1,0,0.7189598,429000,400011.878807642,28988.1211923583,0
"784",2496,NA,NA,"T","N","F",NA,NA,NA,NA,NA,NA,"CR2","E",94,5,6.8,2.8,410,165,"Average","owner-occupied",51.325828,-0.069476,46,160,6,"whyteleafe","SES Water",58700,"Croydon","rail",0,1,0,1.6299322,481000,452179.590401095,28820.4095989054,0
"785",7791,NA,NA,"T","N","F",NA,NA,NA,NA,NA,NA,"DA14","D",163,8,5.9,4.1,204,140,"Average","owner-occupied",51.433792,0.13252,152,20,5,"albany park","Thames Water",43600,"Bexley","rail",0,1,0,0.7102602,552000,523284.07714166,28715.9228583399,0
"786",15700,NA,NA,"F","N","L",NA,NA,NA,NA,NA,NA,"KT4","D",36,3,2.4,2.1,312,276,"Poor","owner-occupied",51.380596,-0.239741,90,25,4,"worcester park","SES Water",61700,"Sutton","rail",0,1,0,0.397696,295000,266356.885328292,28643.1146717083,0
"787",7959,NA,NA,"T","N","F",NA,NA,NA,NA,NA,NA,"TW10","D",127,5,4.5,2.1,203,90,"Good","owner-occupied",51.43443,-0.312814,103,9,6,"teddington","Thames Water",56200,"Richmond upon Thames","rail",0,1,0,1.3024544,821000,792373.005559586,28626.9944404139,0
"788",6156,NA,NA,"T","N","F",NA,NA,NA,NA,NA,NA,"SW19","C",114,4,3.5,2,175,97,"Average","owner-occupied",51.423357,-0.191439,111,16,3,"haydons road","Thames Water",66200,"Merton","rail",0,1,0,0.4989842,838000,809543.861263583,28456.1387364174,0
"789",3402,NA,NA,"S","N","F",NA,NA,NA,NA,NA,NA,"DA14","E",86.64,5,6.8,3.4,432,213,"Average","owner-occupied",51.424564,0.092145,127,70,5,"sidcup","Thames Water",48100,"Bexley","rail",0,1,0,1.252121,403000,374634.818556573,28365.1814434265,0
"790",15870,NA,NA,"T","N","F",NA,NA,NA,"EAST DULWICH",NA,NA,"SE22","E",113,7,4,2.2,172,89,"Good","owner-occupied",51.452324,-0.072449,95,42,2,"north dulwich","Thames Water",59400,"Southwark","rail",0,1,0,1.0166104,959000,930722.921739711,28277.0782602894,0
"791",9633,NA,NA,"F","N","L",NA,NA,NA,NA,NA,NA,"HA2","F",36.9,2,4.7,4.1,841,732,"Average","owner-occupied",51.557958,-0.368806,138,46,5,"northolt park","Affinity Water",55100,"Harrow","rail",0,1,0,0.4362228,267000,238780.306800985,28219.6931990151,0
"792",3623,NA,NA,"D","N","F",NA,NA,NA,NA,NA,NA,"NW5","E",163,7,8.7,3.7,301,127,"Poor","owner-occupied",51.552562,-0.133314,144,51,2,"kentish town","Thames Water",50900,"Camden","tube",1,1,0,0.4424368,1415000,1387102.96835194,27897.0316480619,0
"793",5850,NA,NA,"F","N","L",NA,NA,NA,NA,NA,NA,"SE1","C",64,3,1.4,1.4,117,112,"Average","rental (private)",51.506483,-0.114849,92,13,1,"waterloo","Thames Water",53600,"Southwark","tube",5,1,0,0.2852226,619000,591145.662732244,27854.3372677555,0
"794",6298,NA,NA,"F","N","L",NA,NA,NA,NA,NA,NA,"SE13","D",57.64,3,3.1,2.5,320,257,"Good","owner-occupied",51.454539,-0.0054,115,25,3,"hither green","Thames Water",50700,"Lewisham","rail",0,1,0,0.3063502,328000,300279.141066909,27720.8589330912,0
"795",12807,NA,NA,"T","N","F",NA,NA,NA,"EASTCOTE",NA,NA,"HA5","D",87,5,4,1.4,260,92,"Average","owner-occupied",51.587798,-0.409714,91,50,5,"eastcote","Affinity Water",60700,"Harrow","tube",2,0,0,1.1862526,552000,524567.000245467,27432.9997545329,0
"796",8670,NA,NA,"F","N","L",NA,NA,NA,NA,NA,NA,"W14","E",73.3,4,5.5,4.8,447,393,"Very Poor","owner-occupied",51.500606,-0.22044,8,7,2,"goldhawk road","Thames Water",58100,"Kensington and Chelsea","tube",2,0,0,0.5474534,697000,669797.375287366,27202.6247126342,0
"797",13906,NA,NA,"F","N","L",NA,NA,NA,NA,NA,NA,"SW18","C",70,3,1.9,1.6,155,132,"Average","owner-occupied",51.44441,-0.187432,151,11,3,"earlsfield","Thames Water",62700,"Wandsworth","rail",0,1,0,0.1976052,482000,454869.884168796,27130.1158312038,0
"798",5766,NA,NA,"S","N","F",NA,NA,NA,NA,NA,NA,"BR6","D",105,5,5.1,2.7,276,144,"Average","owner-occupied",51.370328,0.106208,55,89,6,"orpington","Thames Water",55700,"Bromley","rail",0,1,0,0.9022728,530000,503240.141388446,26759.8586115537,0
"799",4629,NA,NA,"F","N","L",NA,NA,NA,NA,NA,NA,"E2","C",49,2,1.5,1.2,171,139,"Average","owner-occupied",51.533579,-0.065255,26,18,2,"cambridge heath","Thames Water",55100,"Hackney","light_rail",0,0,1,0.4579718,406000,379242.458337641,26757.5416623591,0
"800",5332,NA,NA,"T","N","F",NA,NA,NA,NA,NA,NA,"RM5","D",74.28,5,3,2.2,243,182,"Good","owner-occupied",51.608956,0.156691,79,39,6,"romford","Essex & Suffolk Water",45700,"Havering","light_rail",0,1,1,2.9802344,350000,323315.211345469,26684.7886545313,0
"801",1285,NA,NA,"T","N","F",NA,NA,NA,"YIEWSLEY",NA,NA,"UB7","E",73,5,4.5,1.6,354,122,"Very Poor","owner-occupied",51.512683,-0.476575,86,27,6,"west drayton","Affinity Water",51700,"Hillingdon","rail",0,1,0,0.295165,419000,392336.136730368,26663.8632696322,0
"802",11364,NA,NA,"F","N","L",NA,NA,NA,NA,NA,NA,"BR3","D",89,3,4.3,2.2,276,139,"Good","owner-occupied",51.421385,-0.030573,64,27,4,"new beckenham","Thames Water",56300,"Bromley","rail",0,1,0,0.4884204,417000,390374.161688738,26625.8383112624,0
"803",6719,NA,NA,"F","N","L",NA,NA,NA,NA,NA,NA,"NW6","D",54,3,2.9,1.3,285,124,"Poor","owner-occupied",51.540559,-0.197425,136,39,2,"kilburn high road","Thames Water",51900,"Brent","light_rail",0,0,1,0.4362228,489000,462502.714830985,26497.2851690154,0
"804",9073,NA,NA,"F","N","L",NA,NA,NA,NA,NA,NA,"EN1","E",70,3,4.1,2,308,150,"Average","owner-occupied",51.643932,-0.069999,102,22,5,"bush hill park","Thames Water",49900,"Enfield","light_rail",0,0,1,0.1752348,326000,299610.817493434,26389.1825065662,0
"805",7461,NA,NA,"F","N","L",NA,NA,NA,NA,NA,NA,"SM1","C",75,4,2.3,1.6,174,118,"Average","rental (private)",51.380506,-0.197727,55,35,4,"sutton common","SES Water",57000,"Sutton","rail",0,1,0,0.304486,339000,312622.931240449,26377.0687595514,0
"806",4043,NA,NA,"T","N","F",NA,NA,NA,NA,NA,NA,"SE3","C",133,5,4,1.8,156,67,"Good","owner-occupied",51.476474,0.031143,70,50,3,"charlton","Thames Water",50000,"Greenwich","rail",0,1,0,1.1607752,647000,620700.371896519,26299.628103481,0
"807",15420,NA,NA,"S","N","F",NA,NA,NA,NA,NA,NA,"BR2","D",79,5,4.2,1.9,304,135,"Average","owner-occupied",51.382893,0.010341,47,55,5,"hayes","Thames Water",61600,"Bromley","rail",0,1,0,0.5431036,440000,413735.327560651,26264.6724393492,0
"808",15881,NA,NA,"T","N","F",NA,NA,NA,NA,NA,NA,"E17","D",106,5,5.1,1.9,275,101,"Average","owner-occupied",51.599682,-0.004473,116,24,4,"highams park","Thames Water",49200,"Waltham Forest","light_rail",0,0,1,0.7593508,510000,483760.648806952,26239.3511930485,0
"809",11435,NA,NA,"F","N","L",NA,NA,NA,NA,NA,NA,"SE3","D",72.68,4,3.4,3.4,288,283,"Good","owner-occupied",51.469467,0.014,62,34,3,"blackheath","Thames Water",67800,"Greenwich","rail",0,1,0,0.4368442,464000,437800.119343709,26199.8806562907,0
"810",5232,NA,NA,"F","N","L",NA,NA,NA,NA,NA,NA,"SE5","C",73,5,2.5,1.4,194,109,"Poor","rental (private)",51.473022,-0.085403,136,12,2,"denmark hill","Thames Water",56300,"Southwark","light_rail",0,1,1,0.5431036,584000,557861.413624985,26138.5863750147,0
"811",487,NA,NA,"S","N","F",NA,NA,NA,NA,NA,NA,"RM13","C",57,3,1.9,0.7,195,68,"Average","owner-occupied",51.526485,0.189973,145,8,6,"rainham","Essex & Suffolk Water",44000,"Havering","rail",0,2,0,0.8985444,328000,301921.640086334,26078.3599136659,0
"812",14100,NA,NA,"S","N","F",NA,NA,NA,NA,NA,NA,"E11","F",132,7,9.1,3.4,392,144,"Poor","owner-occupied",51.58167,0.033737,95,16,4,"wanstead","Thames Water",67700,"Redbridge","tube",1,0,0,0.5897086,819000,792972.895390536,26027.1046094639,0
"813",4046,NA,NA,"T","N","F",NA,NA,NA,NA,NA,NA,"CR5","D",114,6,4.9,2.4,241,115,"Average","owner-occupied",51.321122,-0.132016,103,103,6,"coulsdon town","SES Water",59400,"Croydon","rail",0,1,0,0.4654286,531000,505080.32124129,25919.6787587099,0
"814",8531,NA,NA,"T","N","F",NA,NA,NA,NA,NA,NA,"SW17","D",95,5,4.1,1.6,246,92,"Good","owner-occupied",51.436366,-0.183631,116,12,3,"earlsfield","Thames Water",63100,"Wandsworth","rail",0,1,0,0.6344494,747000,721129.600362173,25870.3996378268,0
"815",92,NA,NA,"T","N","F",NA,NA,NA,NA,NA,NA,"RM7","E",89,5,4.7,2.3,302,148,"Average","owner-occupied",51.559104,0.179652,122,11,6,"dagenham east","Essex & Suffolk Water",43700,"Havering","tube",1,0,0,1.3875862,354000,328575.181974417,25424.8180255831,0
"816",5901,NA,NA,"D","N","F",NA,NA,NA,NA,NA,NA,"BR6","D",78,4,3.6,1.6,258,110,"Average","owner-occupied",51.359478,0.102421,95,94,6,"chelsfield","Thames Water",61600,"Bromley","rail",0,1,0,0.344877,414000,388890.456050178,25109.543949822,0
"817",1768,NA,NA,"T","N","F",NA,NA,NA,NA,NA,NA,"N14","E",82,4,5.1,1.2,356,83,"Average","owner-occupied",51.638635,-0.131094,63,64,4,"southgate","Thames Water",47600,"Enfield","tube",1,0,0,0.509548,443000,417966.089750565,25033.9102494355,0
"818",11527,NA,NA,"S","N","F",NA,NA,NA,NA,NA,NA,"TW12","C",80,5,2.7,1.1,190,72,"Average","owner-occupied",51.426466,-0.385244,78,19,6,"hampton","Thames Water",54700,"Richmond upon Thames","rail",0,1,0,1.3571376,481000,456566.340072707,24433.6599272931,0
"819",2312,NA,NA,"F","N","L",NA,NA,NA,NA,NA,NA,"UB5","D",63,2,3.6,1.9,298,158,"Average","owner-occupied",51.537573,-0.366261,76,32,5,"northolt","Affinity Water",44800,"Ealing","tube",1,0,0,0.9985898,277000,252656.846341265,24343.153658735,0
"820",8605,NA,NA,"T","N","F",NA,NA,NA,NA,NA,NA,"N9","D",68,4,3.6,1.3,302,105,"Average","owner-occupied",51.636028,-0.050378,152,15,4,"ponders end","Thames Water",40300,"Enfield","rail",0,1,0,1.3944216,377000,352702.462590288,24297.5374097124,0
"821",5732,NA,NA,"S","N","F",NA,NA,NA,NA,NA,NA,"UB8","D",79,3,4.4,1.3,317,92,"Average","owner-occupied",51.523199,-0.445334,18,45,6,"west drayton","Affinity Water",43800,"Hillingdon","rail",0,1,0,1.92634,392000,367947.081041427,24052.9189585726,0
"822",6427,NA,NA,"S","N","F",NA,NA,NA,NA,NA,NA,"RM12","E",106,5,5.8,2.3,312,122,"Good","owner-occupied",51.558052,0.225736,77,32,6,"hornchurch","Essex & Suffolk Water",43600,"Havering","tube",1,0,0,0.4237948,441000,416962.089960215,24037.9100397849,0
"823",2203,NA,NA,"F","N","L",NA,NA,NA,NA,NA,NA,"SE26","D",58.9,4,2.8,1.9,292,199,"Average","rental (social)",51.426888,-0.055841,38,58,3,"sydenham","Thames Water",52600,"Lewisham","light_rail",0,1,1,0.2025764,328000,304037.36792091,23962.6320790896,0
"824",8445,NA,NA,"T","N","F",NA,NA,NA,NA,NA,NA,"TW14","D",57.88,3,2.7,2,247,180,"Average","owner-occupied",51.449364,-0.417795,115,20,6,"feltham","Affinity Water",53700,"Hounslow","rail",0,1,0,0.5493176,375000,351112.07011978,23887.9298802197,0
"825",2687,NA,NA,"S","N","F",NA,NA,NA,NA,NA,NA,"IG8","D",92,5,5,1.3,283,70,"Average","owner-occupied",51.606922,0.03836,133,25,4,"woodford","Thames Water",54400,"Redbridge","tube",1,0,0,0.3374202,513000,489176.742528395,23823.2574716047,0
"826",8848,NA,NA,"F","N","L",NA,NA,NA,NA,NA,NA,"SE15","C",64,4,1.8,1.4,160,123,"Average","owner-occupied",51.463421,-0.074112,149,20,2,"east dulwich","Thames Water",62600,"Southwark","rail",0,1,0,0.4554862,447000,423223.878933726,23776.1210662738,0
"827",8334,NA,NA,"F","N","L",NA,NA,NA,NA,NA,NA,"W5","D",38,2,2.6,1.3,356,171,"Average","rental (private)",51.51991,-0.294739,40,42,3,"north ealing","Thames Water",62800,"Ealing","tube",1,0,0,0.4759924,342000,318348.917523468,23651.0824765316,0
"828",12944,NA,NA,"T","N","F",NA,NA,NA,NA,NA,NA,"RM3","D",65,5,3.6,1.1,285,81,"Average","owner-occupied",51.59875,0.236723,94,31,6,"harold wood","Essex & Suffolk Water",49400,"Havering","rail",0,1,0,0.4766138,356000,332531.39702172,23468.6029782798,0
"829",14603,NA,NA,"F","N","L",NA,NA,NA,NA,NA,NA,"UB3","D",47,3,2.3,1.2,284,149,"Average","owner-occupied",51.519412,-0.427058,53,40,5,"hayes and harlington","Affinity Water",43800,"Hillingdon","rail",0,1,0,1.2123514,220000,196534.421857165,23465.5781428353,0
"830",14424,NA,NA,"T","N","L",NA,NA,NA,NA,NA,NA,"CR0","D",96.6,6,4.9,4.4,271,240,"Average","owner-occupied",51.388276,-0.04358,70,49,3,"arena","Thames Water",56200,"Croydon","light_rail",0,0,1,1.2757342,504000,480639.23719948,23360.7628005203,0
"831",4337,NA,NA,"T","N","F",NA,NA,NA,NA,NA,NA,"RM8","C",99,6,3.3,1.7,187,92,"Average","rental (private)",51.549423,0.1176,86,8,5,"becontree","Essex & Suffolk Water",42300,"Barking and Dagenham","tube",1,0,0,0.9513634,385000,361691.753294177,23308.246705823,0
"832",7808,NA,NA,"T","N","F",NA,NA,NA,NA,NA,NA,"SE6","E",118,5,6.6,1.6,290,68,"Poor","owner-occupied",51.439693,0.001337,97,33,3,"lee","Thames Water",56800,"Lewisham","rail",0,1,0,1.2527424,701000,677819.992569176,23180.0074308235,0
"833",12433,NA,NA,"T","N","F",NA,NA,NA,NA,NA,NA,"N17","D",101,5,5.1,2.3,285,127,"Average","rental (private)",51.592717,-0.090116,98,20,3,"turnpike lane","Thames Water",47000,"Haringey","tube",1,0,0,0.671112,596000,572931.473540496,23068.5264595042,0
"834",4560,NA,NA,"T","N","F",NA,NA,NA,NA,NA,NA,"E15","E",61,4,4.5,1.5,424,134,"Average","owner-occupied",51.543248,0.012699,102,12,3,"maryland","Thames Water",50200,"Newham","rail",0,1,0,0.531297,443000,420041.714544847,22958.2854551534,0
"835",2011,NA,NA,"T","N","F",NA,NA,NA,NA,NA,NA,"DA8","E",86,4,4.8,1.9,318,123,"Average","owner-occupied",51.48593,0.169909,61,5,6,"erith","Thames Water",45100,"Bexley","rail",0,1,0,0.7804784,335000,312110.107507736,22889.8924922643,0
"836",2756,NA,NA,"T","N","F",NA,NA,NA,NA,NA,NA,"RM12","C",56.3,3,2.7,2.3,282,241,"Average","owner-occupied",51.553016,0.205643,71,16,6,"elm park","Essex & Suffolk Water",52100,"Havering","tube",1,0,0,0.643149,356000,333321.18496628,22678.8150337196,0
"837",15576,NA,NA,"F","N","L",NA,NA,NA,NA,NA,NA,"SW1H","D",44,2,2.3,0.9,313,114,"Good","rental (private)",51.501566,-0.130684,57,17,1,"st. james's park","Thames Water",57500,"Westminster","tube",2,0,0,0.2007122,663000,640485.732928414,22514.267071586,0
"838",4761,NA,NA,"S","N","F",NA,NA,NA,NA,NA,NA,"NW7","E",88,3,6.1,1.7,388,107,"Average","owner-occupied",51.619613,-0.237875,71,88,4,"mill hill broadway","Affinity Water",55000,"Barnet","rail",0,1,0,0.879281,558000,535492.10275306,22507.8972469403,0
"839",6363,NA,NA,"T","N","F",NA,NA,NA,NA,NA,NA,"TW13","D",65,3,3,1,263,88,"Average","owner-occupied",51.449572,-0.401281,68,21,6,"feltham","Affinity Water",48800,"Hounslow","rail",0,1,0,0.5319184,364000,341503.318164002,22496.6818359979,0
"840",2329,NA,NA,"T","N","F",NA,NA,NA,NA,NA,NA,"UB8","E",101,5,6.3,3.5,352,195,"Good","owner-occupied",51.524441,-0.461797,68,37,6,"west drayton","Affinity Water",46000,"Hillingdon","rail",0,1,0,1.4503476,452000,429581.681023341,22418.3189766593,0
"841",11452,NA,NA,"F","N","L",NA,NA,NA,"CHINGFORD",NA,NA,"E4","D",56.08,3,3.4,2.9,362,313,"Average","rental (private)",51.628456,-0.003734,159,56,5,"chingford","Thames Water",55200,"Waltham Forest","light_rail",0,0,1,0.848211,319000,296760.331152457,22239.668847543,0
"842",7833,NA,NA,"T","N","F",NA,NA,NA,NA,NA,NA,"SE18","D",79,5,3.1,0.8,260,72,"Average","owner-occupied",51.490037,0.051149,34,19,3,"woolwich dockyard","Thames Water",43500,"Greenwich","rail",0,1,0,0.2647164,424000,401869.121706429,22130.8782935709,0
"843",5711,NA,NA,"T","N","F",NA,NA,NA,NA,NA,NA,"UB3","C",95,4,3,0.8,178,48,"Average","owner-occupied",51.516575,-0.417312,62,36,5,"hayes and harlington","Affinity Water",44600,"Hillingdon","rail",0,1,0,1.090557,414000,392054.618860434,21945.381139566,0
"844",3824,NA,NA,"F","N","L",NA,NA,NA,NA,NA,NA,"E11","D",65.78,4,3.9,3.2,351,292,"Average","rental (private)",51.578837,0.02026,39,32,4,"snaresbrook","Thames Water",55000,"Redbridge","tube",1,0,0,0.4977414,356000,334174.547268644,21825.4527313563,0
"845",7025,NA,NA,"F","N","L",NA,NA,NA,NA,NA,NA,"RM8","B",104,3,2,2,100,100,"Good","owner-occupied",51.550151,0.112628,NA,9,4,"upney","Essex & Suffolk Water",42300,"Barking and Dagenham","tube",1,0,0,1.1800386,369000,347215.959116668,21784.0408833323,0
"846",871,NA,NA,"F","N","L",NA,NA,NA,NA,NA,NA,"SW17","D",82,5,3.3,1.5,226,104,"Very Poor","owner-occupied",51.426234,-0.167088,163,21,3,"tooting broadway","Thames Water",56300,"Wandsworth","tube",1,0,0,0.2721732,540000,518272.873119907,21727.1268800925,0
"847",8524,NA,NA,"T","N","F",NA,NA,NA,NA,NA,NA,"SW14","D",69,3,3.2,0.8,262,63,"Average","owner-occupied",51.466812,-0.261174,103,10,3,"mortlake","Thames Water",68200,"Richmond upon Thames","rail",0,1,0,0.4958772,727000,705455.75322158,21544.2467784204,0
"848",5566,NA,NA,"F","N","L",NA,NA,NA,NA,NA,NA,"SW19","D",57,3,3.1,2.6,325,267,"Average","rental (private)",51.449722,-0.215367,107,38,3,"southfields","Thames Water",51400,"Merton","tube",1,0,0,0.571688,358000,336505.229500863,21494.7704991372,0
"849",9750,NA,NA,"T","N","F",NA,NA,NA,NA,NA,NA,"E11","E",89,5,5,1,317,61,"Average","owner-occupied",51.567112,-0.000301,35,17,3,"leytonstone high road","Thames Water",53300,"Redbridge","light_rail",0,0,1,0.7804784,555000,533608.941248322,21391.0587516783,0
"850",8140,NA,NA,"T","N","F",NA,NA,NA,NA,NA,NA,"RM14","E",86,4,6.1,1.9,401,123,"Average","owner-occupied",51.570499,0.26753,53,28,6,"upminster","Essex & Suffolk Water",48100,"Havering","tube",1,0,1,1.4553188,376000,354946.373221007,21053.6267789926,0
"851",12713,NA,NA,"F","N","L",NA,NA,NA,NA,NA,NA,"SE15","E",53,3,3.4,2.4,366,261,"Average","owner-occupied",51.466911,-0.068163,53,16,2,"peckham rye","Thames Water",52500,"Southwark","light_rail",0,1,1,0.2877082,383000,361997.115495457,21002.8845045434,0
"852",7571,NA,NA,"F","N","L",NA,NA,NA,NA,NA,NA,"E12","C",47,2,1.1,1.1,131,131,"Good","owner-occupied",51.553028,0.064136,NA,6,4,"ilford","Thames Water",41600,"Redbridge","rail",0,1,0,0.786071,217000,196007.329957198,20992.6700428016,0
"853",9181,NA,NA,"S","N","F",NA,NA,NA,NA,NA,NA,"HA4","C",153,7,4.3,2.9,158,107,"Good","owner-occupied",51.575697,-0.389457,79,44,5,"eastcote","Affinity Water",64600,"Hillingdon","tube",2,0,0,0.494013,903000,882118.76103164,20881.2389683599,0
"854",15090,NA,NA,"F","N","L",NA,NA,NA,NA,NA,NA,"SE15","C",65,3,1.8,1.1,156,97,"Average","rental (private)",51.482369,-0.069195,93,8,2,"queens road peckham","Thames Water",43200,"Southwark","light_rail",0,1,1,0.978705,364000,343283.635063144,20716.3649368559,0
"855",15073,NA,NA,"S","N","F",NA,NA,NA,NA,NA,NA,"SM6","E",103,5,5.4,1.4,302,78,"Average","owner-occupied",51.36592,-0.140781,30,45,5,"wallington","SES Water",57200,"Sutton","rail",0,1,0,0.6512272,557000,536419.003500566,20580.9964994343,0
"856",15901,NA,NA,"T","N","F",NA,NA,NA,NA,NA,NA,"E4","D",77.7,3,3.2,2.7,220,183,"Average","owner-occupied",51.620925,-0.02589,154,15,4,"angel road","Thames Water",46900,"Waltham Forest","rail",0,1,0,1.4180348,393000,372560.469823118,20439.5301768823,0
"857",1617,NA,NA,"F","N","L",NA,NA,NA,NA,NA,NA,"RM9","D",50,2,2.8,2.6,341,316,"Average","owner-occupied",51.541822,0.115228,107,7,5,"becontree","Essex & Suffolk Water",39500,"Barking and Dagenham","tube",1,0,0,0.612079,220000,199776.243422656,20223.7565773443,0
"858",10387,NA,NA,"S","N","F",NA,NA,NA,NA,NA,NA,"UB7","C",76,4,2.6,1.2,192,83,"Average","owner-occupied",51.499132,-0.470898,136,30,6,"west drayton","Affinity Water",50500,"Hillingdon","rail",0,1,0,1.0669438,397000,376885.460620016,20114.5393799836,0
"859",11351,NA,NA,"F","N","L",NA,NA,NA,NA,NA,NA,"SW3","C",55,2,1.9,1,194,100,"Very Poor","owner-occupied",51.485923,-0.159943,25,12,1,"sloane square","Thames Water",59900,"Kensington and Chelsea","tube",2,0,0,0.6630338,1198000,1177905.00519186,20094.9948081428,0
"860",11963,NA,NA,"S","N","F",NA,NA,NA,NA,NA,NA,"BR1","D",132,6,5.5,2.6,238,110,"Average","owner-occupied",51.404588,0.036137,55,67,5,"bickley","Thames Water",62900,"Bromley","rail",0,1,0,0.640042,630000,609937.394491143,20062.6055088572,0
"861",1274,NA,NA,"T","N","F",NA,NA,NA,NA,NA,NA,"SW19","E",83.72,4,5.2,3.7,371,267,"Average","owner-occupied",51.42795,-0.187763,102,14,3,"haydons road","Thames Water",75000,"Merton","rail",0,1,0,0.2007122,770000,750213.321016474,19786.6789835257,0
"862",1636,NA,NA,"S","N","F",NA,NA,NA,NA,NA,NA,"RM14","F",61,4,5.8,2.7,731,338,"Average","owner-occupied",51.568584,0.266583,98,26,6,"upminster","Essex & Suffolk Water",48100,"Havering","tube",1,0,1,1.3155038,368000,348240.757877488,19759.2421225118,0
"863",3552,NA,NA,"T","N","F",NA,NA,NA,NA,NA,NA,"N15","E",87,4,5.3,1.2,317,70,"Average","owner-occupied",51.582513,-0.083111,86,15,3,"seven sisters","Thames Water",44200,"Haringey","tube",1,1,1,0.608972,507000,487303.618694111,19696.3813058891,0
"864",12804,NA,NA,"F","N","L",NA,NA,NA,NA,NA,NA,"NW6","C",39,2,1.6,0.8,238,119,"Very Poor","owner-occupied",51.550586,-0.193956,146,57,2,"west hampstead thameslink","Thames Water",64100,"Brent","rail",0,1,0,0.295165,478000,458366.356387006,19633.643612994,0
"865",9115,NA,NA,"F","N","L",NA,NA,NA,NA,NA,NA,"E6","C",36.14,2,2.3,2.1,414,388,"Average","rental (private)",51.519799,0.054979,149,3,3,"beckton","Thames Water",47400,"Newham","light_rail",0,0,1,0.615186,223000,203434.65118242,19565.3488175797,0
"866",269,NA,NA,"S","N","F",NA,NA,NA,NA,NA,NA,"UB8","D",87.96,6,5,4.9,231,223,"Average","rental (private)",51.522527,-0.44824,86,45,6,"west drayton","Affinity Water",46000,"Hillingdon","rail",0,1,0,1.8685498,414000,394534.560594777,19465.4394052226,0
"867",2232,NA,NA,"T","N","F",NA,NA,NA,NA,NA,NA,"CR7","C",76,5,2.5,0.8,184,53,"Average","owner-occupied",51.399459,-0.107435,110,43,4,"thornton heath","Thames Water",51500,"Croydon","rail",0,1,0,0.4281446,374000,354543.439380157,19456.560619843,0
"868",4449,NA,NA,"F","N","L",NA,NA,NA,NA,NA,NA,"RM9","D",38,2,1.8,1.1,243,154,"Good","rental (private)",51.549072,0.141873,40,8,5,"dagenham heathway","Essex & Suffolk Water",40000,"Barking and Dagenham","tube",1,0,0,0.8649888,198000,178620.993896027,19379.0061039734,0
"869",6494,NA,NA,"D","N","F",NA,NA,NA,NA,NA,NA,"DA5","D",112,5,4.5,1.7,228,85,"Good","owner-occupied",51.450141,0.141384,54,35,6,"bexley","Thames Water",54000,"Bexley","rail",0,1,0,1.0663224,495000,475717.258784214,19282.7412157864,0
"870",3326,NA,NA,"F","N","L",NA,NA,NA,NA,NA,NA,"TW3","C",49,2,2.4,2.4,288,288,"Average","owner-occupied",51.478535,-0.371813,101,29,4,"hounslow central","Thames Water",53100,"Hounslow","tube",1,0,0,0.835783,262000,242749.991788161,19250.0082118391,0
"871",14812,NA,NA,"S","N","F",NA,NA,NA,NA,NA,NA,"RM1","E",74,4,5.1,1.1,390,82,"Average","owner-occupied",51.596036,0.178444,52,31,6,"romford","Essex & Suffolk Water",49800,"Havering","light_rail",0,1,1,1.8033028,390000,370756.08022769,19243.9197723097,0
"872",10897,NA,NA,"T","N","F",NA,NA,NA,NA,NA,NA,"TW5","C",105,5,3,1.5,163,81,"Average","owner-occupied",51.486967,-0.391187,131,32,5,"hounslow west","Thames Water",43800,"Hounslow","tube",1,0,0,1.4360554,460000,441204.621482221,18795.3785177792,0
"873",12865,NA,NA,"T","N","F",NA,NA,NA,NA,NA,NA,"SE6","E",68,3,4,1,304,75,"Very Poor","owner-occupied",51.438517,-0.019952,23,20,3,"bellingham","Thames Water",54200,"Lewisham","rail",0,1,0,0.565474,505000,486455.009127336,18544.990872664,0
"874",737,NA,NA,"T","N","F",NA,NA,NA,NA,NA,NA,"RM3","E",83.91,5,5.1,3,423,244,"Average","owner-occupied",51.609746,0.236047,99,72,6,"harold wood","Essex & Suffolk Water",41500,"Havering","rail",0,1,0,1.3198536,348000,329504.602664617,18495.3973353833,0
"875",1990,NA,NA,"S","N","F",NA,NA,NA,NA,NA,NA,"CR0","D",101,5,4.8,1.3,272,72,"Very Poor","owner-occupied",51.373282,-0.032164,37,80,5,"west wickham","Thames Water",52300,"Croydon","rail",0,1,0,1.1769316,455000,436528.268885094,18471.7311149059,0
"876",13469,NA,NA,"S","N","F",NA,NA,NA,NA,NA,NA,"UB7","D",95,4,4.2,2.7,250,157,"Average","owner-occupied",51.497591,-0.462499,106,30,6,"west drayton","Affinity Water",54300,"Hillingdon","rail",0,1,0,1.2160798,473000,454536.073236142,18463.9267638582,0
"877",11824,NA,NA,"F","N","L",NA,NA,NA,NA,NA,NA,"TW3","D",59,3,3.1,2.4,308,241,"Good","owner-occupied",51.474284,-0.355247,144,25,4,"hounslow east","Thames Water",51600,"Hounslow","tube",1,0,0,0.0391482,287000,268670.95764565,18329.0423543496,0
"878",11231,NA,NA,"T","N","F",NA,NA,NA,NA,NA,NA,"BR6","D",72,4,3,1.1,238,88,"Average","rental (private)",51.382127,0.100139,43,63,6,"orpington","Thames Water",59500,"Bromley","rail",0,1,0,1.0433306,387000,368752.151641498,18247.8483585016,0
"879",7505,NA,NA,"T","N","F",NA,NA,NA,NA,NA,NA,"SM5","D",71,3,3.2,1.2,258,96,"Average","owner-occupied",51.38293,-0.18181,87,50,4,"sutton common","SES Water",45000,"Sutton","rail",0,1,0,1.3043186,361000,342789.933615183,18210.0663848169,0
"880",11774,NA,NA,"T","N","F",NA,NA,NA,NA,NA,NA,"UB1","D",72,4,3,0.6,236,43,"Average","owner-occupied",51.526085,-0.367206,88,38,4,"southall","Affinity Water",50800,"Ealing","rail",0,1,0,1.600105,397000,378894.444073021,18105.5559269791,0
"881",7048,NA,NA,"F","N","L",NA,NA,NA,NA,NA,NA,"E17","D",56.74,2,3.9,3.9,414,410,"Very Poor","owner-occupied",51.571287,-0.030205,160,8,3,"lea bridge","Thames Water",54700,"Waltham Forest","rail",0,1,0,0.5524246,389000,370944.708166684,18055.2918333155,0
"882",105,NA,NA,"D","N","F",NA,NA,NA,NA,NA,NA,"DA14","E",69.98,4,5.5,4,471,339,"Average","owner-occupied",51.426373,0.136921,132,40,5,"bexley","Thames Water",43600,"Bexley","rail",0,1,0,1.6958006,346000,328409.804744212,17590.1952557884,0
"883",11232,NA,NA,"F","N","L",NA,NA,NA,NA,NA,NA,"N4","D",65,3,2.8,2.3,226,183,"Average","owner-occupied",51.577223,-0.113312,115,62,3,"harringay","Thames Water",65500,"Hackney","rail",0,1,0,0.4032886,479000,461554.272715685,17445.7272843151,0
"884",15772,NA,NA,"D","N","F",NA,NA,NA,NA,NA,NA,"HA4","D",113,4,4.7,2.5,234,125,"Average","owner-occupied",51.576508,-0.43415,20,51,6,"west ruislip","Affinity Water",54700,"Hillingdon","tube",1,0,0,0.636935,559000,541668.038887121,17331.9611128786,0
"885",1934,NA,NA,"S","N","F",NA,NA,NA,NA,NA,NA,"DA16","E",94,4,6.4,3.5,388,210,"Average","owner-occupied",51.464449,0.11912,31,45,5,"bexleyheath","Thames Water",54000,"Bexley","rail",0,1,0,0.7537582,429000,411730.241065732,17269.7589342676,0
"886",8093,NA,NA,"T","N","F",NA,NA,NA,NA,NA,NA,"UB1","E",69,4,5.7,1.4,472,114,"Very Poor","rental (private)",51.517111,-0.381507,81,31,4,"southall","Affinity Water",42200,"Ealing","rail",0,1,0,0.9184292,402000,384960.634220101,17039.3657798992,0
"887",10170,NA,NA,"F","N","L",NA,NA,NA,NA,NA,NA,"N20","D",46.67,3,3.3,2.6,424,336,"Average","rental (private)",51.633235,-0.170764,89,98,4,"totteridge and whetstone","Affinity Water",58400,"Barnet","tube",1,0,0,0.456729,325000,308026.992955677,16973.0070443234,0
"888",7332,NA,NA,"T","N","F",NA,NA,NA,NA,NA,NA,"SW20","D",177,8,7.4,4.1,237,130,"Good","owner-occupied",51.413258,-0.222568,55,20,4,"raynes park","Thames Water",72900,"Merton","rail",0,1,0,0.3989388,1118000,1101056.45104452,16943.5489554827,0
"889",11107,NA,NA,"F","N","L",NA,NA,NA,NA,NA,NA,"TW3","D",49,2,2.3,1.4,266,161,"Average","owner-occupied",51.466637,-0.374353,17,24,4,"hounslow central","Thames Water",51400,"Hounslow","tube",1,0,0,0.6487416,248000,231063.342298133,16936.6577018675,0
"890",8664,NA,NA,"F","N","L",NA,NA,NA,NA,NA,NA,"E14","D",62,3,4.2,3.2,384,296,"Good","owner-occupied",51.494163,-0.02146,75,4,2,"mudchute","Thames Water",68800,"Tower Hamlets","light_rail",0,0,1,0.4548648,456000,439188.612092537,16811.3879074631,0
"891",10890,NA,NA,"T","N","F",NA,NA,NA,NA,NA,NA,"SM4","C",67,4,2.1,0.8,182,63,"Average","owner-occupied",51.387186,-0.18831,110,46,4,"st helier","SES Water",46900,"Merton","rail",0,1,0,0.7357376,362000,345291.195722947,16708.8042770529,0
"892",9570,NA,NA,"F","N","L",NA,NA,NA,NA,NA,NA,"SW20","D",40,2,2.5,1.4,355,201,"Average","rental (private)",51.412385,-0.239211,109,16,4,"raynes park","Thames Water",75500,"Merton","rail",0,1,0,0.4331158,372000,355493.113405826,16506.8865941743,0
"893",8527,NA,NA,"T","N","F",NA,NA,NA,NA,NA,NA,"RM3","D",86,4,4.2,1.8,276,118,"Average","owner-occupied",51.609016,0.214319,78,50,6,"harold wood","Essex & Suffolk Water",36500,"Havering","rail",0,1,0,1.7007718,341000,324588.381902276,16411.6180977245,0
"894",2828,NA,NA,"F","N","L",NA,NA,NA,NA,NA,NA,"W12","D",50,2,2.1,1.3,235,152,"Average","owner-occupied",51.503284,-0.232689,73,8,2,"goldhawk road","Thames Water",51100,"Hammersmith and Fulham","tube",2,0,0,0.304486,392000,375733.298317223,16266.7016827775,0
"895",9581,NA,NA,"F","N","L",NA,NA,NA,NA,NA,NA,"IG6","C",54,2,2,1.7,215,180,"Average","rental (social)",51.610984,0.117272,130,46,4,"grange hill","Thames Water",41800,"Redbridge","tube",1,0,0,1.4111994,257000,240864.107920599,16135.8920794011,0
"896",4998,NA,NA,"D","N","F",NA,NA,NA,NA,NA,NA,"BR6","D",109,6,4.7,2.8,209,114,"Average","owner-occupied",51.367114,0.08125,46,87,6,"orpington","Thames Water",66900,"Bromley","rail",0,1,0,0.7742644,564000,547895.77038939,16104.2296106097,0
"897",12375,NA,NA,"F","N","L",NA,NA,NA,NA,NA,NA,"E10","D",63,4,2.6,1.5,239,136,"Poor","owner-occupied",51.567075,-0.001299,76,16,3,"leyton midland road","Thames Water",52700,"Waltham Forest","light_rail",0,0,1,0.5443464,401000,384908.031986846,16091.9680131545,0
"898",2853,NA,NA,"S","N","F",NA,NA,NA,NA,NA,NA,"SM5","E",89,5,6,1.3,385,80,"Average","owner-occupied",51.375896,-0.166143,59,30,5,"carshalton","SES Water",57800,"Sutton","rail",0,1,0,0.602758,490000,473966.789602416,16033.2103975843,0
"899",53,NA,NA,"F","N","L",NA,NA,NA,NA,NA,NA,"SE28","B",70,3,1.3,1.3,108,108,"Good","owner-occupied",51.502671,0.086873,81,4,3,"plumstead","Thames Water",49700,"Greenwich","light_rail",0,0,1,1.0184746,302000,286207.288808803,15792.7111911972,0
"900",13139,NA,NA,"S","N","F",NA,NA,NA,NA,NA,NA,"SE22","E",113,6,6.6,2.1,303,94,"Good","owner-occupied",51.459006,-0.069231,91,28,2,"east dulwich","Thames Water",62600,"Southwark","rail",0,1,0,0.7494084,1008000,992507.674018541,15492.3259814595,0
"901",5650,NA,NA,"S","N","F",NA,NA,NA,NA,NA,NA,"SE6","D",105,5,4.7,1.6,250,84,"Average","owner-occupied",51.437705,-0.013958,118,23,3,"bellingham","Thames Water",54200,"Lewisham","rail",0,1,0,0.5816304,578000,562538.845302777,15461.1546972233,0
"902",2742,NA,NA,"T","N","F",NA,NA,NA,NA,NA,NA,"SW17","D",47,3,1.9,0.3,229,33,"Average","owner-occupied",51.430525,-0.160821,130,28,3,"tooting broadway","Thames Water",53600,"Wandsworth","tube",1,0,0,0.5331612,437000,421624.947642041,15375.052357959,0
"903",15248,NA,NA,"T","N","F",NA,NA,NA,NA,NA,NA,"HA0","C",159,6,3.8,2.3,136,80,"Good","owner-occupied",51.55744,-0.325014,83,61,4,"sudbury and harrow road","Affinity Water",50900,"Brent","rail",0,1,0,0.587223,744000,728661.710689842,15338.2893101579,0
"904",7233,NA,NA,"S","N","F",NA,NA,NA,NA,NA,NA,"CR2","D",75,4,3.3,1.1,253,78,"Average","owner-occupied",51.344808,-0.046479,49,108,3,"gravel hill","SES Water",54400,"Croydon","light_rail",0,0,1,1.1427546,412000,396814.280474831,15185.7195251693,0
"905",4914,NA,NA,"S","N","F",NA,NA,NA,NA,NA,NA,"DA7","E",86,5,5.3,2.6,349,167,"Average","owner-occupied",51.470494,0.132402,143,52,5,"bexleyheath","Thames Water",53500,"Bexley","rail",0,1,0,0.5182476,410000,394940.03931184,15059.9606881599,0
"906",5824,NA,NA,"F","N","L",NA,NA,NA,NA,NA,NA,"SE11","C",61,3,1.7,1.1,154,104,"Good","owner-occupied",51.493892,-0.119243,52,9,1,"vauxhall","Thames Water",49500,"Lambeth","tube",1,1,0,0.6381778,471000,455952.362993941,15047.6370060594,0
"907",7261,NA,NA,"S","N","F",NA,NA,NA,NA,NA,NA,"CR3","D",144.5,7,4.9,3.8,259,203,"Average","owner-occupied",51.296437,-0.108476,66,175,6,"whyteleafe south","SES Water",53700,"Croydon","rail",0,1,0,1.9275828,563000,548222.995991185,14777.0040088154,0
"908",7886,NA,NA,"F","N","L",NA,NA,NA,NA,NA,NA,"SE20","D",97,4,5,4.3,269,228,"Poor","owner-occupied",51.41616,-0.059129,90,43,4,"penge west","Thames Water",43100,"Bromley","light_rail",0,1,1,0.3778112,383000,368232.95670099,14767.0432990101,0
"909",4383,NA,NA,"T","N","F",NA,NA,NA,NA,NA,NA,"DA8","E",66,4,4.5,1.4,387,118,"Average","owner-occupied",51.479503,0.184265,105,9,6,"erith","Thames Water",44200,"Bexley","rail",0,1,0,0.8587748,311000,296507.177386732,14492.822613268,0
"910",15997,NA,NA,"F","N","L",NA,NA,NA,NA,NA,NA,"SW4","D",55.4,3,3.5,3.2,373,347,"Very Poor","owner-occupied",51.466467,-0.134567,99,20,2,"clapham high street","Thames Water",64600,"Lambeth","light_rail",0,0,1,0.2311608,471000,456690.357813278,14309.642186722,0
"911",13125,NA,NA,"S","N","F",NA,NA,NA,NA,NA,NA,"UB5","D",118,6,4,1.6,193,73,"Average","owner-occupied",51.554117,-0.379747,176,43,5,"northolt","Affinity Water",45700,"Ealing","tube",1,0,0,0.8457254,529000,514946.963169762,14053.0368302381,0
"912",10403,NA,NA,"T","N","F",NA,NA,NA,NA,NA,NA,"SW11","G",114,5,11,4.3,522,205,"Very Poor","owner-occupied",51.453323,-0.162693,145,18,3,"wandsworth common","Thames Water",74000,"Wandsworth","rail",0,1,0,0.5412394,1111000,1097391.2938106,13608.7061894047,0
"913",4719,NA,NA,"F","N","L",NA,NA,NA,NA,NA,NA,"TW1","D",53,3,3.1,1.9,304,185,"Average","owner-occupied",51.45626,-0.318242,39,10,4,"st margarets","Thames Water",79600,"Richmond upon Thames","rail",0,1,0,0.1907698,481000,467449.958095196,13550.0419048035,0
"914",7377,NA,NA,"F","N","L",NA,NA,NA,NA,NA,NA,"CR2","D",44,2,2.4,1.4,304,178,"Average","owner-occupied",51.349328,-0.094325,144,78,6,"sanderstead","SES Water",62300,"Croydon","rail",0,1,0,0.0702182,237000,223517.034482224,13482.9655177758,0
"915",8123,NA,NA,"S","N","F",NA,NA,NA,NA,NA,NA,"SE28","C",69,5,2.2,0.7,180,55,"Average","owner-occupied",51.499816,0.092175,77,2,4,"plumstead","Thames Water",49700,"Greenwich","rail",0,1,0,0.9109724,342000,328555.8781537,13444.1218463003,0
"916",7988,NA,NA,"F","N","L",NA,NA,NA,NA,NA,NA,"RM13","C",63,3,2.2,1.7,196,155,"Average","owner-occupied",51.521995,0.1993,152,6,6,"rainham","Essex & Suffolk Water",45800,"Havering","rail",0,2,0,0.767429,233000,219616.698349561,13383.3016504394,0
"917",14325,NA,NA,"T","N","F",NA,NA,NA,NA,NA,NA,"CR0","D",66,4,3.5,0.6,273,45,"Average","rental (private)",51.391892,-0.096051,59,51,4,"selhurst","Thames Water",45400,"Croydon","rail",0,1,0,0.4374656,327000,313706.952298277,13293.0477017231,0
"918",11850,NA,NA,"F","N","L",NA,NA,NA,NA,NA,NA,"SW19","C",50,2,1.8,1.8,206,198,"Good","owner-occupied",51.414114,-0.191488,35,15,3,"south wimbledon","Thames Water",49500,"Merton","tube",1,0,0,0.2224612,298000,284771.30267969,13228.6973203098,0
"919",14537,NA,NA,"T","N","F",NA,NA,NA,"STREATHAM",NA,NA,"SW16","E",93,3,5,1.4,301,82,"Average","owner-occupied",51.42936,-0.121966,86,52,3,"streatham","Thames Water",54800,"Croydon","rail",0,1,0,0.7630792,543000,530233.852228386,12766.147771614,0
"920",8215,NA,NA,"F","N","L",NA,NA,NA,NA,NA,NA,"SW2","D",46,2,2.5,1.8,325,236,"Average","owner-occupied",51.440211,-0.130198,38,45,3,"streatham hill","Thames Water",54400,"Lambeth","rail",0,1,0,0.1230372,306000,293245.587229386,12754.4127706139,0
"921",13816,NA,NA,"F","N","L",NA,NA,NA,NA,NA,NA,"CR7","D",61,3,3,1.6,283,146,"Average","rental (private)",51.401276,-0.098547,142,54,4,"thornton heath","Thames Water",44900,"Croydon","rail",0,1,0,0.21749,246000,233487.467327824,12512.5326721759,0
"922",13756,NA,NA,"D","N","F",NA,NA,NA,NA,NA,NA,"RM11","C",281,9,7.1,5.7,143,116,"Good","owner-occupied",51.576769,0.230835,42,32,6,"emerson park","Essex & Suffolk Water",55700,"Havering","light_rail",0,0,1,1.0246886,1064000,1051678.33079386,12321.6692061361,0
"923",4973,NA,NA,"F","N","L",NA,NA,NA,NA,NA,NA,"SE9","E",44,2,3.4,3.4,436,430,"Average","owner-occupied",51.429019,0.04666,91,62,4,"elmstead woods","Thames Water",45800,"Greenwich","rail",0,1,0,1.0321454,225000,212701.1115802,12298.8884197997,0
"924",7540,NA,NA,"S","N","F",NA,NA,NA,NA,NA,NA,"RM14","E",101,5,5.6,1.8,314,102,"Average","owner-occupied",51.552334,0.253932,54,22,6,"upminster","Essex & Suffolk Water",62500,"Havering","tube",1,0,1,0.8743098,557000,544947.452241067,12052.5477589333,0
"925",1446,NA,NA,"F","N","L",NA,NA,NA,NA,NA,NA,"E16","C",51,2,2.1,1.8,242,207,"Good","owner-occupied",51.50168,0.07278,75,6,3,"king george v","Thames Water",58900,"Newham","light_rail",0,0,1,0.5971654,292000,280066.083446311,11933.9165536886,0
"926",8685,NA,NA,"T","N","F",NA,NA,NA,NA,NA,NA,"BR1","D",82,4,4.2,0.8,263,49,"Very Poor","owner-occupied",51.430667,0.016925,94,63,4,"grove park","Thames Water",44000,"Bromley","rail",0,1,0,0.2976506,365000,353264.032914713,11735.9670852871,0
"927",9975,NA,NA,"T","N","F",NA,NA,NA,NA,NA,NA,"SM4","E",68,5,4.1,1.7,338,137,"Poor","owner-occupied",51.391413,-0.194241,120,38,4,"st helier","SES Water",46900,"Merton","rail",0,1,0,0.2355106,4e+05,388381.094868852,11618.9051311479,0
"928",3689,NA,NA,"T","N","F",NA,NA,NA,NA,NA,NA,"E15","E",92,4,5.5,1.1,339,63,"Poor","owner-occupied",51.556067,-0.006542,157,11,3,"leyton","Thames Water",46700,"Newham","tube",1,0,0,0.2572596,501000,489470.393344586,11529.6066554141,0
"929",4979,NA,NA,"T","N","F",NA,NA,NA,NA,NA,NA,"SE23","D",128,5,5,2,224,89,"Average","owner-occupied",51.433688,-0.03918,64,32,4,"lower sydenham","Thames Water",45100,"Lewisham","rail",0,1,0,0.7748858,501000,489580.382142388,11419.617857612,0
"930",15234,NA,NA,"S","N","F",NA,NA,NA,NA,NA,NA,"CR0","E",127,5,6.5,2.5,291,110,"Average","owner-occupied",51.370782,-0.080933,43,85,3,"lloyd park","Thames Water",58200,"Croydon","light_rail",0,0,1,0.6133218,625000,613589.271806986,11410.7281930138,0
"931",5036,NA,NA,"F","N","L",NA,NA,NA,NA,NA,NA,"SM1","C",46.543,2,1.7,1.6,194,179,"Average","owner-occupied",51.36299,-0.200785,95,51,5,"west sutton","SES Water",53300,"Sutton","rail",0,1,0,0.4840706,225000,213598.770606611,11401.2293933894,0
"932",2734,NA,NA,"T","N","F",NA,NA,NA,NA,NA,NA,"IG11","D",92,4,3.4,0.8,227,53,"Average","owner-occupied",51.548126,0.104688,147,10,4,"upney","Essex & Suffolk Water",46700,"Barking and Dagenham","tube",1,0,0,0.8196266,378000,366642.445355241,11357.5546447588,0
"933",1896,NA,NA,"T","N","F",NA,NA,NA,NA,NA,NA,"IG6","E",63,3,4.7,0.9,419,79,"Average","owner-occupied",51.581239,0.083961,9,24,4,"newbury park","Essex & Suffolk Water",48900,"Redbridge","tube",1,0,0,0.5928156,371000,359667.112442963,11332.8875570369,0
"934",3163,NA,NA,"S","N","F",NA,NA,NA,NA,NA,NA,"RM13","D",72,5,3.8,1.6,302,125,"Average","owner-occupied",51.522624,0.205457,99,8,6,"rainham","Essex & Suffolk Water",49000,"Havering","rail",0,2,0,1.1725818,352000,340765.53419907,11234.46580093,0
"935",5525,NA,NA,"F","N","L",NA,NA,NA,NA,NA,NA,"SE3","C",59,3,1.3,1.3,127,127,"Average","owner-occupied",51.480763,0.015534,20,41,3,"westcombe park","Thames Water",59100,"Greenwich","rail",0,1,0,0.537511,340000,329031.175008188,10968.824991812,0
"936",2019,NA,NA,"T","N","F",NA,NA,NA,NA,NA,NA,"RM14","C",76,4,2.5,1,184,74,"Average","owner-occupied",51.562274,0.270598,64,16,6,"upminster","Essex & Suffolk Water",48100,"Havering","tube",1,0,1,1.2080016,345000,334039.46687562,10960.5331243802,0
"937",5423,NA,NA,"T","N","F",NA,NA,NA,NA,NA,NA,"EN3","E",79,4,5.3,1.3,346,84,"Average","owner-occupied",51.659773,-0.031286,93,16,5,"brimsdown","Thames Water",44300,"Enfield","rail",0,1,0,0.2696876,359000,348143.060450226,10856.9395497742,0
"938",6489,NA,NA,"F","N","L",NA,NA,NA,NA,NA,NA,"DA14","B",66.02,3,1.2,1.1,97,85,"Good","owner-occupied",51.424772,0.09611,233,72,5,"sidcup","Thames Water",48100,"Bexley","rail",0,1,0,0.9780836,254000,243278.539249699,10721.460750301,0
"939",6966,NA,NA,"T","N","F",NA,NA,NA,NA,NA,NA,"W4","D",126,7,5.6,2.7,251,122,"Good","owner-occupied",51.48763,-0.270925,143,10,3,"gunnersbury","Thames Water",60700,"Hounslow","tube",1,0,1,0.571688,962000,951557.227951127,10442.7720488729,0
"940",630,NA,NA,"F","N","L",NA,NA,NA,NA,NA,NA,"UB8","D",56,4,2.5,1.3,254,135,"Average","owner-occupied",51.520077,-0.459494,94,36,6,"west drayton","Affinity Water",46000,"Hillingdon","rail",0,1,0,1.1564254,246000,235596.10598309,10403.8940169099,0
"941",11511,NA,NA,"T","N","F",NA,NA,NA,NA,NA,NA,"SW18","D",182,7,9.4,5.3,235,127,"Very Poor","owner-occupied",51.446175,-0.175442,120,32,3,"wandsworth common","Thames Water",73500,"Wandsworth","rail",0,1,0,0.6729762,1441000,1430615.45250504,10384.5474949607,0
"942",8338,NA,NA,"F","N","L",NA,NA,NA,NA,NA,NA,"SE28","C",73,3,1.6,1.6,124,124,"Average","rental (private)",51.502209,0.086101,73,3,4,"plumstead","Thames Water",49700,"Greenwich","rail",0,1,0,0.9613058,262000,251618.611458377,10381.3885416234,0
"943",10434,NA,NA,"F","N","L",NA,NA,NA,NA,NA,NA,"DA14","B",55,3,1.1,1.1,113,113,"Average","owner-occupied",51.433181,0.12701,64,31,5,"albany park","Thames Water",50500,"Bexley","rail",0,1,0,0.739466,247000,236770.859868133,10229.1401318668,0
"944",9593,NA,NA,"F","N","L",NA,NA,NA,NA,NA,NA,"HA2","C",44.89,2,1.6,1.4,218,184,"Good","rental (private)",51.568888,-0.356763,40,58,5,"south harrow","Affinity Water",54500,"Harrow","tube",1,0,0,0.3622762,244000,233987.862291547,10012.1377084534,0
"945",13962,NA,NA,"F","N","L",NA,NA,NA,NA,NA,NA,"N1","B",51,2,0.9,0.8,90,83,"Good","rental (private)",51.5425,-0.089941,38,23,2,"essex road","Thames Water",56000,"Islington","rail",0,1,0,0.3778112,420000,410022.830764098,9977.1692359022,0
"946",14930,NA,NA,"T","N","F",NA,NA,NA,NA,NA,NA,"BR2","D",80,4,4.5,2,322,137,"Average","owner-occupied",51.378254,0.04872,77,69,5,"petts wood","Thames Water",47700,"Bromley","rail",0,1,0,2.0462702,353000,343109.642672156,9890.35732784378,0
"947",970,NA,NA,"F","N","L",NA,NA,NA,NA,NA,NA,"SE2","D",67,4,4,3.4,352,301,"Good","owner-occupied",51.481976,0.125088,129,67,4,"abbey wood","Thames Water",50100,"Greenwich","rail",0,1,0,0.9550918,281000,271223.239212436,9776.76078756398,0
"948",14189,NA,NA,"F","N","L",NA,NA,NA,NA,NA,NA,"IG11","B",40,2,0.8,0.8,113,113,"Good","rental (private)",51.538004,0.080299,63,10,4,"barking","Essex & Suffolk Water",48600,"Barking and Dagenham","tube",2,0,1,0.1920126,219000,209332.758146804,9667.24185319574,0
"949",12332,NA,NA,"F","N","L",NA,NA,NA,NA,NA,NA,"N16","E",72,4,4.7,1.5,369,120,"Good","rental (private)",51.559308,-0.075719,21,27,2,"rectory road","Thames Water",52000,"Hackney","light_rail",0,0,1,0.4703998,529000,519872.887616236,9127.1123837636,0
"950",2818,NA,NA,"F","N","L",NA,NA,NA,NA,NA,NA,"BR1","C",53,3,1.5,1.1,163,121,"Average","rental (private)",51.414946,0.000788,106,40,4,"ravensbourne","Thames Water",60300,"Bromley","rail",0,1,0,0.6133218,297000,287988.93508695,9011.06491304992,0
"951",11051,NA,NA,"T","N","F",NA,NA,NA,NA,NA,NA,"E16","C",75,4,2.4,0.9,184,66,"Average","owner-occupied",51.514146,0.026895,125,2,3,"custom house","Thames Water",41200,"Newham","light_rail",0,0,1,0.320021,379000,370010.163040683,8989.83695931727,0
"952",9586,NA,NA,"T","N","F",NA,NA,NA,NA,NA,NA,"EN1","E",72,4,4.1,0.9,322,70,"Average","owner-occupied",51.64875,-0.064417,107,24,5,"bush hill park","Thames Water",51700,"Enfield","light_rail",0,0,1,0.6468774,393000,384077.654471575,8922.34552842495,0
"953",850,NA,NA,"F","N","L",NA,NA,NA,NA,NA,NA,"SE15","C",69,3,2,1.6,168,133,"Average","rental (private)",51.482786,-0.070545,107,7,2,"queens road peckham","Thames Water",43200,"Southwark","light_rail",0,1,1,1.0526516,386000,377083.979484755,8916.02051524539,0
"954",13415,NA,NA,"F","N","L",NA,NA,NA,NA,NA,NA,"UB5","C",80,4,2.5,1.6,182,117,"Average","owner-occupied",51.554997,-0.378345,41,44,5,"northolt","Affinity Water",45700,"Ealing","tube",1,0,0,0.7655648,288000,279210.638543587,8789.36145641329,0
"955",12117,NA,NA,"T","N","F",NA,NA,NA,NA,NA,NA,"SE14","C",82,4,2.9,1,182,60,"Average","owner-occupied",51.48045,-0.052124,139,3,2,"queens road peckham","Thames Water",49700,"Lewisham","light_rail",0,1,1,0.7127458,522000,513224.514192109,8775.48580789054,0
"956",6273,NA,NA,"T","N","F",NA,NA,NA,NA,NA,NA,"IG8","E",114,6,5.9,1.9,292,95,"Average","owner-occupied",51.60032,0.03792,131,13,4,"woodford","Thames Water",54400,"Redbridge","tube",1,0,0,0.8587748,523000,514413.409861299,8586.59013870102,0
"957",5316,NA,NA,"S","N","F",NA,NA,NA,NA,NA,NA,"BR5","E",89,5,5.3,1.5,334,93,"Average","owner-occupied",51.391608,0.102543,66,69,6,"st mary cray","Thames Water",49300,"Bromley","rail",0,1,0,0.4809636,373000,364544.963754442,8455.03624555835,0
"958",2842,NA,NA,"T","N","F",NA,NA,NA,NA,NA,NA,"DA15","D",52,3,2.1,0.3,232,27,"Average","owner-occupied",51.448212,0.109906,72,33,5,"sidcup","Thames Water",51000,"Bexley","rail",0,1,0,1.1750674,314000,305595.651519484,8404.34848051617,0
"959",1867,NA,NA,"F","N","L",NA,NA,NA,"YIEWSLEY",NA,NA,"UB7","C",62,2,1.3,1.3,121,121,"Average","rental (private)",51.513702,-0.469027,76,31,6,"west drayton","Affinity Water",46000,"Hillingdon","rail",0,1,0,0.4244162,243000,234656.189047682,8343.81095231787,0
"960",13887,NA,NA,"F","N","L",NA,NA,NA,NA,NA,NA,"DA17","C",44.52,2,1.8,1.5,208,176,"Average","owner-occupied",51.485876,0.145996,71,52,5,"belvedere","Thames Water",45700,"Bexley","rail",0,1,0,0.692861,195000,186663.402550718,8336.59744928169,0
"961",2707,NA,NA,"F","N","L",NA,NA,NA,NA,NA,NA,"CR2","C",50,3,1.6,1.6,194,183,"Average","owner-occupied",51.362811,-0.092858,75,62,5,"south croydon","Thames Water",61500,"Croydon","rail",0,1,0,0.0975598,235000,226704.946549505,8295.05345049466,0
"962",6297,NA,NA,"F","N","L",NA,NA,NA,NA,NA,NA,"IG7","C",53,3,1.6,1.4,172,155,"Average","owner-occupied",51.613947,0.102012,44,64,4,"grange hill","Thames Water",47500,"Redbridge","tube",1,0,0,0.5984082,258000,249807.728081801,8192.27191819935,0
"963",11335,NA,NA,"F","N","L",NA,NA,NA,NA,NA,NA,"E18","E",67,3,3.5,1.9,297,164,"Average","owner-occupied",51.600086,0.023384,52,46,4,"south woodford","Thames Water",63400,"Redbridge","tube",1,0,0,0.7786142,391000,382826.986351396,8173.01364860439,0
"964",5479,NA,NA,"F","N","L",NA,NA,NA,NA,NA,NA,"KT4","C",66,3,2.3,1.5,197,133,"Average","rental (private)",51.370981,-0.230053,39,43,5,"stoneleigh","SES Water",55400,"Sutton","rail",0,1,0,1.354652,285000,276946.026362607,8053.97363739286,0
"965",1373,NA,NA,"F","N","L",NA,NA,NA,NA,NA,NA,"WC1X","C",61,3,1.9,1.2,176,117,"Average","rental (private)",51.523608,-0.113896,29,29,1,"chancery lane","Thames Water",50000,"Camden","tube",1,0,0,0.3504696,534000,526037.823334838,7962.17666516162,0
"966",12597,NA,NA,"S","N","F",NA,NA,NA,NA,NA,NA,"BR6","D",75,5,3.9,1.4,296,100,"Average","owner-occupied",51.361807,0.100919,18,91,6,"chelsfield","Thames Water",61600,"Bromley","rail",0,1,0,0.5698238,394000,386059.153052403,7940.84694759676,0
"967",9342,NA,NA,"F","N","L",NA,NA,NA,NA,NA,NA,"N10","D",69,4,3.2,1.7,261,143,"Poor","owner-occupied",51.591846,-0.151422,37,106,3,"east finchley","Thames Water",60100,"Haringey","tube",1,0,0,0.699075,561000,553215.72788029,7784.27211970976,0
"968",8131,NA,NA,"T","N","F",NA,NA,NA,NA,NA,NA,"RM7","D",72,3,3.6,1.1,284,82,"Average","owner-occupied",51.563134,0.177161,111,12,6,"romford","Essex & Suffolk Water",43700,"Havering","light_rail",0,1,1,1.3509236,325000,317244.343386077,7755.65661392262,0
"969",2912,NA,NA,"S","N","F",NA,NA,NA,"COLLIER ROW",NA,NA,"RM5","D",82.9,4,4.1,2.5,260,158,"Good","owner-occupied",51.610239,0.164175,94,37,6,"romford","Essex & Suffolk Water",42400,"Havering","light_rail",0,1,1,2.8416622,353000,345375.318144543,7624.68185545725,0
"970",6650,NA,NA,"F","N","L",NA,NA,NA,NA,NA,NA,"TW1","D",68,3,2.6,2.2,217,185,"Average","owner-occupied",51.451908,-0.322,37,10,4,"st margarets","Thames Water",70200,"Richmond upon Thames","rail",0,1,0,0.5170048,525000,517563.942158396,7436.05784160376,0
"971",10043,NA,NA,"F","N","L",NA,NA,NA,NA,NA,NA,"SE17","D",44,2,2.4,1.2,312,157,"Average","owner-occupied",51.492177,-0.102647,27,7,2,"kennington","Thames Water",50700,"Southwark","tube",1,0,0,0.2311608,324000,316674.889226039,7325.11077396123,0
"972",10346,NA,NA,"T","N","F",NA,NA,NA,NA,NA,NA,"NW9","E",92.31,5,6.3,4.6,409,296,"Average","owner-occupied",51.578301,-0.257023,31,46,3,"hendon","Affinity Water",50000,"Brent","rail",0,1,0,1.419899,623000,615728.25503022,7271.74496978032,0
"973",1979,NA,NA,"F","N","L",NA,NA,NA,NA,NA,NA,"IG8","E",46,3,4.1,2.3,502,284,"Poor","owner-occupied",51.605785,0.052505,26,20,4,"woodford","Thames Water",53600,"Redbridge","tube",1,0,0,0.9470136,319000,312089.330232948,6910.66976705159,0
"974",13530,NA,NA,"T","N","F",NA,NA,NA,NA,NA,NA,"SM4","E",75,5,4.5,1.6,314,110,"Poor","owner-occupied",51.38344,-0.219111,131,33,4,"st helier","SES Water",59100,"Merton","rail",0,1,0,1.3987714,468000,461401.640628851,6598.35937114916,0
"975",12561,NA,NA,"S","N","F",NA,NA,NA,NA,NA,NA,"CR5","E",76,5,4.7,1.8,353,131,"Average","owner-occupied",51.322547,-0.149783,98,113,6,"woodmansterne","SES Water",63300,"Croydon","rail",0,1,0,0.3784326,425000,418488.666161868,6511.33383813215,0
"976",6928,NA,NA,"F","N","L",NA,NA,NA,NA,NA,NA,"SE13","D",45.8,2,2.4,2.1,318,272,"Very Poor","owner-occupied",51.458081,-0.002206,198,17,3,"hither green","Thames Water",53500,"Lewisham","rail",0,1,0,0.3995602,294000,287746.948788739,6253.05121126142,0
"977",6223,NA,NA,"S","N","F",NA,NA,NA,NA,NA,NA,"CR6","C",115,4,3.5,2.2,171,104,"Good","owner-occupied",51.321096,-0.062312,160,169,6,"upper warlingham","SES Water",58700,"Croydon","rail",0,1,0,1.4689896,501000,495136.9302468,5863.06975320022,0
"978",15324,NA,NA,"T","N","F",NA,NA,NA,NA,NA,NA,"SE18","E",74,4,4.1,1.4,319,108,"Average","owner-occupied",51.47819,0.087052,29,64,4,"plumstead","Thames Water",49700,"Greenwich","rail",0,1,0,1.0868286,343000,337170.992405777,5829.00759422319,0
"979",7111,NA,NA,"F","N","L",NA,NA,NA,NA,NA,NA,"HA0","C",27,1,1.7,1.6,358,333,"Average","rental (private)",51.537736,-0.295559,61,29,4,"alperton","Affinity Water",51400,"Brent","tube",1,0,0,0.633828,225000,219246.278771494,5753.72122850642,0
"980",10012,NA,NA,"T","N","F",NA,NA,NA,NA,NA,NA,"SE9","D",66,4,3.3,0.9,282,77,"Good","owner-occupied",51.428941,0.045966,69,62,4,"elmstead woods","Thames Water",45800,"Greenwich","rail",0,1,0,1.0010754,329000,323799.814439424,5200.18556057621,0
"981",9372,NA,NA,"F","N","L",NA,NA,NA,NA,NA,NA,"SE8","D",54,3,2.5,2.5,273,278,"Average","owner-occupied",51.491673,-0.031723,NA,8,2,"surrey quays","Thames Water",51800,"Lewisham","light_rail",0,0,1,0.9625486,336000,331069.482649634,4930.51735036622,0
"982",5012,NA,NA,"T","N","F",NA,NA,NA,NA,NA,NA,"CR5","C",82,5,2.7,0.8,185,54,"Good","owner-occupied",51.317861,-0.153775,82,97,6,"woodmansterne","SES Water",63300,"Croydon","rail",0,1,0,0.4144738,411000,406165.446687593,4834.55331240688,0
"983",13618,NA,NA,"S","N","F",NA,NA,NA,NA,NA,NA,"HA3","D",120,5,5.9,3.3,279,153,"Average","owner-occupied",51.584988,-0.317838,155,51,4,"kenton","Affinity Water",58500,"Brent","tube",2,0,1,0.2230826,671000,666356.107878728,4643.89212127158,0
"984",1430,NA,NA,"F","N","L",NA,NA,NA,NA,NA,NA,"E14","B",56.89,3,1.4,1.2,150,125,"Average","rental (private)",51.500964,-0.009437,20,6,2,"crossharbour and london arena","Thames Water",68500,"Tower Hamlets","light_rail",0,0,1,0.4679142,395000,390502.18516543,4497.81483456976,0
"985",4266,NA,NA,"T","N","F",NA,NA,NA,NA,NA,NA,"DA16","D",77.44,3,4.4,3,373,257,"Average","owner-occupied",51.462671,0.119484,152,45,5,"bexleyheath","Thames Water",54000,"Bexley","rail",0,1,0,0.7711574,373000,368662.923236468,4337.0767635316,0
"986",12528,NA,NA,"T","N","F",NA,NA,NA,NA,NA,NA,"N1","D",163,5,6.9,2.6,241,89,"Good","owner-occupied",51.535331,-0.099801,61,29,1,"angel","Thames Water",63500,"Islington","tube",1,0,0,0.3840252,1941000,1936674.70547738,4325.29452261841,0
"987",3217,NA,NA,"F","N","L",NA,NA,NA,NA,NA,NA,"HA6","D",60,3,4.5,2.8,427,263,"Average","owner-occupied",51.609896,-0.426734,79,73,6,"northwood","Affinity Water",55500,"Hillingdon","tube",1,0,0,0.3380416,327000,322875.384912221,4124.61508777912,0
"988",12364,NA,NA,"F","N","L",NA,NA,NA,NA,NA,NA,"N4","E",71,4,4.8,3.4,384,269,"Very Poor","rental (private)",51.564699,-0.090829,144,28,2,"manor house","Thames Water",50400,"Hackney","tube",1,0,0,0.6481202,555000,550907.479791862,4092.52020813758,0
"989",2269,NA,NA,"T","N","F",NA,NA,NA,NA,NA,NA,"DA15","D",104,6,4.3,1.5,236,78,"Average","owner-occupied",51.450419,0.092144,79,37,4,"falconwood","Thames Water",56500,"Bexley","rail",0,1,0,1.1893596,499000,494916.016927371,4083.98307262879,0
"990",9089,NA,NA,"F","N","L",NA,NA,NA,NA,NA,NA,"EC1V","C",86,3,2.5,1.4,165,95,"Average","owner-occupied",51.526196,-0.099878,22,27,1,"barbican","Thames Water",48900,"Islington","tube",3,0,0,0.379054,761000,757261.945037834,3738.05496216565,0
"991",1472,NA,NA,"T","N","F",NA,NA,NA,NA,NA,NA,"KT4","C",47.76,2,1.5,1.5,168,163,"Good","owner-occupied",51.38061,-0.228144,34,35,4,"worcester park","SES Water",55400,"Sutton","rail",0,1,0,1.109199,302000,298353.552374156,3646.44762584427,0
"992",1453,NA,NA,"D","N","F",NA,NA,NA,NA,NA,NA,"HA9","D",227,5,8,4.6,200,113,"Good","owner-occupied",51.567797,-0.272142,59,62,4,"wembley park","Affinity Water",47200,"Brent","tube",2,0,0,0.4554862,1145000,1141480.14221324,3519.85778676462,0
"993",14586,NA,NA,"F","N","L",NA,NA,NA,"STREATHAM",NA,NA,"SW16","C",58,3,2,1.8,193,181,"Good","owner-occupied",51.434439,-0.11796,19,64,3,"streatham hill","Thames Water",55900,"Croydon","rail",0,1,0,0.674219,335000,331989.608168333,3010.39183166699,0
"994",2758,NA,NA,"S","N","F",NA,NA,NA,NA,NA,NA,"EN2","D",137,6,5.2,2.3,216,93,"Good","owner-occupied",51.651936,-0.085373,68,30,5,"enfield chase","Thames Water",65200,"Enfield","rail",0,1,0,0.3846466,768000,764997.440706956,3002.55929304368,0
"995",8648,NA,NA,"T","N","F",NA,NA,NA,NA,NA,NA,"DA15","D",66,4,2.9,1.1,256,91,"Good","owner-occupied",51.445371,0.092793,96,34,5,"sidcup","Thames Water",56500,"Bexley","rail",0,1,0,1.1259768,380000,377141.336407194,2858.66359280649,0
"996",10995,NA,NA,"S","N","F",NA,NA,NA,NA,NA,NA,"DA15","D",77,4,3.6,1.4,265,104,"Average","owner-occupied",51.443693,0.090083,178,34,5,"sidcup","Thames Water",56500,"Bexley","rail",0,1,0,1.0700508,410000,407220.09192631,2779.90807368961,0
"997",723,NA,NA,"F","N","L",NA,NA,NA,NA,NA,NA,"EN1","E",58.03,3,4.3,3.2,385,288,"Good","owner-occupied",51.659241,-0.078429,75,33,5,"enfield town","Thames Water",55200,"Enfield","light_rail",0,0,1,0.5629884,313000,310438.526603162,2561.47339683806,0
"998",15263,NA,NA,"T","N","F",NA,NA,NA,NA,NA,NA,"N17","D",46,4,2.7,0.8,331,93,"Average","rental (private)",51.597739,-0.067872,65,13,3,"bruce grove","Thames Water",39600,"Haringey","light_rail",0,0,1,0.3187782,372000,369543.832662873,2456.16733712732,0
"999",15615,NA,NA,"F","N","L",NA,NA,NA,NA,NA,NA,"DA14","C",61.49,3,2,1.8,175,149,"Average","owner-occupied",51.423842,0.108855,15,56,5,"sidcup","Thames Water",50500,"Bexley","rail",0,1,0,1.047059,253000,250596.911085287,2403.08891471309,0
"1000",4318,NA,NA,"S","N","F",NA,NA,NA,NA,NA,NA,"SE9","D",112,4,6.2,2.4,261,94,"Good","owner-occupied",51.43799,0.047363,47,45,4,"mottingham","Thames Water",50600,"Greenwich","rail",0,1,0,0.3063502,477000,474612.846888353,2387.15311164747,0
"1001",5336,NA,NA,"D","N","F",NA,NA,NA,NA,NA,NA,"RM13","D",149,7,5,2.6,176,88,"Good","owner-occupied",51.525202,0.214159,76,11,6,"rainham","Essex & Suffolk Water",49000,"Havering","rail",0,2,0,1.401257,535000,532760.803379057,2239.19662094302,0
"1002",12339,NA,NA,"F","N","L",NA,NA,NA,NA,NA,NA,"TW11","C",46,3,1.7,1.3,207,158,"Average","owner-occupied",51.425853,-0.331211,58,11,6,"teddington","Thames Water",64300,"Richmond upon Thames","rail",0,1,0,0.2000908,368000,365947.082519595,2052.91748040478,0
"1003",14461,NA,NA,"F","N","L",NA,NA,NA,NA,NA,NA,"TW14","C",77,3,2.6,2.5,200,190,"Average","owner-occupied",51.448252,-0.442859,193,18,6,"heathrow terminal 4","Affinity Water",49000,"Hounslow","tube",1,1,0,1.5727634,279000,277003.271178518,1996.72882148204,0
"1004",1743,NA,NA,"S","N","F",NA,NA,NA,NA,NA,NA,"SE9","D",90,5,4.3,1.4,269,89,"Average","owner-occupied",51.437016,0.046988,80,45,4,"mottingham","Thames Water",50600,"Greenwich","rail",0,1,0,0.4449224,4e+05,398148.560103518,1851.43989648245,0
"1005",834,NA,NA,"T","N","F",NA,NA,NA,NA,NA,NA,"SE9","C",74,4,2.1,0.9,160,65,"Average","owner-occupied",51.439894,0.077665,68,41,4,"new eltham","Thames Water",41000,"Greenwich","rail",0,1,0,0.4157166,333000,331468.773160355,1531.22683964518,0
"1006",11165,NA,NA,"F","N","L",NA,NA,NA,NA,NA,NA,"UB8","E",43,2,3.1,2.1,417,283,"Average","owner-occupied",51.523684,-0.483776,71,30,6,"west drayton","Affinity Water",51700,"Hillingdon","rail",0,1,0,1.1912238,216000,214495.187161249,1504.81283875112,0
"1007",4658,NA,NA,"F","N","L",NA,NA,NA,NA,NA,NA,"SW11","D",53,2,3.2,1.1,311,112,"Very Poor","owner-occupied",51.462048,-0.164574,86,18,2,"clapham junction","Thames Water",73000,"Wandsworth","light_rail",0,1,1,0.4082598,504000,502580.144415217,1419.8555847829,0
"1008",8778,NA,NA,"F","N","L",NA,NA,NA,NA,NA,NA,"BR3","C",108.84,4,2.6,2.3,124,112,"Average","owner-occupied",51.412601,-0.020022,25,47,4,"beckenham junction","Thames Water",60200,"Bromley","light_rail",0,2,1,0.3461198,466000,464658.098520886,1341.90147911408,0
"1009",11688,NA,NA,"T","N","F",NA,NA,NA,NA,NA,NA,"SE10","E",109.52,7,7.3,5.5,396,299,"Average","rental (private)",51.485831,0.012154,123,12,3,"westcombe park","Thames Water",63600,"Greenwich","rail",0,1,0,0.4530006,751000,749837.886899039,1162.11310096085,0
"1010",959,NA,NA,"T","N","F",NA,NA,NA,NA,NA,NA,"RM8","D",61,4,3.4,0.8,318,71,"Average","owner-occupied",51.551305,0.119909,148,10,5,"becontree","Essex & Suffolk Water",42300,"Barking and Dagenham","tube",1,0,0,1.0203388,294000,292869.855249806,1130.14475019416,0
"1011",3300,NA,NA,"F","N","F",NA,NA,NA,NA,NA,NA,"SM4","D",47,3,2.7,1.2,338,146,"Good","owner-occupied",51.398106,-0.185061,132,21,3,"belgrave walk","SES Water",49800,"Merton","light_rail",0,0,1,0.562367,252000,251048.522693428,951.477306572342,0
"1012",15240,NA,NA,"T","N","F",NA,NA,NA,NA,NA,NA,"N17","D",88,5,4.5,2.1,290,135,"Average","owner-occupied",51.592663,-0.065951,76,9,3,"bruce grove","Thames Water",44000,"Haringey","light_rail",0,0,1,0.3983174,464000,463475.103809006,524.896190993662,0
"1013",12495,NA,NA,"S","N","F",NA,NA,NA,NA,NA,NA,"EN4","E",76,4,5.3,3,392,219,"Good","owner-occupied",51.633177,-0.154973,51,64,4,"oakleigh park","Affinity Water",51100,"Barnet","rail",0,1,0,0.7407088,474000,473486.918917882,513.081082117744,0
"1014",3786,NA,NA,"F","N","L",NA,NA,NA,NA,NA,NA,"SE15","C",75,4,2.6,1.6,183,109,"Average","owner-occupied",51.463492,-0.067516,17,22,2,"peckham rye","Thames Water",45300,"Southwark","light_rail",0,1,1,0.5381324,430000,429650.75910354,349.240896459843,0
"1015",6538,NA,NA,"S","N","F",NA,NA,NA,NA,NA,NA,"HA1","D",94,5,4.7,2.6,286,153,"Average","owner-occupied",51.577453,-0.345667,81,67,5,"west harrow","Affinity Water",57000,"Brent","tube",1,0,0,0.5163834,525000,525043.828065176,-43.8280651759123,0
"1016",8797,NA,NA,"F","N","L",NA,NA,NA,NA,NA,NA,"UB8","C",51.61,3,2.7,2.6,342,339,"Average","rental (private)",51.524188,-0.483139,86,30,6,"west drayton","Affinity Water",51700,"Hillingdon","rail",0,1,0,1.3136396,233000,233889.52563767,-889.525637670129,0
"1017",5594,NA,NA,"S","N","F",NA,NA,NA,NA,NA,NA,"RM12","D",81,4,3.7,1,257,70,"Average","owner-occupied",51.54934,0.197041,90,11,6,"elm park","Essex & Suffolk Water",48200,"Havering","tube",1,0,0,0.1516216,351000,351988.360340877,-988.36034087697,0
"1018",2263,NA,NA,"F","N","L",NA,NA,NA,NA,NA,NA,"RM7","C",67,4,1.5,1.2,117,97,"Good","owner-occupied",51.565926,0.169328,98,16,6,"romford","Essex & Suffolk Water",48400,"Havering","light_rail",0,1,1,1.329796,248000,249029.915167039,-1029.91516703909,0
"1019",13777,NA,NA,"F","N","L",NA,NA,NA,NA,NA,NA,"TW14","D",42,2,2.3,2,330,285,"Average","owner-occupied",51.448958,-0.42037,179,20,6,"feltham","Affinity Water",53700,"Hounslow","rail",0,1,0,0.7028034,226000,227518.032579111,-1518.03257911085,0
"1020",974,NA,NA,"F","N","L",NA,NA,NA,NA,NA,NA,"DA6","C",57,2,3.3,2.8,338,288,"Good","owner-occupied",51.455691,0.147704,49,56,5,"bexleyheath","Thames Water",49900,"Bexley","rail",0,1,0,1.0855858,243000,244618.532774632,-1618.53277463227,0
"1021",1624,NA,NA,"F","N","L",NA,NA,NA,NA,NA,NA,"W6","D",75,3,3.4,2.1,234,147,"Good","rental (private)",51.485703,-0.216152,71,6,2,"barons court","Thames Water",51700,"Hammersmith and Fulham","tube",2,0,0,0.5723094,584000,585818.760073996,-1818.76007399592,0
"1022",3624,NA,NA,"T","N","F",NA,NA,NA,NA,NA,NA,"E17","C",111,5,3,1.4,155,70,"Average","rental (private)",51.598533,-0.022645,120,15,3,"walthamstow central","Thames Water",54500,"Waltham Forest","tube",1,0,1,1.1700962,604000,606026.646334142,-2026.64633414196,0
"1023",12688,NA,NA,"F","N","L",NA,NA,NA,NA,NA,NA,"SW4","D",57,3,2.3,1.4,227,142,"Average","rental (private)",51.456809,-0.131175,14,28,2,"clapham common","Thames Water",53200,"Lambeth","tube",1,0,0,0.6195358,393000,395208.830413598,-2208.83041359828,0
"1024",5780,NA,NA,"S","N","F",NA,NA,NA,NA,NA,NA,"RM1","D",84,5,3.7,1,249,65,"Average","owner-occupied",51.60222,0.181065,128,41,6,"gidea park","Essex & Suffolk Water",49800,"Havering","rail",0,1,0,2.491814,376000,378380.232042338,-2380.23204233771,0
"1025",12063,NA,NA,"S","N","F",NA,NA,NA,NA,NA,NA,"HA7","D",87,5,4.1,1.4,263,87,"Average","owner-occupied",51.620185,-0.296704,141,77,5,"stanmore","Affinity Water",55100,"Harrow","tube",1,0,0,0.3858894,486000,488452.373434904,-2452.37343490432,0
"1026",7984,NA,NA,"F","N","L",NA,NA,NA,NA,NA,NA,"SE23","D",65.14,3,3.5,3.1,324,286,"Average","owner-occupied",51.445749,-0.036649,97,46,3,"catford","Thames Water",60600,"Lewisham","rail",0,1,0,0.6916182,359000,361552.613506731,-2552.6135067307,0
"1027",14048,NA,NA,"D","N","F",NA,NA,NA,NA,NA,NA,"SM6","E",136,8,8.7,3.8,361,158,"Average","owner-occupied",51.350577,-0.138444,87,90,5,"wallington","SES Water",59500,"Sutton","rail",0,1,0,1.2415572,677000,679642.768289521,-2642.76828952087,0
"1028",7815,NA,NA,"T","N","F",NA,NA,NA,NA,NA,NA,"IG8","C",56,4,2,0.6,204,59,"Average","owner-occupied",51.602667,0.043094,103,15,4,"woodford","Thames Water",53600,"Redbridge","tube",1,0,0,0.8705814,370000,372647.596653371,-2647.59665337059,0
"1029",10801,NA,NA,"F","N","L",NA,NA,NA,NA,NA,NA,"SW15","C",56.09,3,2.1,1.3,223,138,"Average","rental (private)",51.466717,-0.217728,44,13,2,"putney","Thames Water",71500,"Kingston upon Thames","rail",0,1,0,0.3958318,448000,450734.496143221,-2734.49614322057,0
"1030",10931,NA,NA,"T","N","F",NA,NA,NA,NA,NA,NA,"CR0","D",66,3,3,1,258,80,"Average","owner-occupied",51.372234,-0.125081,73,40,5,"waddon","SES Water",57200,"Croydon","rail",0,1,0,0.7885566,352000,354746.352398449,-2746.3523984495,0
"1031",9442,NA,NA,"T","N","F",NA,NA,NA,NA,NA,NA,"E11","D",94,5,4.3,2.3,261,139,"Average","owner-occupied",51.555092,-0.002084,235,10,3,"leyton","Thames Water",44000,"Redbridge","tube",1,0,0,0.4623216,480000,482853.897546275,-2853.89754627482,0
"1032",2852,NA,NA,"F","N","L",NA,NA,NA,NA,NA,NA,"SW16","D",54,3,2.9,1.7,307,177,"Average","owner-occupied",51.419877,-0.134597,114,36,3,"streatham common","Thames Water",57700,"Croydon","rail",0,1,0,0.083889,319000,322318.175035806,-3318.17503580562,0
"1033",7884,NA,NA,"F","N","L",NA,NA,NA,NA,NA,NA,"N4","C",65,4,1.9,1.2,167,103,"Good","owner-occupied",51.577671,-0.112843,42,65,3,"harringay","Thames Water",65500,"Hackney","rail",0,1,0,0.3753256,453000,456417.332576355,-3417.33257635526,0
"1034",13855,NA,NA,"F","N","L",NA,NA,NA,NA,NA,NA,"HA1","C",32,1,0.9,0.9,165,165,"Good","owner-occupied",51.585782,-0.337541,202,63,5,"harrow-on-the-hill","Affinity Water",56000,"Brent","tube",1,1,0,0.5493176,232000,235504.702032711,-3504.70203271144,0
"1035",6949,NA,NA,"S","N","F",NA,NA,NA,NA,NA,NA,"NW11","E",127,6,7.9,2.8,352,123,"Very Poor","owner-occupied",51.574621,-0.189771,40,77,3,"golders green","Thames Water",65500,"Barnet","tube",1,0,0,0.428766,1082000,1085534.52239184,-3534.52239184198,0
"1036",6157,NA,NA,"D","N","F",NA,NA,NA,NA,NA,NA,"SM5","D",94,6,5,1.6,305,97,"Very Poor","owner-occupied",51.379551,-0.172704,113,37,5,"carshalton","SES Water",48600,"Sutton","rail",0,1,0,0.8966802,442000,445547.21386143,-3547.21386143012,0
"1037",9603,NA,NA,"F","N","L",NA,NA,NA,NA,NA,NA,"HA6","C",99,4,2.7,2.5,152,141,"Average","rental (private)",51.610883,-0.42527,67,73,6,"northwood","Affinity Water",55500,"Hillingdon","tube",1,0,0,0.1410578,457000,460693.726947146,-3693.72694714647,0
"1038",4801,NA,NA,"T","N","F",NA,NA,NA,NA,NA,NA,"IG1","D",107,5,4.9,1.4,259,73,"Average","owner-occupied",51.575756,0.054746,123,22,4,"redbridge","Thames Water",50200,"Redbridge","tube",1,0,0,0.512655,472000,475815.779280578,-3815.77928057755,0
"1039",4221,NA,NA,"F","N","L",NA,NA,NA,NA,NA,NA,"SE26","C",50,2,1.5,1,164,119,"Average","owner-occupied",51.426169,-0.043992,63,35,4,"lower sydenham","Thames Water",52600,"Lewisham","rail",0,1,0,0.71461,242000,245879.780665115,-3879.78066511545,0
"1040",11466,NA,NA,"T","N","F",NA,NA,NA,NA,NA,NA,"W12","C",78,4,2.2,0.8,158,54,"Good","owner-occupied",51.516736,-0.229756,80,11,2,"white city","Thames Water",45900,"Hammersmith and Fulham","tube",1,0,0,0.40391,629000,632882.92780054,-3882.92780054011,0
"1041",12449,NA,NA,"F","N","L",NA,NA,NA,NA,NA,NA,"SE25","E",105,4,7.4,7.2,367,354,"Average","rental (private)",51.404656,-0.082448,45,79,4,"norwood junction","Thames Water",51400,"Croydon","light_rail",0,1,1,0.615186,386000,389966.220817511,-3966.2208175108,0
"1042",15742,NA,NA,"F","N","L",NA,NA,NA,NA,NA,NA,"DA8","C",46,2,2,1.7,261,223,"Average","owner-occupied",51.482219,0.182364,70,5,6,"erith","Thames Water",45100,"Bexley","rail",0,1,0,0.7506512,166000,169984.573607507,-3984.57360750722,0
"1043",9140,NA,NA,"F","N","L",NA,NA,NA,NA,NA,NA,"SE1","C",53,3,1.4,1,155,111,"Average","owner-occupied",51.48745,-0.0714,95,4,2,"south bermondsey","Thames Water",47500,"Southwark","rail",0,1,0,0.8991658,308000,312020.165071338,-4020.16507133789,0
"1044",4612,NA,NA,"S","N","F",NA,NA,NA,NA,NA,NA,"BR6","E",60,4,4.7,1.7,407,137,"Very Poor","owner-occupied",51.37867,0.082723,55,90,6,"orpington","Thames Water",66900,"Bromley","rail",0,1,0,0.5486962,440000,444095.903193259,-4095.90319325874,0
"1045",30,NA,NA,"F","N","F",NA,NA,NA,NA,NA,NA,"TW13","F",74,3,6.9,2.6,482,177,"Very Poor","owner-occupied",51.435047,-0.400464,77,20,6,"feltham","Thames Water",52700,"Hounslow","rail",0,1,0,1.3677014,343000,347118.323783604,-4118.32378360414,0
"1046",5828,NA,NA,"F","N","L",NA,NA,NA,NA,NA,NA,"SE15","D",48.96,2,3.4,3.2,464,428,"Good","rental (private)",51.47998,-0.080849,41,5,2,"peckham rye","Thames Water",46100,"Southwark","light_rail",0,1,1,1.0694294,299000,303127.896953787,-4127.89695378678,0
"1047",9360,NA,NA,"F","N","L",NA,NA,NA,NA,NA,NA,"CR2","E",42,3,3,1.9,425,273,"Good","rental (private)",51.354576,-0.096273,55,57,6,"sanderstead","Thames Water",62300,"Croydon","rail",0,1,0,0.5474534,225000,229221.61216657,-4221.61216656963,0
"1048",6988,NA,NA,"F","N","L",NA,NA,NA,NA,NA,NA,"SE27","C",68,4,2.2,1.5,184,125,"Good","rental (private)",51.431719,-0.095399,147,59,3,"west norwood","Thames Water",58200,"Lambeth","rail",0,1,0,0.4188236,384000,388337.992610286,-4337.99261028576,0
"1049",8853,NA,NA,"F","N","L",NA,NA,NA,"BARKINGSIDE",NA,NA,"IG6","C",47,2,1.3,1.3,157,153,"Average","owner-occupied",51.595304,0.085414,108,31,4,"fairlop","Thames Water",51500,"Redbridge","tube",1,0,0,0.3305848,222000,226448.750212396,-4448.75021239623,0
"1050",14190,NA,NA,"F","N","L",NA,NA,NA,NA,NA,NA,"UB4","D",55.3,3,2.8,2.5,335,300,"Good","owner-occupied",51.539972,-0.433357,57,36,6,"hillingdon","Affinity Water",49300,"Hillingdon","tube",2,0,0,2.4539086,249000,253509.384455718,-4509.38445571769,0
"1051",7973,NA,NA,"T","N","F",NA,NA,NA,NA,NA,NA,"IG6","D",85,5,3.9,1.9,263,125,"Average","owner-occupied",51.590684,0.085837,116,29,4,"barkingside","Essex & Suffolk Water",51500,"Redbridge","tube",1,0,0,0.3622762,387000,391754.180674763,-4754.18067476252,0
"1052",9011,NA,NA,"T","N","F",NA,NA,NA,NA,NA,NA,"RM8","D",67,3,3,0.9,251,76,"Average","owner-occupied",51.557204,0.124929,202,12,5,"chadwell heath","Essex & Suffolk Water",40800,"Barking and Dagenham","rail",0,1,0,1.0458162,304000,308782.872969967,-4782.87296996708,0
"1053",9778,NA,NA,"F","N","L",NA,NA,NA,NA,NA,NA,"W9","D",58,3,2.7,1.4,270,139,"Good","rental (private)",51.531668,-0.183589,53,39,2,"maida vale","Thames Water",59600,"Westminster","tube",2,0,0,0.1037738,579000,583798.719711062,-4798.7197110618,0
"1054",997,NA,NA,"F","N","L",NA,NA,NA,NA,NA,NA,"RM6","E",65,3,4.6,2.9,406,255,"Average","owner-occupied",51.57146,0.143546,41,20,5,"chadwell heath","Essex & Suffolk Water",47800,"Redbridge","rail",0,1,0,0.8227336,250000,255153.737488444,-5153.73748844414,0
"1055",5258,NA,NA,"T","N","F",NA,NA,NA,"PLUMSTEAD",NA,NA,"SE18","E",61,3,4.1,1.2,346,95,"Poor","owner-occupied",51.484949,0.095801,137,36,4,"plumstead","Thames Water",43900,"Greenwich","rail",0,1,0,0.7649434,339000,344215.816097563,-5215.81609756307,0
"1056",15398,NA,NA,"S","N","F",NA,NA,NA,NA,NA,NA,"RM2","D",62.88,5,2.7,2.2,260,211,"Average","owner-occupied",51.578918,0.191726,33,23,6,"romford","Essex & Suffolk Water",43400,"Havering","light_rail",0,1,1,0.4778566,311000,316289.735035224,-5289.73503522377,0
"1057",5996,NA,NA,"S","N","F",NA,NA,NA,NA,NA,NA,"EN3","E",97,4,5.7,3.6,335,205,"Average","owner-occupied",51.646435,-0.036518,72,16,5,"ponders end","Thames Water",38700,"Enfield","rail",0,1,0,0.4051528,410000,415374.780499917,-5374.78049991705,0
"1058",9198,NA,NA,"F","N","L",NA,NA,NA,NA,NA,NA,"SM2","C",34,2,1.6,1.5,259,248,"Good","owner-occupied",51.351987,-0.196409,40,77,5,"belmont","SES Water",48800,"Sutton","rail",0,1,0,0.5642312,188000,193798.843691811,-5798.84369181053,0
"1059",7878,NA,NA,"T","N","F",NA,NA,NA,NA,NA,NA,"SW11","D",108.14,7,6.1,5.3,305,266,"Very Poor","rental (private)",51.463476,-0.156974,111,24,2,"clapham junction","Thames Water",80600,"Wandsworth","light_rail",0,1,1,0.7556224,1078000,1083893.88857157,-5893.8885715683,0
"1060",2709,NA,NA,"S","N","F",NA,NA,NA,NA,NA,NA,"RM12","E",87,4,5.6,1.1,363,72,"Average","owner-occupied",51.555238,0.20523,98,18,6,"elm park","Essex & Suffolk Water",52100,"Havering","tube",1,0,0,0.705289,385000,390933.208958506,-5933.20895850565,0
"1061",10717,NA,NA,"F","N","L",NA,NA,NA,NA,NA,NA,"E15","C",50,2,1.3,1.1,150,132,"Average","owner-occupied",51.539892,0.010186,131,9,3,"stratford high street","Thames Water",45300,"Newham","light_rail",0,0,1,0.7282808,248000,254003.602140844,-6003.60214084425,0
"1062",14931,NA,NA,"F","N","L",NA,NA,NA,NA,NA,NA,"TW11","C",61,3,2.2,1.6,208,151,"Average","owner-occupied",51.429379,-0.347755,10,16,6,"fulwell","Thames Water",62200,"Richmond upon Thames","rail",0,1,0,0.6419062,338000,344329.316703339,-6329.31670333858,0
"1063",9449,NA,NA,"F","N","L",NA,NA,NA,"ACTON",NA,NA,"W3","D",42,2,1.9,1.1,252,153,"Good","rental (private)",51.506426,-0.263044,155,13,2,"acton central","Thames Water",72900,"Ealing","light_rail",0,0,1,0.3088358,417000,423418.130074101,-6418.13007410069,0
"1064",3997,NA,NA,"F","N","F",NA,NA,NA,NA,NA,NA,"SE23","D",113,5,5.2,2.7,260,134,"Good","owner-occupied",51.44228,-0.037805,63,30,3,"catford","Thames Water",58000,"Lewisham","rail",0,1,0,0.6512272,527000,533419.251354027,-6419.25135402696,0
"1065",15091,NA,NA,"T","N","F",NA,NA,NA,NA,NA,NA,"SW16","C",161,6,4.5,3.1,157,106,"Average","owner-occupied",51.425408,-0.147128,45,39,3,"streatham common","Thames Water",59800,"Croydon","rail",0,1,0,0.8258406,959000,965523.974317784,-6523.9743177843,0
"1066",1187,NA,NA,"S","N","F",NA,NA,NA,NA,NA,NA,"BR4","C",84,4,2.4,1.1,175,82,"Average","owner-occupied",51.379446,-0.021151,96,71,5,"west wickham","Thames Water",57200,"Bromley","rail",0,1,0,0.4150952,422000,428558.872872699,-6558.87287269934,0
"1067",15534,NA,NA,"S","N","F",NA,NA,NA,NA,NA,NA,"DA16","D",90,5,4.3,1.7,273,104,"Average","owner-occupied",51.473109,0.117102,91,51,4,"welling","Thames Water",51300,"Bexley","rail",0,1,0,1.0911784,366000,372581.411245322,-6581.41124532226,0
"1068",15758,NA,NA,"F","N","L",NA,NA,NA,NA,NA,NA,"CR8","B",71.2,3,1.4,1.3,122,108,"Average","owner-occupied",51.340825,-0.114001,82,66,6,"purley","SES Water",58600,"Croydon","rail",0,1,0,0.2398604,270000,276688.477565271,-6688.47756527091,0
"1069",7920,NA,NA,"F","N","L",NA,NA,NA,NA,NA,NA,"SM6","C",49,2,1.6,1.3,167,145,"Average","owner-occupied",51.3567,-0.131575,98,70,5,"wallington","SES Water",44600,"Sutton","rail",0,1,0,1.3987714,202000,208718.376919956,-6718.37691995609,0
"1070",223,NA,NA,"T","N","F",NA,NA,NA,NA,NA,NA,"SE2","D",71,3,2.8,1.1,222,87,"Average","owner-occupied",51.493133,0.116315,70,1,4,"abbey wood","Thames Water",41900,"Greenwich","rail",0,1,0,0.6561984,3e+05,306801.204990437,-6801.20499043743,0
"1071",5411,NA,NA,"T","N","F",NA,NA,NA,NA,NA,NA,"NW7","E",109,6,6.5,3.5,356,191,"Average","owner-occupied",51.61236,-0.220796,68,80,4,"mill hill east","Affinity Water",55000,"Barnet","tube",1,0,0,0.7854496,599000,605833.516512801,-6833.51651280071,0
"1072",8931,NA,NA,"D","N","F",NA,NA,NA,"FOREST HILL",NA,NA,"SE23","E",103,5,5.3,1.4,294,74,"Average","owner-occupied",51.441696,-0.045384,137,35,3,"forest hill","Thames Water",58000,"Lewisham","light_rail",0,1,1,0.6164288,605000,612034.224086015,-7034.22408601467,0
"1073",14620,NA,NA,"T","N","F",NA,NA,NA,"EAST DULWICH",NA,NA,"SE22","D",173,7,6.5,3.4,213,111,"Average","owner-occupied",51.454461,-0.076072,20,34,2,"north dulwich","Thames Water",67000,"Southwark","rail",0,1,0,0.7556224,1365000,1372035.11411362,-7035.11411361839,0
"1074",10948,NA,NA,"S","N","F",NA,NA,NA,NA,NA,NA,"CR0","D",74,4,2.9,1.3,222,94,"Average","owner-occupied",51.389501,-0.046388,109,41,3,"arena","Thames Water",56200,"Croydon","light_rail",0,0,1,0.7605936,407000,414106.121072362,-7106.12107236229,0
"1075",5655,NA,NA,"F","N","L",NA,NA,NA,NA,NA,NA,"E9","C",46.1,2,1.7,1.7,250,240,"Average","rental (private)",51.543623,-0.029006,45,13,2,"hackney wick","Thames Water",46500,"Hackney","light_rail",0,0,1,0.2709304,313000,320275.301640577,-7275.30164057727,0
"1076",1,NA,NA,"T","N","F",NA,NA,NA,NA,NA,NA,"DA8","D",42.65,2,3.3,3.1,509,489,"Average","rental (private)",51.484852,0.173747,115,5,6,"erith","Thames Water",45100,"Bexley","rail",0,1,0,0.8687172,245000,252292.226580184,-7292.22658018407,0
"1077",9766,NA,NA,"T","N","F",NA,NA,NA,NA,NA,NA,"E6","D",77,4,3.1,1.2,229,83,"Average","owner-occupied",51.531529,0.046554,138,9,3,"east ham","Thames Water",48300,"Newham","tube",2,0,0,0.9314786,391000,398529.162410232,-7529.16241023235,0
"1078",5698,NA,NA,"S","N","F",NA,NA,NA,NA,NA,NA,"TW7","D",85,4,4.3,4.1,302,286,"Average","rental (private)",51.475928,-0.329701,103,9,4,"isleworth","Thames Water",57100,"Hounslow","rail",0,1,0,0.3740828,503000,510584.208873616,-7584.20887361566,0
"1079",6371,NA,NA,"S","N","F",NA,NA,NA,NA,NA,NA,"RM14","D",67,4,4,2.2,342,179,"Average","owner-occupied",51.556466,0.240476,47,17,6,"upminster bridge","Essex & Suffolk Water",54600,"Havering","tube",1,0,0,0.5225974,385000,392653.055176355,-7653.05517635512,0
"1080",1822,NA,NA,"F","N","L",NA,NA,NA,NA,NA,NA,"SW19","C",45.35,2,1.6,1.5,209,203,"Average","owner-occupied",51.446671,-0.218163,78,57,3,"southfields","Thames Water",51400,"Merton","tube",1,0,0,0.6313424,264000,271880.205510104,-7880.20551010413,0
"1081",5998,NA,NA,"S","N","F",NA,NA,NA,NA,NA,NA,"DA5","D",79.17,4,4.6,2.9,348,216,"Average","owner-occupied",51.449958,0.126739,66,30,5,"albany park","Thames Water",54000,"Bexley","rail",0,1,0,1.2428,381000,389041.404135342,-8041.40413534245,0
"1082",8007,NA,NA,"F","N","L",NA,NA,NA,NA,NA,NA,"E15","D",86,4,3,2,199,135,"Average","owner-occupied",51.550438,0.01029,89,12,3,"maryland","Thames Water",44400,"Newham","rail",0,1,0,0.4455438,325000,333340.715780129,-8340.71578012872,0
"1083",297,NA,NA,"T","N","L",NA,NA,NA,"WALTHAMSTOW",NA,NA,"E17","D",62,4,2.5,1.5,208,129,"Good","rental (private)",51.584577,-0.038768,104,12,3,"blackhorse road","Thames Water",50700,"Waltham Forest","tube",1,0,1,0.233025,436000,444352.265579265,-8352.2655792649,0
"1084",849,NA,NA,"T","N","F",NA,NA,NA,NA,NA,NA,"KT4","D",78,5,3.6,1.1,258,76,"Average","owner-occupied",51.382249,-0.234849,102,27,4,"worcester park","SES Water",61700,"Sutton","rail",0,1,0,0.7071532,406000,414378.486088621,-8378.48608862131,0
"1085",6864,NA,NA,"F","N","L",NA,NA,NA,NA,NA,NA,"DA14","D",54,3,3,1.5,323,161,"Average","owner-occupied",51.43249,0.117007,103,40,5,"albany park","Thames Water",50500,"Bexley","rail",0,1,0,0.8270834,237000,245456.006233518,-8456.00623351848,0
"1086",12753,NA,NA,"S","N","F",NA,NA,NA,"HIGHGATE",NA,NA,"N6","F",236,11,19,7.1,447,170,"Poor","owner-occupied",51.578407,-0.150567,96,115,3,"highgate","Thames Water",63600,"Camden","tube",1,0,0,0.2976506,2719000,2727473.35239607,-8473.35239607235,0
"1087",1070,NA,NA,"F","N","L",NA,NA,NA,NA,NA,NA,"IG1","D",58.1,3,3.3,2.7,344,278,"Average","rental (private)",51.564976,0.079611,174,14,4,"ilford","Essex & Suffolk Water",49000,"Redbridge","rail",0,1,0,0.633828,249000,257486.757975141,-8486.75797514053,0
"1088",15593,NA,NA,"F","N","L",NA,NA,NA,NA,NA,NA,"SE6","D",30,2,2.1,1.4,409,280,"Very Poor","owner-occupied",51.441945,0.008515,57,33,3,"lee","Thames Water",48000,"Lewisham","rail",0,1,0,1.059487,223000,231500.624993355,-8500.62499335461,0
"1089",15292,NA,NA,"T","N","F",NA,NA,NA,NA,NA,NA,"SW19","E",139,7,7.8,3.9,259,121,"Average","owner-occupied",51.406999,-0.193738,129,18,3,"morden road","Thames Water",72900,"Merton","light_rail",0,0,1,0.2970292,890000,898591.432772116,-8591.43277211557,0
"1090",3602,NA,NA,"F","N","L",NA,NA,NA,NA,NA,NA,"SW18","B",59,3,1.5,1.5,155,156,"Average","owner-occupied",51.463968,-0.190871,78,8,2,"wandsworth town","Thames Water",75500,"Wandsworth","rail",0,1,0,0.2908152,462000,470643.537213477,-8643.53721347719,0
"1091",2146,NA,NA,"F","N","L",NA,NA,NA,NA,NA,NA,"SW16","D",71,3,3.4,1.9,268,155,"Good","rental (private)",51.42673,-0.14601,163,36,3,"streatham","Thames Water",59800,"Croydon","rail",0,1,0,0.9917544,413000,421887.53127866,-8887.53127866,0
"1092",3255,NA,NA,"T","N","F",NA,NA,NA,NA,NA,NA,"E15","D",80,4,3.4,1.8,241,121,"Average","owner-occupied",51.55442,-0.006455,153,9,3,"leyton","Thames Water",46700,"Newham","tube",1,0,0,0.391482,424000,433026.39272142,-9026.39272141975,0
"1093",7262,NA,NA,"S","N","F",NA,NA,NA,NA,NA,NA,"TW12","D",151,6,6.1,2.9,228,108,"Poor","owner-occupied",51.416469,-0.376967,76,20,6,"hampton","Thames Water",61900,"Richmond upon Thames","rail",0,1,0,0.2591238,986000,995034.854493889,-9034.85449388938,0
"1094",7087,NA,NA,"F","N","L",NA,NA,NA,NA,NA,NA,"N14","B",70.7,3,1.6,1.3,138,110,"Average","rental (private)",51.639922,-0.139426,64,83,4,"southgate","Thames Water",47600,"Enfield","tube",1,0,0,0.7817212,310000,319408.683083911,-9408.68308391108,0
"1095",9346,NA,NA,"F","N","L",NA,NA,NA,NA,NA,NA,"TW13","C",57.35,3,2.8,1.9,319,223,"Average","rental (private)",51.43713,-0.408851,64,16,6,"feltham","Affinity Water",53500,"Hounslow","rail",0,1,0,1.0924212,258000,267609.697661739,-9609.69766173873,0
"1096",8208,NA,NA,"D","N","F",NA,NA,NA,NA,NA,NA,"HA8","D",87,4,3.8,1.3,247,85,"Average","owner-occupied",51.627131,-0.265078,73,71,5,"edgware","Affinity Water",53800,"Barnet","tube",1,0,0,1.1825242,474000,484119.862091278,-10119.8620912778,0
"1097",219,NA,NA,"F","N","L",NA,NA,NA,NA,NA,NA,"CR0","C",67,3,2.9,2.8,245,235,"Average","rental (private)",51.365982,-0.114849,272,50,5,"waddon","Thames Water",47600,"Croydon","rail",0,1,0,0.5611242,233000,243394.6877273,-10394.6877273003,0
"1098",10078,NA,NA,"F","N","L",NA,NA,NA,NA,NA,NA,"N11","D",74.9,3,2,2,178,175,"Good","rental (private)",51.61777,-0.142066,60,59,4,"new southgate","Affinity Water",51100,"Barnet","rail",0,1,0,0.270309,328000,338431.280446245,-10431.2804462448,0
"1099",5906,NA,NA,"T","N","F",NA,NA,NA,NA,NA,NA,"TW12","C",77,5,2,0.9,148,62,"Average","owner-occupied",51.428386,-0.385593,75,19,6,"hampton","Thames Water",54700,"Richmond upon Thames","rail",0,1,0,1.2328576,425000,435731.267061343,-10731.2670613431,0
"1100",6342,NA,NA,"F","N","L",NA,NA,NA,NA,NA,NA,"E18","D",70.08,4,4.3,3.1,365,264,"Average","owner-occupied",51.58689,0.01685,48,35,4,"snaresbrook","Thames Water",55000,"Redbridge","tube",1,0,0,0.5008484,336000,347217.203440451,-11217.2034404506,0
"1101",9258,NA,NA,"S","N","F",NA,NA,NA,NA,NA,NA,"TW1","D",96,5,5,1.8,297,106,"Average","owner-occupied",51.437408,-0.331149,59,9,5,"strawberry hill","Thames Water",70300,"Richmond upon Thames","rail",0,1,0,0.6624124,758000,769277.423069479,-11277.4230694786,0
"1102",12805,NA,NA,"T","N","F",NA,NA,NA,NA,NA,NA,"SW19","D",75.8,5,4.6,3.8,361,300,"Poor","owner-occupied",51.424917,-0.187063,58,14,3,"haydons road","Thames Water",64700,"Merton","rail",0,1,0,0.3113214,678000,689708.779951339,-11708.7799513387,0
"1103",3022,NA,NA,"F","N","L",NA,NA,NA,"WALTHAMSTOW",NA,NA,"E17","D",51,3,2.9,2.3,322,254,"Good","owner-occupied",51.58593,-0.028836,105,20,3,"walthamstow queens road","Thames Water",50900,"Waltham Forest","light_rail",0,0,1,0.5138978,298000,309779.364094875,-11779.3640948748,0
"1104",5721,NA,NA,"T","N","F",NA,NA,NA,NA,NA,NA,"KT5","D",80,5,3.1,1.8,219,124,"Average","owner-occupied",51.381505,-0.276091,89,29,5,"tolworth","Thames Water",55400,"Kingston upon Thames","rail",0,1,0,0.43498,374000,385833.675066532,-11833.6750665325,0
"1105",4726,NA,NA,"T","N","F",NA,NA,NA,NA,NA,NA,"TW11","C",68,4,1.8,0.5,158,47,"Good","owner-occupied",51.429254,-0.336999,84,11,6,"teddington","Thames Water",64300,"Richmond upon Thames","rail",0,1,0,0.4200664,583000,595183.712347809,-12183.7123478095,0
"1106",11228,NA,NA,"F","N","L",NA,NA,NA,NA,NA,NA,"SM6","E",70,3,6.8,3.7,556,297,"Average","owner-occupied",51.350154,-0.148643,70,89,5,"wallington","SES Water",53000,"Sutton","rail",0,1,0,0.820248,280000,292201.299194219,-12201.2991942189,0
"1107",609,NA,NA,"T","N","F",NA,NA,NA,NA,NA,NA,"SE25","D",111,4,5.3,2.1,271,107,"Average","owner-occupied",51.392504,-0.068625,119,49,3,"woodside","Thames Water",50500,"Croydon","light_rail",0,0,1,0.4772352,482000,494458.631824662,-12458.6318246615,0
"1108",5574,NA,NA,"F","N","L",NA,NA,NA,NA,NA,NA,"EN3","C",29,2,1.3,0.9,245,166,"Good","owner-occupied",51.675854,-0.040077,127,19,6,"turkey street","Thames Water",46000,"Enfield","light_rail",0,0,1,0.4498936,172000,184476.624409303,-12476.6244093034,0
"1109",4692,NA,NA,"T","N","F",NA,NA,NA,NA,NA,NA,"SM4","E",104,5,5.6,2.2,303,117,"Average","owner-occupied",51.389475,-0.200307,136,34,4,"st helier","SES Water",46900,"Merton","rail",0,1,0,0.214383,455000,467515.193289477,-12515.1932894768,0
"1110",8108,NA,NA,"F","N","L",NA,NA,NA,NA,NA,NA,"HA1","D",60.341,3,3.7,2.5,366,251,"Average","rental (private)",51.590211,-0.34171,80,60,5,"harrow and wealdstone","Affinity Water",56000,"Brent","tube",2,1,1,0.5741736,298000,310624.521156527,-12624.5211565273,0
"1111",2389,NA,NA,"D","N","F",NA,NA,NA,NA,NA,NA,"CR8","D",170,7,8.3,5,277,166,"Average","owner-occupied",51.324466,-0.105587,48,110,6,"kenley","SES Water",60700,"Croydon","rail",0,1,0,0.242346,740000,752706.204305074,-12706.2043050739,0
"1112",13514,NA,NA,"F","N","L",NA,NA,NA,NA,NA,NA,"BR1","C",50,2,1.4,1.4,163,163,"Average","owner-occupied",51.411628,0.018057,101,68,4,"bromley north","Thames Water",56100,"Bromley","rail",0,1,0,0.2336464,250000,262952.565612702,-12952.5656127015,0
"1113",4173,NA,NA,"T","N","F",NA,NA,NA,NA,NA,NA,"KT3","D",86.48,5,5.3,4.2,275,218,"Good","owner-occupied",51.397559,-0.236345,92,18,4,"motspur park","Thames Water",67300,"Kingston upon Thames","rail",0,1,0,0.2870868,531000,543962.692272836,-12962.6922728362,0
"1114",3577,NA,NA,"T","N","F",NA,NA,NA,NA,NA,NA,"RM10","D",64,4,3.2,0.5,289,43,"Good","owner-occupied",51.531507,0.162574,91,3,5,"dagenham dock","Essex & Suffolk Water",42300,"Barking and Dagenham","rail",0,1,0,1.1893596,275000,288042.631223398,-13042.6312233978,0
"1115",15872,NA,NA,"T","N","F",NA,NA,NA,NA,NA,NA,"DA15","D",89,4,4.3,1.4,274,86,"Average","owner-occupied",51.43768,0.096427,76,36,5,"sidcup","Thames Water",48100,"Bexley","rail",0,1,0,0.5083052,336000,349134.339651072,-13134.3396510723,0
"1116",15782,NA,NA,"F","N","L",NA,NA,NA,NA,NA,NA,"E14","C",63.35,3,2.2,2.1,230,223,"Good","owner-occupied",51.510847,-0.000403,81,7,2,"east india","Thames Water",68500,"Tower Hamlets","light_rail",0,0,1,0.1280084,399000,412274.285248147,-13274.2852481465,0
"1117",2688,NA,NA,"F","N","L",NA,NA,NA,NA,NA,NA,"BR3","D",64,3,2.8,1.6,245,145,"Average","owner-occupied",51.415733,-0.029234,106,38,4,"beckenham junction","Thames Water",56300,"Bromley","light_rail",0,2,1,0.4710212,287000,300303.079614602,-13303.0796146021,0
"1118",8192,NA,NA,"F","N","L",NA,NA,NA,NA,NA,NA,"RM11","B",40,2,1.3,1.2,187,181,"Average","owner-occupied",51.563347,0.222546,67,27,6,"emerson park","Essex & Suffolk Water",43600,"Havering","light_rail",0,0,1,0.6189144,177000,190312.447806991,-13312.4478069913,0
"1119",14305,NA,NA,"T","N","F",NA,NA,NA,NA,NA,NA,"RM7","D",87,5,3.8,2,246,130,"Average","owner-occupied",51.595186,0.162174,123,26,6,"romford","Essex & Suffolk Water",48000,"Havering","light_rail",0,1,1,2.1338876,333000,346450.148014849,-13450.1480148486,0
"1120",4007,NA,NA,"S","N","F",NA,NA,NA,NA,NA,NA,"DA15","C",108,6,3.4,1.9,179,98,"Average","owner-occupied",51.435201,0.085207,124,41,4,"new eltham","Thames Water",59300,"Bexley","rail",0,1,0,0.8799024,516000,529617.929417606,-13617.9294176059,0
"1121",4127,NA,NA,"S","N","F",NA,NA,NA,NA,NA,NA,"RM11","F",86,5,6.8,2.6,472,183,"Average","owner-occupied",51.578047,0.21225,80,30,6,"gidea park","Essex & Suffolk Water",52600,"Havering","rail",0,1,0,0.6574412,402000,415697.979392209,-13697.9793922093,0
"1122",13801,NA,NA,"S","N","F",NA,NA,NA,NA,NA,NA,"NW9","D",80,4,4.5,1,318,71,"Average","owner-occupied",51.590664,-0.278276,44,50,4,"kingsbury","Affinity Water",50200,"Brent","tube",1,0,0,0.3834038,443000,456761.181850541,-13761.1818505406,0
"1123",3122,NA,NA,"S","N","F",NA,NA,NA,NA,NA,NA,"CR5","D",116,7,4.3,2.4,210,113,"Average","owner-occupied",51.303602,-0.120648,81,163,6,"coulsdon south","SES Water",53700,"Croydon","rail",0,1,0,1.3906932,475000,488963.397761117,-13963.397761117,0
"1124",4161,NA,NA,"F","N","L",NA,NA,NA,NA,NA,NA,"E5","E",68.95,3,5.3,4.9,511,474,"Very Poor","rental (private)",51.552215,-0.05457,98,21,2,"hackney central","Thames Water",52200,"Hackney","light_rail",0,0,1,0.4231734,510000,524089.820590566,-14089.8205905659,0
"1125",8049,NA,NA,"F","N","L",NA,NA,NA,NA,NA,NA,"SE26","C",47,2,1.2,1.2,141,141,"Average","owner-occupied",51.42704,-0.037983,91,35,4,"lower sydenham","Thames Water",43700,"Lewisham","rail",0,1,0,0.4697784,185000,199328.992994115,-14328.9929941148,0
"1126",15707,NA,NA,"S","N","F",NA,NA,NA,NA,NA,NA,"RM8","D",86,4,3.7,1.3,245,83,"Average","owner-occupied",51.556268,0.125462,75,11,5,"chadwell heath","Essex & Suffolk Water",40800,"Barking and Dagenham","rail",0,1,0,1.0831002,325000,339641.20310397,-14641.2031039703,0
"1127",8369,NA,NA,"F","N","L",NA,NA,NA,NA,NA,NA,"SW7","C",45,2,1.4,0.8,178,104,"Very Poor","owner-occupied",51.49355,-0.178973,10,13,1,"gloucester road","Thames Water",70100,"Kensington and Chelsea","tube",3,0,0,0.3840252,742000,756842.122143605,-14842.1221436046,0
"1128",3351,NA,NA,"T","N","F",NA,NA,NA,NA,NA,NA,"SW16","D",86,4,3,0.9,199,59,"Good","owner-occupied",51.418074,-0.139445,79,28,3,"streatham common","Thames Water",49300,"Croydon","rail",0,1,0,0.3921034,430000,444896.600444391,-14896.6004443906,0
"1129",14607,NA,NA,"D","N","F",NA,NA,NA,NA,NA,NA,"KT3","D",110,6,5.4,2.3,278,115,"Average","owner-occupied",51.390306,-0.260727,58,21,4,"malden manor","Thames Water",56700,"Kingston upon Thames","rail",0,1,0,0.487799,562000,576975.782482422,-14975.7824824216,0
"1130",2784,NA,NA,"T","N","F",NA,NA,NA,NA,NA,NA,"EN1","C",106,6,3.4,1.7,184,90,"Good","owner-occupied",51.640527,-0.069595,67,23,5,"bush hill park","Thames Water",56700,"Enfield","light_rail",0,0,1,0.2131402,557000,572054.305486389,-15054.305486389,0
"1131",11112,NA,NA,"D","N","F",NA,NA,NA,NA,NA,NA,"UB5","C",99,5,3,1.5,173,86,"Good","owner-occupied",51.553653,-0.373503,31,49,5,"northolt","Affinity Water",45700,"Ealing","tube",1,0,0,0.6406634,430000,445162.337730596,-15162.3377305963,0
"1132",13021,NA,NA,"S","N","F",NA,NA,NA,NA,NA,NA,"RM1","D",64,4,3.5,0.9,309,76,"Average","owner-occupied",51.590829,0.179898,86,32,6,"romford","Essex & Suffolk Water",49800,"Havering","light_rail",0,1,1,1.388829,335000,350387.412433841,-15387.4124338406,0
"1133",14708,NA,NA,"S","N","F",NA,NA,NA,NA,NA,NA,"BR6","E",97,5,8.5,3.7,433,169,"Good","owner-occupied",51.368799,0.084559,50,81,6,"orpington","Thames Water",66900,"Bromley","rail",0,1,0,0.5890872,521000,536389.356608222,-15389.3566082225,0
"1134",13601,NA,NA,"S","N","F",NA,NA,NA,NA,NA,NA,"BR7","E",71,3,4.8,1.2,380,93,"Average","owner-occupied",51.425125,0.060482,32,80,4,"elmstead woods","Thames Water",55000,"Bromley","rail",0,1,0,1.295619,390000,405548.053411482,-15548.0534114816,0
"1135",1668,NA,NA,"F","N","L",NA,NA,NA,NA,NA,NA,"NW3","C",66,3,2.7,1.4,231,117,"Poor","owner-occupied",51.548131,-0.159828,46,59,2,"belsize park","Thames Water",55700,"Camden","tube",1,0,0,0.2995148,579000,594572.356273183,-15572.356273183,0
"1136",7301,NA,NA,"T","N","F",NA,NA,NA,NA,NA,NA,"RM12","D",75,4,3.3,1.8,249,134,"Average","owner-occupied",51.544774,0.204566,79,12,6,"elm park","Essex & Suffolk Water",48200,"Havering","tube",1,0,0,0.6232642,320000,335650.068511802,-15650.0685118021,0
"1137",14622,NA,NA,"S","N","F",NA,NA,NA,NA,NA,NA,"TW8","D",74,6,3.1,1,243,77,"Average","owner-occupied",51.493463,-0.299616,43,13,3,"kew bridge","Thames Water",50200,"Hounslow","rail",0,1,0,0.5549102,501000,516692.120485616,-15692.1204856156,0
"1138",8312,NA,NA,"S","N","F",NA,NA,NA,NA,NA,NA,"RM11","E",118,5,6.1,1.5,324,85,"Average","owner-occupied",51.572926,0.21675,101,31,6,"emerson park","Essex & Suffolk Water",54000,"Havering","light_rail",0,0,1,0.2933008,5e+05,515699.452844744,-15699.4528447441,0
"1139",10090,NA,NA,"F","N","L",NA,NA,NA,NA,NA,NA,"RM3","D",69,4,4.2,3.3,346,266,"Average","owner-occupied",51.610902,0.225864,30,44,6,"harold wood","Essex & Suffolk Water",41500,"Havering","rail",0,1,0,1.4484834,237000,252747.045188564,-15747.0451885638,0
"1140",3822,NA,NA,"T","N","F",NA,NA,NA,NA,NA,NA,"RM9","D",72,5,2.8,0.8,222,59,"Average","owner-occupied",51.54602,0.145479,99,9,5,"dagenham heathway","Essex & Suffolk Water",39900,"Barking and Dagenham","tube",1,0,0,0.5269472,291000,306832.205447818,-15832.2054478182,0
"1141",9727,NA,NA,"F","N","L",NA,NA,NA,NA,NA,NA,"SW11","D",51,3,2.8,1.1,307,123,"Average","rental (private)",51.465247,-0.178785,99,7,2,"clapham junction","Thames Water",47000,"Wandsworth","light_rail",0,1,1,0.6158074,329000,344886.354438315,-15886.3544383153,0
"1142",4229,NA,NA,"T","N","F",NA,NA,NA,NA,NA,NA,"DA17","E",110,5,5.9,2.8,304,141,"Average","owner-occupied",51.490297,0.153018,97,18,5,"belvedere","Thames Water",45700,"Bexley","rail",0,1,0,0.3063502,378000,393976.193228714,-15976.1932287139,0
"1143",9888,NA,NA,"T","N","F",NA,NA,NA,NA,NA,NA,"IG6","C",103,5,3.1,1.6,173,84,"Average","owner-occupied",51.608568,0.102573,135,42,4,"hainault","Thames Water",41800,"Redbridge","tube",1,0,0,0.6257498,391000,407100.615482555,-16100.6154825552,0
"1144",12212,NA,NA,"T","N","F",NA,NA,NA,NA,NA,NA,"DA5","E",111,5,5.8,2.2,299,110,"Average","owner-occupied",51.447,0.135135,87,26,6,"bexley","Thames Water",54000,"Bexley","rail",0,1,0,0.8469682,433000,449125.211421127,-16125.211421127,0
"1145",3311,NA,NA,"F","N","L",NA,NA,NA,NA,NA,NA,"DA8","D",59.88,3,3.9,3.6,429,400,"Very Poor","owner-occupied",51.487445,0.174072,126,5,6,"erith","Thames Water",45100,"Bexley","rail",0,1,0,1.012882,222000,238127.357539167,-16127.3575391674,0
"1146",11098,NA,NA,"F","N","L",NA,NA,NA,NA,NA,NA,"N1","C",44.59,2,1.7,1.3,236,179,"Average","owner-occupied",51.547923,-0.080036,206,22,2,"dalston kingsland","Thames Water",49000,"Islington","light_rail",0,0,1,0.2752802,324000,340143.838168664,-16143.8381686637,0
"1147",15271,NA,NA,"F","N","L",NA,NA,NA,NA,NA,NA,"N3","D",50.9,3,2.9,1.6,342,193,"Very Poor","rental (private)",51.60904,-0.191641,29,78,4,"west finchley","Affinity Water",60600,"Barnet","tube",1,0,0,0.1528644,343000,359189.312398653,-16189.3123986526,0
"1148",13137,NA,NA,"F","N","L",NA,NA,NA,NA,NA,NA,"EN1","D",32,1,1.7,1.1,306,189,"Average","owner-occupied",51.64545,-0.067116,98,23,5,"bush hill park","Thames Water",49900,"Enfield","light_rail",0,0,1,0.2933008,190000,206217.619793811,-16217.619793811,0
"1149",4278,NA,NA,"T","N","F",NA,NA,NA,NA,NA,NA,"CR2","D",68,4,3.4,1.5,284,123,"Average","rental (private)",51.358038,-0.092941,68,65,5,"south croydon","Thames Water",61500,"Croydon","rail",0,1,0,0.46605,339000,355286.838781103,-16286.8387811028,0
"1150",10633,NA,NA,"T","N","F",NA,NA,NA,NA,NA,NA,"BR3","D",81,4,3.5,0.9,226,56,"Good","owner-occupied",51.404871,-0.052993,81,42,4,"birkbeck","Thames Water",61300,"Bromley","light_rail",0,1,1,0.2255682,415000,431306.887713164,-16306.8877131638,0
"1151",8998,NA,NA,"T","N","F",NA,NA,NA,NA,NA,NA,"KT3","E",86,5,5.2,1.8,342,118,"Very Poor","owner-occupied",51.394747,-0.237157,75,19,4,"motspur park","Thames Water",67300,"Kingston upon Thames","rail",0,1,0,0.1777204,537000,553474.188625899,-16474.1886258995,0
"1152",8506,NA,NA,"F","N","L",NA,NA,NA,NA,NA,NA,"DA8","D",64,3,3.2,2,282,171,"Good","owner-occupied",51.468518,0.178226,103,24,6,"slade green","Thames Water",44900,"Bexley","rail",0,1,0,0.7655648,210000,226574.143077126,-16574.1430771261,0
"1153",8840,NA,NA,"F","N","L",NA,NA,NA,NA,NA,NA,"W2","C",44,2,1.5,0.9,191,113,"Very Poor","rental (social)",51.519176,-0.187589,254,29,2,"royal oak","Thames Water",56500,"Westminster","tube",2,0,0,0.1000454,529000,545576.489439219,-16576.4894392185,0
"1154",12908,NA,NA,"F","N","L",NA,NA,NA,NA,NA,NA,"IG8","C",78,4,2.2,1.5,148,102,"Good","owner-occupied",51.614552,0.021612,57,72,4,"woodford","Thames Water",59400,"Redbridge","tube",1,0,0,0.857532,356000,372581.221928202,-16581.2219282016,0
"1155",3014,NA,NA,"S","N","F",NA,NA,NA,NA,NA,NA,"CR5","D",110.44,6,4.5,4.4,212,209,"Average","owner-occupied",51.315728,-0.151378,162,126,6,"woodmansterne","SES Water",63300,"Croydon","rail",0,1,0,0.565474,523000,539694.433912036,-16694.4339120362,0
"1156",5239,NA,NA,"F","N","L",NA,NA,NA,NA,NA,NA,"IG5","D",61,3,2.9,1.4,266,126,"Average","owner-occupied",51.597963,0.072396,39,37,4,"fairlop","Thames Water",43600,"Redbridge","tube",1,0,0,0.9780836,242000,258714.140759554,-16714.1407595541,0
"1157",2334,NA,NA,"S","N","F",NA,NA,NA,NA,NA,NA,"RM12","D",78,4,4.1,1.3,302,95,"Average","owner-occupied",51.549788,0.220849,93,15,6,"hornchurch","Essex & Suffolk Water",51000,"Havering","tube",1,0,0,0.4685356,354000,370724.748817033,-16724.7488170327,0
"1158",9098,NA,NA,"T","N","F",NA,NA,NA,NA,NA,NA,"RM1","D",79.08,3,4.4,3.7,379,319,"Average","owner-occupied",51.582187,0.179441,81,19,6,"romford","Essex & Suffolk Water",43400,"Havering","light_rail",0,1,1,0.6903754,303000,319902.135675339,-16902.1356753387,0
"1159",12204,NA,NA,"F","N","L",NA,NA,NA,NA,NA,NA,"KT6","D",51.42,3,3.5,3.5,409,400,"Very Poor","owner-occupied",51.389022,-0.297647,76,35,6,"surbiton","Thames Water",57900,"Kingston upon Thames","rail",0,1,0,0.5884658,281000,298210.872976946,-17210.8729769463,0
"1160",15393,NA,NA,"T","N","F",NA,NA,NA,NA,NA,NA,"E11","D",100,4,5,1.7,284,95,"Average","owner-occupied",51.563898,0.011995,95,23,3,"leytonstone high road","Thames Water",49800,"Redbridge","light_rail",0,0,1,0.211276,550000,567490.450250387,-17490.450250387,0
"1161",15777,NA,NA,"T","N","F",NA,NA,NA,NA,NA,NA,"CR4","D",80,5,3.4,0.8,243,57,"Good","owner-occupied",51.406695,-0.152313,84,25,3,"mitcham eastfields","Thames Water",48500,"Merton","rail",0,1,0,0.21749,410000,427510.474751583,-17510.4747515832,0
"1162",13556,NA,NA,"T","N","F",NA,NA,NA,NA,NA,NA,"E16","D",75,4,3,1.3,229,93,"Average","owner-occupied",51.513603,0.037478,47,3,3,"prince regent","Thames Water",41200,"Newham","light_rail",0,0,1,0.4946344,349000,366759.592765552,-17759.5927655522,0
"1163",3559,NA,NA,"S","N","F",NA,NA,NA,NA,NA,NA,"HA0","D",110,7,4.3,1.6,224,83,"Good","owner-occupied",51.570358,-0.312837,83,49,4,"south kenton","Affinity Water",61900,"Brent","tube",2,0,1,0.335556,646000,663914.175472772,-17914.175472772,0
"1164",11462,NA,NA,"T","N","F",NA,NA,NA,NA,NA,NA,"IG2","D",112,5,4.4,1.5,224,73,"Average","owner-occupied",51.577164,0.074365,65,24,4,"gants hill","Essex & Suffolk Water",55100,"Redbridge","tube",1,0,0,0.4200664,479000,497034.20996238,-18034.2099623804,0
"1165",4652,NA,NA,"F","N","L",NA,NA,NA,NA,NA,NA,"SE9","C",62,3,2,1.7,170,142,"Good","owner-occupied",51.429582,0.059689,56,76,4,"new eltham","Thames Water",50600,"Greenwich","rail",0,1,0,1.0632154,251000,269044.164891058,-18044.1648910582,0
"1166",10925,NA,NA,"F","N","L",NA,NA,NA,NA,NA,NA,"SE9","C",55.17,3,2.3,2.2,276,263,"Average","owner-occupied",51.445876,0.06337,49,50,4,"new eltham","Thames Water",52800,"Greenwich","rail",0,1,0,0.7251738,246000,264079.825572433,-18079.8255724332,0
"1167",5305,NA,NA,"S","N","F",NA,NA,NA,NA,NA,NA,"NW7","D",114,5,4.4,1.9,221,95,"Average","owner-occupied",51.624729,-0.253892,73,85,4,"mill hill broadway","Affinity Water",53800,"Barnet","rail",0,1,0,0.8954374,589000,607376.196562262,-18376.1965622624,0
"1168",8500,NA,NA,"F","N","L",NA,NA,NA,NA,NA,NA,"SE2","C",52,2,1.8,1.4,197,148,"Average","owner-occupied",51.491354,0.111724,97,1,4,"abbey wood","Thames Water",41900,"Greenwich","rail",0,1,0,0.4772352,191000,209435.250706099,-18435.2507060992,0
"1169",7774,NA,NA,"T","N","F",NA,NA,NA,NA,NA,NA,"SE2","C",93,4,3.1,1.2,189,73,"Average","rental (social)",51.496071,0.116941,65,1,4,"abbey wood","Thames Water",41900,"Greenwich","rail",0,1,0,0.8817666,313000,331523.137917684,-18523.1379176842,0
"1170",11560,NA,NA,"F","N","L",NA,NA,NA,NA,NA,NA,"W3","C",44,2,1.5,1.1,183,135,"Average","rental (private)",51.512609,-0.266535,120,32,2,"acton central","Thames Water",48500,"Ealing","light_rail",0,0,1,0.3548194,291000,309658.16563722,-18658.1656372197,0
"1171",11394,NA,NA,"F","N","L",NA,NA,NA,NA,NA,NA,"UB5","D",42,2,2.1,1.1,266,140,"Average","owner-occupied",51.539562,-0.37415,101,35,5,"northolt","Affinity Water",44800,"Ealing","tube",1,0,0,1.0141248,189000,207691.907847419,-18691.9078474187,0
"1172",5067,NA,NA,"T","N","F",NA,NA,NA,NA,NA,NA,"CR0","E",78,4,5.6,2,412,142,"Very Poor","owner-occupied",51.361366,-0.107972,97,61,5,"waddon","Thames Water",47600,"Croydon","rail",0,1,0,0.7897994,343000,361969.229961217,-18969.2299612166,0
"1173",550,NA,NA,"F","N","L",NA,NA,NA,NA,NA,NA,"W3","D",43.26,2,3.6,3.6,470,464,"Average","rental (private)",51.516449,-0.268998,11,31,3,"acton main line","Thames Water",51800,"Ealing","rail",0,1,0,0.111852,267000,286121.717239422,-19121.7172394223,0
"1174",11161,NA,NA,"F","N","L",NA,NA,NA,NA,NA,NA,"HA2","D",78,4,3.1,2.1,226,150,"Average","owner-occupied",51.569673,-0.357709,73,53,5,"south harrow","Affinity Water",54500,"Harrow","tube",1,0,0,0.4393298,311000,330199.272940997,-19199.272940997,0
"1175",7223,NA,NA,"T","N","L",NA,NA,NA,"BAYSWATER",NA,NA,"W2","D",74,4,3.3,1.7,249,134,"Poor","owner-occupied",51.518222,-0.189861,200,31,2,"royal oak","Thames Water",56500,"Westminster","tube",2,0,0,0.1354652,804000,823332.727354532,-19332.7273545319,0
"1176",10025,NA,NA,"T","N","F",NA,NA,NA,NA,NA,NA,"SE9","D",69,3,3.2,1.5,264,122,"Average","owner-occupied",51.460607,0.042746,94,35,4,"eltham","Thames Water",47900,"Greenwich","rail",0,1,0,0.7655648,318000,337421.582778441,-19421.5827784415,0
"1177",2514,NA,NA,"F","N","L",NA,NA,NA,NA,NA,NA,"SW4","D",48.8,2,2.9,1.8,354,222,"Very Poor","owner-occupied",51.457693,-0.142121,69,29,2,"clapham south","Thames Water",71500,"Lambeth","tube",1,0,0,0.4182022,450000,469663.632407952,-19663.6324079524,0
"1178",10465,NA,NA,"S","N","F",NA,NA,NA,NA,NA,NA,"SW18","D",156,7,6.5,3.5,235,124,"Good","owner-occupied",51.445372,-0.178137,89,26,3,"earlsfield","Thames Water",62700,"Wandsworth","rail",0,1,0,0.525083,1151000,1170726.35139896,-19726.3513989616,0
"1179",785,NA,NA,"F","N","L",NA,NA,NA,NA,NA,NA,"SE6","E",77,3,5,2,336,132,"Poor","rental (private)",51.441913,-0.02297,163,18,3,"catford bridge","Thames Water",48200,"Lewisham","rail",0,1,0,0.4020458,357000,376996.132598154,-19996.1325981541,0
"1180",9847,NA,NA,"S","N","F",NA,NA,NA,NA,NA,NA,"DA7","D",110,5,3.7,1.8,190,94,"Average","owner-occupied",51.475206,0.131902,93,53,5,"bexleyheath","Thames Water",57600,"Bexley","rail",0,1,0,0.9712482,481000,500996.517725426,-19996.517725426,0
"1181",13132,NA,NA,"F","N","L",NA,NA,NA,NA,NA,NA,"E4","D",45,1,2.3,1.1,264,131,"Average","rental (private)",51.609635,-0.019259,218,14,4,"highams park","Thames Water",46900,"Waltham Forest","light_rail",0,0,1,1.068808,199000,219011.516704053,-20011.5167040534,0
"1182",518,NA,NA,"T","N","F",NA,NA,NA,NA,NA,NA,"E15","C",71.28,4,2.7,2.7,200,196,"Average","rental (private)",51.546856,0.00993,144,12,3,"maryland","Thames Water",50200,"Newham","rail",0,1,0,0.2280538,411000,431080.805951849,-20080.805951849,0
"1183",628,NA,NA,"T","N","F",NA,NA,NA,NA,NA,NA,"BR3","D",98,5,4,0.8,232,47,"Good","owner-occupied",51.394314,-0.033073,89,45,5,"eden park","Thames Water",58300,"Bromley","rail",0,1,0,0.5462106,480000,500131.438696462,-20131.438696462,0
"1184",3126,NA,NA,"S","N","F",NA,NA,NA,NA,NA,NA,"N12","F",135,5,10,2.6,417,106,"Average","owner-occupied",51.617253,-0.195558,37,77,4,"woodside park","Affinity Water",65800,"Barnet","tube",1,0,0,0.6704906,917000,937242.201573038,-20242.2015730378,0
"1185",7017,NA,NA,"T","N","F",NA,NA,NA,NA,NA,NA,"BR6","D",76,5,3,1,228,72,"Average","owner-occupied",51.373418,0.114856,76,81,6,"orpington","Thames Water",55700,"Bromley","rail",0,1,0,1.382615,348000,368271.905317549,-20271.9053175489,0
"1186",3534,NA,NA,"F","N","L",NA,NA,NA,NA,NA,NA,"E8","D",93,4,4.6,1.5,278,87,"Good","owner-occupied",51.552649,-0.071038,123,26,2,"dalston kingsland","Thames Water",52000,"Hackney","light_rail",0,0,1,0.456729,589000,609533.760088378,-20533.7600883779,0
"1187",9297,NA,NA,"F","N","L",NA,NA,NA,NA,NA,NA,"UB3","C",49,2,1.1,1,129,113,"Good","owner-occupied",51.505567,-0.421102,101,36,5,"hayes and harlington","Affinity Water",51600,"Hillingdon","rail",0,1,0,0.1410578,193000,213601.348181693,-20601.3481816933,0
"1188",10721,NA,NA,"S","N","F",NA,NA,NA,NA,NA,NA,"HA2","D",74,5,3.5,1.2,256,80,"Average","owner-occupied",51.559214,-0.374416,73,39,5,"northolt park","Affinity Water",52200,"Harrow","rail",0,1,0,0.7655648,379000,399635.752112853,-20635.7521128533,0
"1189",12264,NA,NA,"T","N","F",NA,NA,NA,NA,NA,NA,"SM5","D",67,4,3.4,0.9,291,75,"Average","owner-occupied",51.368838,-0.16964,104,38,5,"carshalton","SES Water",65400,"Sutton","rail",0,1,0,0.208169,410000,430666.88685723,-20666.8868572296,0
"1190",7175,NA,NA,"T","N","F",NA,NA,NA,NA,NA,NA,"EN5","D",78,5,3.4,1.7,228,111,"Good","owner-occupied",51.64869,-0.217379,63,99,5,"high barnet","Affinity Water",58000,"Barnet","tube",1,0,0,1.320475,467000,487822.776569445,-20822.776569445,0
"1191",211,NA,NA,"D","N","F",NA,NA,NA,NA,NA,NA,"RM5","E",57,3,2.7,1.2,232,86,"Average","rental (private)",51.593897,0.166733,21,30,6,"romford","Essex & Suffolk Water",48000,"Havering","light_rail",0,1,1,1.6330392,304000,324985.664118406,-20985.6641184063,0
"1192",3757,NA,NA,"S","N","F",NA,NA,NA,NA,NA,NA,"CR5","D",83,5,4.7,1.6,322,109,"Average","owner-occupied",51.316382,-0.156891,80,117,6,"woodmansterne","SES Water",63300,"Croydon","rail",0,1,0,0.5909514,415000,436112.99751001,-21112.9975100104,0
"1193",13911,NA,NA,"F","N","L",NA,NA,NA,NA,NA,NA,"NW1","C",36,2,1.6,0.9,251,137,"Very Poor","owner-occupied",51.539583,-0.138976,54,29,2,"camden town","Thames Water",48500,"Camden","tube",1,0,0,0.3622762,383000,404191.534754988,-21191.5347549876,0
"1194",15098,NA,NA,"F","N","L",NA,NA,NA,NA,NA,NA,"RM3","D",43,2,2.5,1.2,324,163,"Average","owner-occupied",51.60611,0.220546,18,51,6,"harold wood","Essex & Suffolk Water",36500,"Havering","rail",0,1,0,1.2763556,168000,189259.403091589,-21259.4030915892,0
"1195",15931,NA,NA,"S","N","F",NA,NA,NA,NA,NA,NA,"HA7","D",81,5,4.8,1.7,334,117,"Average","owner-occupied",51.598611,-0.306578,91,50,5,"canons park","Affinity Water",56200,"Harrow","tube",1,0,0,1.1918452,483000,504280.950486606,-21280.9504866065,0
"1196",5504,NA,NA,"F","N","L",NA,NA,NA,NA,NA,NA,"E9","D",52,2,2.1,1.4,226,149,"Average","owner-occupied",51.549195,-0.046521,88,18,2,"homerton","Thames Water",43000,"Hackney","light_rail",0,0,1,0.5493176,324000,345423.347303167,-21423.3473031666,0
"1197",14964,NA,NA,"T","N","F",NA,NA,NA,NA,NA,NA,"SE18","E",163,7,8.6,4.3,298,149,"Average","owner-occupied",51.478142,0.066944,129,75,4,"woolwich arsenal","Thames Water",58800,"Greenwich","light_rail",0,1,1,1.0476804,703000,724544.857730823,-21544.8577308229,0
"1198",14614,NA,NA,"S","N","F",NA,NA,NA,NA,NA,NA,"E17","D",70,5,3.4,0.7,280,58,"Poor","rental (private)",51.581271,-0.002162,23,25,4,"wood street","Thames Water",50300,"Waltham Forest","light_rail",0,0,1,0.5244616,422000,443739.087936826,-21739.0879368261,0
"1199",721,NA,NA,"T","N","F",NA,NA,NA,NA,NA,NA,"E7","C",202,8,5.6,3.1,158,86,"Average","rental (private)",51.546692,0.027331,166,12,3,"forest gate","Thames Water",43300,"Newham","rail",0,1,0,0.410124,839000,861402.41793789,-22402.4179378902,0
"1200",10594,NA,NA,"F","N","L",NA,NA,NA,NA,NA,NA,"SW17","C",67.62,4,2.6,2,235,175,"Average","owner-occupied",51.427148,-0.172058,95,20,3,"tooting broadway","Thames Water",51300,"Wandsworth","tube",1,0,0,0.251667,357000,379418.641929166,-22418.6419291659,0
"1201",11981,NA,NA,"T","N","F",NA,NA,NA,"CHEAM",NA,NA,"SM3","C",55,4,1.6,0.2,156,13,"Good","owner-occupied",51.37132,-0.21392,87,31,5,"west sutton","SES Water",58300,"Sutton","rail",0,1,0,0.6972108,330000,352550.988621771,-22550.9886217712,0
"1202",1034,NA,NA,"T","N","F",NA,NA,NA,NA,NA,NA,"RM14","D",83,4,4.4,0.8,298,53,"Average","owner-occupied",51.571086,0.268671,88,27,6,"upminster","Essex & Suffolk Water",48100,"Havering","tube",1,0,1,1.5168374,335000,357575.415203382,-22575.4152033823,0
"1203",2352,NA,NA,"F","N","L",NA,NA,NA,NA,NA,NA,"E5","C",64,3,1.7,1.7,157,158,"Good","rental (private)",51.564743,-0.048697,NA,9,2,"clapton","Thames Water",44600,"Hackney","light_rail",0,0,1,0.4399512,342000,364633.323313181,-22633.3233131815,0
"1204",7670,NA,NA,"S","N","F",NA,NA,NA,NA,NA,NA,"TW3","D",88,4,3.5,1.3,224,83,"Average","owner-occupied",51.459482,-0.359061,106,19,5,"hounslow","Thames Water",57400,"Hounslow","rail",0,1,0,0.5238402,462000,484761.320410615,-22761.3204106148,0
"1205",2454,NA,NA,"T","N","F",NA,NA,NA,NA,NA,NA,"HA9","D",100,4,4.1,1.5,233,85,"Poor","owner-occupied",51.57229,-0.286662,118,49,4,"preston road","Affinity Water",47800,"Brent","tube",1,0,0,0.4306302,502000,524834.515468651,-22834.5154686513,0
"1206",11414,NA,NA,"F","N","L",NA,NA,NA,NA,NA,NA,"CR4","C",47,3,1.7,1.2,203,149,"Very Poor","rental (private)",51.412596,-0.171315,170,18,3,"colliers wood","Thames Water",52500,"Merton","tube",1,0,0,0.817141,275000,297892.159704311,-22892.1597043112,0
"1207",14205,NA,NA,"F","N","L",NA,NA,NA,NA,NA,NA,"SE4","D",62,2,3.3,2.7,302,249,"Average","owner-occupied",51.461978,-0.031072,155,35,2,"brockley","Thames Water",60400,"Lewisham","light_rail",0,1,1,0.5431036,392000,415136.399766813,-23136.3997668129,0
"1208",755,NA,NA,"S","N","F",NA,NA,NA,NA,NA,NA,"TW4","E",102,5,5.5,2.7,307,149,"Good","owner-occupied",51.465258,-0.377987,60,25,4,"hounslow central","Thames Water",51700,"Hounslow","tube",1,0,0,0.8643674,475000,498331.68068608,-23331.6806860797,0
"1209",6191,NA,NA,"T","N","F",NA,NA,NA,NA,NA,NA,"E18","D",92,5,3.3,1.2,207,70,"Very Poor","owner-occupied",51.59705,0.033616,65,20,4,"south woodford","Thames Water",54400,"Redbridge","tube",1,0,0,0.4374656,462000,485704.905595206,-23704.9055952062,0
"1210",15060,NA,NA,"F","N","L",NA,NA,NA,NA,NA,NA,"SE22","D",58,4,3,1.5,294,148,"Very Poor","owner-occupied",51.460924,-0.069927,169,28,2,"east dulwich","Thames Water",62600,"Southwark","rail",0,1,0,0.6387992,411000,434828.40191035,-23828.4019103504,0
"1211",10489,NA,NA,"S","N","F",NA,NA,NA,NA,NA,NA,"SE6","D",109,5,4.6,1.6,221,74,"Good","owner-occupied",51.440415,-0.030086,48,23,3,"catford","Thames Water",45100,"Lewisham","rail",0,1,0,0.4045314,491000,514858.090253547,-23858.0902535468,0
"1212",5912,NA,NA,"T","N","F",NA,NA,NA,NA,NA,NA,"E16","D",87,4,4.3,0.9,280,55,"Average","owner-occupied",51.519057,0.016374,19,2,3,"canning town","Thames Water",40200,"Newham","tube",1,0,1,0.695968,390000,413864.434433339,-23864.4344333387,0
"1213",1672,NA,NA,"T","N","F",NA,NA,NA,"WALTHAMSTOW",NA,NA,"E17","D",89,4,4,1.7,240,100,"Average","owner-occupied",51.576238,-0.03217,147,9,3,"st james street","Thames Water",48100,"Waltham Forest","light_rail",0,0,1,0.5629884,453000,476884.984762433,-23884.9847624326,0
"1214",6022,NA,NA,"F","N","L",NA,NA,NA,NA,NA,NA,"SE10","C",39,2,1.5,1.4,211,197,"Average","owner-occupied",51.474062,-0.018113,81,10,2,"deptford bridge","Thames Water",61400,"Greenwich","light_rail",0,0,1,0.2031978,322000,346080.663130132,-24080.6631301319,0
"1215",5467,NA,NA,"S","N","F",NA,NA,NA,NA,NA,NA,"SM5","D",98,6,4,1.9,234,107,"Average","owner-occupied",51.377813,-0.162184,59,28,4,"hackbridge","SES Water",57800,"Sutton","rail",0,1,0,0.5101694,493000,517097.815183633,-24097.8151836331,0
"1216",4394,NA,NA,"T","N","F",NA,NA,NA,NA,NA,NA,"BR1","E",88,4,4.8,2.1,286,125,"Average","owner-occupied",51.402224,0.034522,64,58,5,"bickley","Thames Water",62900,"Bromley","rail",0,1,0,0.5617456,420000,444321.13052899,-24321.1305289899,0
"1217",5188,NA,NA,"F","N","L",NA,NA,NA,NA,NA,NA,"TW11","E",83,4,6.4,2.2,366,133,"Poor","owner-occupied",51.428733,-0.326956,47,11,6,"teddington","Thames Water",71700,"Richmond upon Thames","rail",0,1,0,0.462943,564000,588563.407738714,-24563.4077387142,0
"1218",7663,NA,NA,"S","N","F",NA,NA,NA,"LEYTON",NA,NA,"E10","D",86,4,3.1,1.8,203,120,"Average","owner-occupied",51.563014,-0.007868,181,15,3,"leyton","Thames Water",53300,"Waltham Forest","tube",1,0,0,0.3802968,506000,530593.758253893,-24593.7582538931,0
"1219",14044,NA,NA,"T","N","F",NA,NA,NA,NA,NA,NA,"SW11","C",132,6,3.5,1.9,152,78,"Poor","owner-occupied",51.470091,-0.169982,99,6,2,"clapham junction","Thames Water",73000,"Wandsworth","light_rail",0,1,1,0.5319184,1190000,1214694.75824983,-24694.7582498293,0
"1220",1631,NA,NA,"T","N","F",NA,NA,NA,NA,NA,NA,"SW16","D",93,5,4,1.4,228,78,"Poor","owner-occupied",51.411205,-0.128793,39,36,3,"norbury","Thames Water",53100,"Croydon","rail",0,1,0,0.3367988,495000,519695.74923124,-24695.7492312402,0
"1221",5384,NA,NA,"F","N","L",NA,NA,NA,NA,NA,NA,"BR2","C",47,2,2.4,2.1,303,267,"Good","owner-occupied",51.378348,0.016852,31,72,5,"hayes","Thames Water",61600,"Bromley","rail",0,1,0,0.444301,205000,229916.010533882,-24916.0105338821,0
"1222",9641,NA,NA,"S","N","F",NA,NA,NA,NA,NA,NA,"HA1","D",128,6,5.4,1.3,238,56,"Good","owner-occupied",51.586974,-0.347472,71,63,5,"west harrow","Affinity Water",60000,"Brent","tube",1,0,0,0.7817212,671000,695927.36890527,-24927.3689052697,0
"1223",11199,NA,NA,"F","N","L",NA,NA,NA,NA,NA,NA,"E3","D",50.4,2,3.1,2.4,371,282,"Average","rental (private)",51.532952,-0.034038,68,15,2,"mile end","Thames Water",55500,"Tower Hamlets","tube",2,0,0,0.7786142,372000,396959.048510702,-24959.0485107019,0
"1224",3143,NA,NA,"T","N","F",NA,NA,NA,"CHEAM",NA,NA,"SM3","C",71,4,2,0.7,161,53,"Poor","owner-occupied",51.37132,-0.21392,87,31,5,"west sutton","SES Water",58300,"Sutton","rail",0,1,0,0.6972108,398000,423153.513200496,-25153.5132004961,0
"1225",7011,NA,NA,"T","N","F",NA,NA,NA,NA,NA,NA,"IG6","D",88,4,4.4,3.2,301,218,"Average","owner-occupied",51.608134,0.104213,90,42,4,"hainault","Thames Water",41800,"Redbridge","tube",1,0,0,0.6127004,329000,354187.532845153,-25187.5328451532,0
"1226",10820,NA,NA,"T","N","F",NA,NA,NA,NA,NA,NA,"UB5","D",98,5,5,1.3,288,74,"Average","owner-occupied",51.550228,-0.355539,104,40,5,"northolt","Affinity Water",53500,"Ealing","tube",1,0,0,0.7214454,461000,486227.502429252,-25227.5024292519,0
"1227",10467,NA,NA,"T","N","F",NA,NA,NA,NA,NA,NA,"SE18","E",74.98,5,6.3,4.5,498,355,"Good","owner-occupied",51.49,0.08991,41,5,4,"plumstead","Thames Water",43900,"Greenwich","rail",0,1,0,0.3423914,296000,321484.861702232,-25484.8617022322,0
"1228",3742,NA,NA,"F","N","L",NA,NA,NA,NA,NA,NA,"E3","C",63,3,1.8,2,174,186,"Average","rental (private)",51.525181,-0.008771,146,6,2,"bromley-by-bow","Thames Water",48300,"Tower Hamlets","tube",2,0,0,0.21749,311000,336914.018589641,-25914.0185896414,0
"1229",5153,NA,NA,"F","N","L",NA,NA,NA,NA,NA,NA,"EN4","C",69,3,2.5,1.7,207,138,"Average","owner-occupied",51.647118,-0.163545,10,52,5,"new barnet","Affinity Water",55500,"Barnet","rail",0,1,0,0.6108362,333000,358950.036688173,-25950.0366881731,0
"1230",9790,NA,NA,"F","N","L",NA,NA,NA,NA,NA,NA,"CR7","C",70.16,3,2.5,1.5,218,132,"Average","rental (private)",51.394766,-0.112502,58,46,4,"thornton heath","Thames Water",49000,"Croydon","rail",0,1,0,0.6319638,229000,255474.450218943,-26474.4502189429,0
"1231",12871,NA,NA,"S","N","F",NA,NA,NA,NA,NA,NA,"CR5","D",57,3,2.9,1.7,289,169,"Good","owner-occupied",51.301164,-0.115555,62,166,6,"coulsdon south","SES Water",53700,"Croydon","rail",0,1,0,1.6771586,317000,343674.56606924,-26674.5660692404,0
"1232",1019,NA,NA,"T","N","F",NA,NA,NA,NA,NA,NA,"CR0","C",115,5,3.7,1.3,182,61,"Good","owner-occupied",51.381714,-0.060515,90,59,3,"woodside","Thames Water",59100,"Croydon","light_rail",0,0,1,0.7102602,504000,530700.001663073,-26700.0016630731,0
"1233",3793,NA,NA,"F","N","L",NA,NA,NA,NA,NA,NA,"N12","D",60,3,2.5,1.5,239,139,"Average","owner-occupied",51.614515,-0.184761,24,80,4,"woodside park","Affinity Water",51100,"Barnet","tube",1,0,0,0.3889964,281000,307861.835066341,-26861.8350663407,0
"1234",5619,NA,NA,"T","N","F",NA,NA,NA,NA,NA,NA,"SE20","D",68.96,3,3,2.5,223,187,"Good","owner-occupied",51.416012,-0.051861,67,34,4,"kent house","Thames Water",55200,"Bromley","rail",0,1,0,0.5051982,361000,387873.554886472,-26873.5548864724,0
"1235",6779,NA,NA,"T","N","F",NA,NA,NA,NA,NA,NA,"E6","D",66,4,3.7,1.3,320,107,"Average","owner-occupied",51.526623,0.06225,135,4,3,"beckton","Thames Water",40400,"Newham","light_rail",0,0,1,0.981812,319000,346360.453522999,-27360.4535229994,0
"1236",14470,NA,NA,"T","N","F",NA,NA,NA,NA,NA,NA,"CR2","F",77,5,5.9,1.5,448,111,"Very Poor","owner-occupied",51.345,-0.05803,92,134,3,"gravel hill","SES Water",62800,"Croydon","light_rail",0,0,1,1.2471498,403000,430433.398978163,-27433.3989781634,0
"1237",12230,NA,NA,"F","N","L",NA,NA,NA,NA,NA,NA,"HA5","D",46,2,2.2,1.3,279,166,"Average","owner-occupied",51.578539,-0.395417,17,52,5,"eastcote","Affinity Water",64600,"Harrow","tube",2,0,0,0.1385722,274000,301507.981192594,-27507.9811925937,0
"1238",8612,NA,NA,"F","N","L",NA,NA,NA,NA,NA,NA,"IG8","D",69,3,3.6,1.7,299,139,"Average","owner-occupied",51.603963,0.038921,140,17,4,"woodford","Thames Water",54400,"Redbridge","tube",1,0,0,0.6779474,310000,337551.238380138,-27551.2383801384,0
"1239",7838,NA,NA,"T","N","F",NA,NA,NA,NA,NA,NA,"E12","D",119,7,4.1,1.5,194,72,"Average","owner-occupied",51.548463,0.055766,91,10,3,"woodgrange park","Thames Water",41600,"Redbridge","light_rail",0,0,1,0.5692024,507000,534610.893480482,-27610.8934804822,0
"1240",1976,NA,NA,"T","N","F",NA,NA,NA,NA,NA,NA,"E4","D",115,6,5.4,2.2,265,105,"Average","owner-occupied",51.616051,-0.028586,67,14,4,"angel road","Thames Water",46900,"Waltham Forest","rail",0,1,0,1.0725364,442000,469656.869420765,-27656.8694207654,0
"1241",9436,NA,NA,"D","N","F",NA,NA,NA,NA,NA,NA,"NW11","E",199,10,11,3.1,304,87,"Average","owner-occupied",51.582763,-0.206999,59,58,3,"brent cross","Thames Water",49600,"Barnet","tube",1,0,0,0.5573958,1343000,1370765.82403732,-27765.8240373186,0
"1242",11005,NA,NA,"F","N","L",NA,NA,NA,NA,NA,NA,"DA16","D",63.88,3,3.1,3,298,290,"Average","owner-occupied",51.466431,0.093887,35,60,4,"welling","Thames Water",49400,"Bexley","rail",0,1,0,0.4728854,226000,253788.001902142,-27788.0019021421,0
"1243",15105,NA,NA,"S","N","F",NA,NA,NA,NA,NA,NA,"RM3","E",98.72,5,9.7,9,320,295,"Average","owner-occupied",51.599578,0.204852,68,45,6,"gidea park","Essex & Suffolk Water",37900,"Havering","rail",0,1,0,1.7076072,409000,436827.467541246,-27827.4675412458,0
"1244",8600,NA,NA,"S","N","F",NA,NA,NA,NA,NA,NA,"TW7","D",71,3,2.9,1,235,74,"Good","owner-occupied",51.470785,-0.333503,41,11,4,"isleworth","Thames Water",57100,"Hounslow","rail",0,1,0,0.5921942,433000,460859.365727906,-27859.3657279056,0
"1245",7047,NA,NA,"T","N","F",NA,NA,NA,NA,NA,NA,"SM4","D",59,3,2.8,1.4,273,137,"Average","owner-occupied",51.400439,-0.190536,93,21,4,"morden","SES Water",49800,"Merton","tube",1,0,0,0.3753256,342000,370173.784079053,-28173.7840790525,0
"1246",10750,NA,NA,"F","N","L",NA,NA,NA,NA,NA,NA,"E17","D",73,4,2.9,2.3,223,178,"Good","owner-occupied",51.581933,-0.003043,33,25,4,"wood street","Thames Water",53700,"Waltham Forest","light_rail",0,0,1,0.5381324,311000,339316.674394919,-28316.6743949191,0
"1247",12707,NA,NA,"F","N","L",NA,NA,NA,NA,NA,NA,"N13","C",30,2,1.8,1.1,339,219,"Very Poor","rental (private)",51.614113,-0.10307,92,24,4,"palmers green","Thames Water",45900,"Enfield","rail",0,1,0,0.972491,187000,215436.872085741,-28436.8720857407,0
"1248",10200,NA,NA,"F","N","L",NA,NA,NA,NA,NA,NA,"N5","D",46.4,2,2.8,2.8,317,309,"Very Poor","rental (private)",51.558629,-0.098051,93,39,2,"arsenal","Thames Water",65100,"Islington","tube",1,0,0,0.4399512,435000,463525.533563526,-28525.5335635256,0
"1249",13959,NA,NA,"F","N","L",NA,NA,NA,NA,NA,NA,"HA1","C",24.79,2,1.6,1.5,388,359,"Very Poor","rental (social)",51.585176,-0.337303,125,64,5,"harrow-on-the-hill","Affinity Water",56000,"Brent","tube",1,1,0,0.4902846,237000,265732.876214335,-28732.8762143348,0
"1250",322,NA,NA,"F","N","L",NA,NA,NA,NA,NA,NA,"E14","F",60,3,5.2,4.9,516,486,"Good","owner-occupied",51.516265,-0.032061,169,13,2,"limehouse","Thames Water",58600,"Tower Hamlets","light_rail",0,0,1,0.5443464,383000,412059.327077958,-29059.3270779576,0
"1251",4026,NA,NA,"F","N","L",NA,NA,NA,NA,NA,NA,"SE8","D",44,2,1.9,1.2,249,157,"Average","rental (private)",51.478149,-0.027985,13,9,2,"deptford","Thames Water",45800,"Lewisham","rail",0,1,0,0.2249468,241000,270225.888836202,-29225.8888362015,0
"1252",4634,NA,NA,"F","N","L",NA,NA,NA,NA,NA,NA,"E8","D",69,2,3,1.3,252,106,"Good","owner-occupied",51.549387,-0.067931,43,21,2,"hackney downs","Thames Water",53300,"Hackney","light_rail",0,1,1,0.3392844,455000,484583.847888637,-29583.8478886373,0
"1253",7888,NA,NA,"F","N","L",NA,NA,NA,NA,NA,NA,"SE13","C",59,3,2.1,1.4,191,127,"Average","owner-occupied",51.451658,-0.007337,75,31,3,"hither green","Thames Water",55700,"Lewisham","rail",0,1,0,0.3846466,296000,325786.213892161,-29786.2138921606,0
"1254",10756,NA,NA,"F","N","L",NA,NA,NA,"SOUTH WOODFORD",NA,NA,"E18","C",42,2,1,1,140,133,"Good","rental (private)",51.598087,0.025663,48,39,4,"south woodford","Thames Water",63400,"Redbridge","tube",1,0,0,0.6860256,262000,291913.603307697,-29913.6033076968,0
"1255",9890,NA,NA,"F","N","L",NA,NA,NA,NA,NA,NA,"E18","C",41,2,1.1,1,154,145,"Poor","owner-occupied",51.592735,0.031459,31,21,4,"south woodford","Thames Water",54400,"Redbridge","tube",1,0,0,0.1938768,280000,310089.715469866,-30089.7154698657,0
"1256",15584,NA,NA,"F","N","L",NA,NA,NA,NA,NA,NA,"E11","D",53.25,3,2.8,2.8,274,268,"Very Poor","rental (private)",51.55696,0.00032,71,13,3,"leyton","Thames Water",44000,"Redbridge","tube",1,0,0,0.394589,291000,321173.465760221,-30173.465760221,0
"1257",9009,NA,NA,"T","N","F",NA,NA,NA,NA,NA,NA,"CR0","E",106,5,6.2,1.8,330,94,"Good","owner-occupied",51.379401,-0.06695,53,60,3,"addiscombe","Thames Water",59100,"Croydon","light_rail",0,0,1,0.4182022,478000,508243.770630053,-30243.770630053,0
"1258",6373,NA,NA,"S","N","F",NA,NA,NA,NA,NA,NA,"RM12","D",84,5,2.9,1.6,183,96,"Average","rental (private)",51.546087,0.192053,27,9,6,"elm park","Essex & Suffolk Water",44600,"Havering","tube",1,0,0,0.4735068,314000,344246.505442453,-30246.5054424527,0
"1259",11205,NA,NA,"D","N","F",NA,NA,NA,NA,NA,NA,"TW12","D",107.75,5,5.6,4.1,271,196,"Average","rental (private)",51.425031,-0.368609,80,20,6,"hampton","Thames Water",54700,"Richmond upon Thames","rail",0,1,0,0.7879352,557000,587300.949315236,-30300.9493152356,0
"1260",13931,NA,NA,"F","N","L",NA,NA,NA,NA,NA,NA,"HA3","C",42.74,2,1.7,1.3,236,187,"Very Poor","owner-occupied",51.594336,-0.330761,46,54,5,"harrow and wealdstone","Affinity Water",50600,"Brent","tube",2,1,1,0.260988,230000,260406.701400927,-30406.7014009269,0
"1261",14826,NA,NA,"S","N","F",NA,NA,NA,NA,NA,NA,"SE2","E",94,6,4.7,1.9,283,113,"Average","owner-occupied",51.481722,0.132652,82,69,4,"abbey wood","Thames Water",50100,"Greenwich","rail",0,1,0,1.1284624,361000,391645.431000996,-30645.431000996,0
"1262",7215,NA,NA,"F","N","L",NA,NA,NA,NA,NA,NA,"N7","B",51,2,0.5,0.4,61,50,"Good","rental (private)",51.545428,-0.110269,40,43,2,"caledonian road and barnsbury","Thames Water",67200,"Islington","light_rail",0,0,1,0.3784326,421000,451706.063806945,-30706.0638069452,0
"1263",8864,NA,NA,"T","N","F",NA,NA,NA,NA,NA,NA,"KT9","D",61,3,2.8,0.9,262,79,"Average","owner-occupied",51.367786,-0.287381,40,43,6,"chessington north","Thames Water",59700,"Kingston upon Thames","rail",0,1,0,0.7661862,333000,363877.920839832,-30877.9208398324,0
"1264",6711,NA,NA,"T","N","F",NA,NA,NA,NA,NA,NA,"E11","D",39,2,1.6,0.4,238,61,"Average","rental (private)",51.570216,0.00591,76,18,3,"leytonstone","Thames Water",54000,"Redbridge","tube",1,0,0,0.260988,387000,417984.194833071,-30984.194833071,0
"1265",12048,NA,NA,"F","N","L",NA,NA,NA,NA,NA,NA,"SE14","C",54,3,1.7,1.2,183,132,"Average","owner-occupied",51.477085,-0.050971,72,5,2,"queens road peckham","Thames Water",53100,"Lewisham","light_rail",0,1,1,0.7009392,285000,316222.536775258,-31222.5367752581,0
"1266",13257,NA,NA,"F","N","L",NA,NA,NA,NA,NA,NA,"SE23","C",58.88,3,2.6,2.2,265,228,"Good","rental (private)",51.441782,-0.059784,27,74,3,"forest hill","Thames Water",66600,"Lewisham","light_rail",0,1,1,0.3212638,335000,366237.247660652,-31237.2476606516,0
"1267",3749,NA,NA,"F","N","L",NA,NA,NA,NA,NA,NA,"N11","C",56.17,3,2.6,2.5,275,270,"Good","rental (private)",51.61523,-0.154545,131,67,4,"new southgate","Affinity Water",54300,"Barnet","rail",0,1,0,0.6238856,292000,323248.870303518,-31248.8703035176,0
"1268",5702,NA,NA,"T","N","F",NA,NA,NA,NA,NA,NA,"BR3","C",121.75,7,4,3.2,195,157,"Good","rental (social)",51.42147,-0.025464,148,36,4,"lower sydenham","Thames Water",56300,"Bromley","rail",0,1,0,0.5051982,545000,576276.617858179,-31276.6178581795,0
"1269",3381,NA,NA,"T","N","F",NA,NA,NA,NA,NA,NA,"SE2","C",70,4,2.6,1.1,208,89,"Average","owner-occupied",51.493954,0.125673,91,3,4,"abbey wood","Thames Water",41400,"Greenwich","rail",0,1,0,0.860639,272000,303307.422328748,-31307.422328748,0
"1270",14899,NA,NA,"T","N","F",NA,NA,NA,NA,NA,NA,"CR0","C",75,4,2.3,0.6,177,44,"Average","owner-occupied",51.385302,-0.081259,34,52,3,"blackhorse lane","Thames Water",56400,"Croydon","light_rail",0,0,1,0.6394206,362000,393517.421482407,-31517.4214824072,0
"1271",15447,NA,NA,"F","N","L",NA,NA,NA,NA,NA,NA,"TW3","D",43,2,2.7,2.1,357,278,"Average","rental (private)",51.478257,-0.360274,68,29,4,"hounslow east","Thames Water",61500,"Hounslow","tube",1,0,0,0.447408,239000,271005.542781462,-32005.5427814616,0
"1272",10117,NA,NA,"S","N","F",NA,NA,NA,NA,NA,NA,"E11","E",128,5,7.4,2.6,325,114,"Poor","owner-occupied",51.563579,0.021157,119,20,3,"leytonstone high road","Thames Water",59100,"Redbridge","light_rail",0,0,1,0.8631246,783000,815322.306525977,-32322.3065259765,0
"1273",11828,NA,NA,"F","N","L",NA,NA,NA,NA,NA,NA,"N1","C",67.85,3,2.6,2.5,250,248,"Average","owner-occupied",51.53771,-0.077481,144,20,2,"haggerston","Thames Water",53100,"Islington","light_rail",0,0,1,0.282737,449000,481594.370599736,-32594.3705997357,0
"1274",3095,NA,NA,"S","N","F",NA,NA,NA,NA,NA,NA,"UB7","D",82,4,3.4,1.1,235,76,"Average","owner-occupied",51.499317,-0.463161,56,30,6,"west drayton","Affinity Water",54300,"Hillingdon","rail",0,1,0,1.0290384,382000,414639.497421636,-32639.497421636,0
"1275",9095,NA,NA,"F","N","L",NA,NA,NA,NA,NA,NA,"N6","G",50,3,5.9,2.3,686,263,"Very Poor","owner-occupied",51.56649,-0.148757,23,92,2,"archway","Thames Water",52900,"Camden","tube",1,0,0,0.8283262,507000,539784.931512426,-32784.9315124264,0
"1276",9884,NA,NA,"F","N","L",NA,NA,NA,NA,NA,NA,"SW6","C",67,3,2.2,1.7,188,144,"Poor","owner-occupied",51.484331,-0.207521,32,6,2,"west kensington","Thames Water",57600,"Hammersmith and Fulham","tube",1,0,0,0.680433,547000,579795.266130828,-32795.2661308277,0
"1277",4767,NA,NA,"S","N","F",NA,NA,NA,NA,NA,NA,"HA2","D",67.76,4,4,4,308,308,"Good","rental (private)",51.558198,-0.375779,31,40,5,"northolt","Affinity Water",52200,"Harrow","tube",1,0,0,1.0016968,367000,399933.05804732,-32933.0580473196,0
"1278",10512,NA,NA,"F","N","L",NA,NA,NA,NA,NA,NA,"SE1","C",64,3,1.5,1.1,136,94,"Good","owner-occupied",51.501199,-0.103901,94,7,1,"southwark","Thames Water",48300,"Southwark","tube",1,0,0,0.3722186,467000,499936.096211761,-32936.096211761,0
"1279",3708,NA,NA,"F","N","L",NA,NA,NA,NA,NA,NA,"SW19","E",103,4,5.5,2.1,280,109,"Very Poor","rental (private)",51.4245,-0.214988,28,53,3,"wimbledon","Thames Water",68500,"Merton","tube",1,1,1,0.5803876,697000,729968.556341537,-32968.5563415372,0
"1280",8021,NA,NA,"F","N","L",NA,NA,NA,NA,NA,NA,"KT6","D",41,2,3.9,2.7,561,393,"Average","rental (private)",51.391027,-0.297552,33,39,6,"surbiton","Thames Water",57900,"Kingston upon Thames","rail",0,1,0,0.4747496,241000,274025.589334845,-33025.589334845,0
"1281",5251,NA,NA,"F","N","L",NA,NA,NA,NA,NA,NA,"W13","C",54,3,1.8,1.5,192,162,"Average","owner-occupied",51.502806,-0.323373,19,27,3,"northfields","Thames Water",63600,"Ealing","tube",1,0,0,0.5524246,336000,369222.990242852,-33222.9902428519,0
"1282",9318,NA,NA,"D","N","F",NA,NA,NA,NA,NA,NA,"BR7","C",142,7,4.1,2.9,165,113,"Average","owner-occupied",51.406887,0.063616,44,91,5,"chislehurst","Thames Water",72000,"Bromley","rail",0,1,0,0.6195358,680000,713557.125824153,-33557.1258241532,0
"1283",15093,NA,NA,"T","N","F",NA,NA,NA,NA,NA,NA,"E6","D",90,5,4.8,1.9,278,106,"Good","owner-occupied",51.526847,0.046358,142,6,3,"upton park","Thames Water",48300,"Newham","tube",2,0,0,1.0619726,375000,408730.948897799,-33730.9488977987,0
"1284",12444,NA,NA,"S","N","F",NA,NA,NA,NA,NA,NA,"UB4","D",79,5,5.8,3,435,224,"Average","owner-occupied",51.523215,-0.410307,132,32,5,"hayes and harlington","Affinity Water",53100,"Hillingdon","rail",0,1,0,1.6846154,373000,406823.596113668,-33823.5961136676,0
"1285",1495,NA,NA,"T","N","F",NA,NA,NA,NA,NA,NA,"E6","D",127,5,5.5,2.3,246,101,"Average","owner-occupied",51.529452,0.046518,108,7,3,"upton park","Thames Water",48300,"Newham","tube",2,0,0,0.9370712,492000,526798.604787218,-34798.604787218,0
"1286",3867,NA,NA,"T","N","F",NA,NA,NA,NA,NA,NA,"RM9","D",68,3,3,0.8,247,61,"Average","owner-occupied",51.551989,0.132821,90,11,5,"becontree","Essex & Suffolk Water",40900,"Barking and Dagenham","tube",1,0,0,1.0899356,270000,304945.950957132,-34945.9509571316,0
"1287",9775,NA,NA,"F","N","L",NA,NA,NA,NA,NA,NA,"SE16","C",46,2,2.4,1.9,305,250,"Average","owner-occupied",51.488694,-0.060689,124,4,2,"south bermondsey","Thames Water",47800,"Southwark","rail",0,1,0,0.260988,248000,282961.131037492,-34961.1310374924,0
"1288",15354,NA,NA,"F","N","L",NA,NA,NA,NA,NA,NA,"N1","C",43.04,2,1.6,1.5,218,213,"Good","owner-occupied",51.536829,-0.102319,49,35,1,"angel","Thames Water",63500,"Islington","tube",1,0,0,0.2616094,510000,545032.448984063,-35032.4489840626,0
"1289",8350,NA,NA,"S","N","F",NA,NA,NA,NA,NA,NA,"CR8","D",83,5,3.8,1.1,258,75,"Good","owner-occupied",51.32577,-0.10836,112,109,6,"kenley","SES Water",60700,"Croydon","rail",0,1,0,0.4032886,380000,415159.417213816,-35159.4172138162,0
"1290",8173,NA,NA,"S","N","F",NA,NA,NA,NA,NA,NA,"DA7","E",94,5,5.5,2.4,335,144,"Average","owner-occupied",51.460965,0.166522,55,43,6,"barnehurst","Thames Water",55200,"Bexley","rail",0,1,0,0.5959226,374000,409320.470203072,-35320.4702030719,0
"1291",355,NA,NA,"S","N","F",NA,NA,NA,NA,NA,NA,"SE13","E",116,5,6.7,2.9,329,143,"Poor","rental (private)",51.458862,-0.019607,68,16,3,"ladywell","Thames Water",60400,"Lewisham","rail",0,1,0,0.1280084,711000,746351.769390211,-35351.7693902111,0
"1292",8610,NA,NA,"S","N","F",NA,NA,NA,NA,NA,NA,"SM5","D",117,7,5.3,3.1,255,149,"Average","owner-occupied",51.375896,-0.166143,59,30,5,"carshalton","SES Water",57800,"Sutton","rail",0,1,0,0.602758,524000,559838.4695506,-35838.4695505997,0
"1293",10029,NA,NA,"F","N","L",NA,NA,NA,NA,NA,NA,"KT1","D",58,2,3.1,2.9,319,291,"Average","owner-occupied",51.409764,-0.307856,137,11,6,"kingston","Thames Water",63900,"Kingston upon Thames","rail",0,1,0,0.4946344,329000,364876.05105406,-35876.0510540602,0
"1294",5842,NA,NA,"T","N","F",NA,NA,NA,NA,NA,NA,"CR5","C",80,5,2.7,0.6,193,40,"Good","owner-occupied",51.317499,-0.158769,36,95,6,"woodmansterne","SES Water",63300,"Croydon","rail",0,1,0,0.34177,369000,405577.302078513,-36577.3020785128,0
"1295",8539,NA,NA,"F","N","L",NA,NA,NA,NA,NA,NA,"SE17","E",57.3,3,4.3,3.2,390,291,"Average","owner-occupied",51.490409,-0.092882,46,7,2,"elephant and castle","Thames Water",43300,"Southwark","tube",3,1,0,0.7226882,333000,369824.922369005,-36824.9223690046,0
"1296",12565,NA,NA,"F","N","L",NA,NA,NA,NA,NA,NA,"N15","E",55,3,3.7,0.3,382,27,"Very Poor","owner-occupied",51.587984,-0.091964,131,21,3,"turnpike lane","Thames Water",47000,"Haringey","tube",1,0,0,0.6164288,319000,356244.848954013,-37244.8489540127,0
"1297",2574,NA,NA,"T","N","F",NA,NA,NA,NA,NA,NA,"SW19","C",95,5,3,1.2,181,67,"Good","owner-occupied",51.417052,-0.193659,87,17,3,"south wimbledon","Thames Water",75100,"Merton","tube",1,0,0,0.1311154,748000,785322.996974732,-37322.9969747316,0
"1298",1735,NA,NA,"T","N","F",NA,NA,NA,NA,NA,NA,"DA8","D",88,5,4.1,2.1,264,135,"Average","owner-occupied",51.476325,0.158725,56,46,6,"barnehurst","Thames Water",51300,"Bexley","rail",0,1,0,0.9588202,313000,350506.321993916,-37506.3219939164,0
"1299",1747,NA,NA,"S","N","F",NA,NA,NA,NA,NA,NA,"SM1","D",76,5,3.6,1.6,247,105,"Good","owner-occupied",51.370156,-0.182086,56,50,5,"carshalton","SES Water",62800,"Sutton","rail",0,1,0,0.9078654,363000,400615.53885359,-37615.5388535896,0
"1300",1936,NA,NA,"F","N","L",NA,NA,NA,"STOKE NEWINGTON",NA,NA,"N16","B",50.71,2,1.8,1.8,235,235,"Good","owner-occupied",51.567165,-0.080466,81,27,2,"stoke newington","Thames Water",50400,"Hackney","light_rail",0,0,1,0.4778566,335000,372639.945815169,-37639.9458151693,0
"1301",15068,NA,NA,"F","N","L",NA,NA,NA,NA,NA,NA,"SE26","C",89,3,2.5,2.2,147,127,"Average","owner-occupied",51.43138,-0.065922,23,71,3,"sydenham","Thames Water",51700,"Lewisham","light_rail",0,1,1,0.6822972,321000,358994.945671304,-37994.9456713041,0
"1302",3789,NA,NA,"F","N","L",NA,NA,NA,NA,NA,NA,"SW17","D",49,3,2.2,2.1,271,259,"Average","owner-occupied",51.431037,-0.152827,37,35,3,"tooting bec","Thames Water",69000,"Wandsworth","tube",1,0,0,0.6375564,363000,401140.749891284,-38140.7498912835,0
"1303",5260,NA,NA,"F","N","L",NA,NA,NA,NA,NA,NA,"CR0","C",61,3,2.1,1.6,198,146,"Average","rental (private)",51.385909,-0.09424,116,53,4,"selhurst","Thames Water",46000,"Croydon","rail",0,1,0,0.7817212,187000,225223.247320944,-38223.2473209438,0
"1304",14529,NA,NA,"F","N","L",NA,NA,NA,NA,NA,NA,"CR2","D",70,2,3.2,1.8,241,135,"Average","owner-occupied",51.360699,-0.081325,68,82,3,"lloyd park","Thames Water",61500,"Croydon","light_rail",0,0,1,0.4182022,264000,302249.353412129,-38249.353412129,0
"1305",504,NA,NA,"F","N","L",NA,NA,NA,NA,NA,NA,"SE13","C",45,2,1.3,1.2,171,147,"Good","owner-occupied",51.469076,-0.013143,12,15,2,"elverson road","Thames Water",50700,"Lewisham","light_rail",0,0,1,0.379054,245000,283330.074978517,-38330.0749785168,0
"1306",15361,NA,NA,"D","N","F",NA,NA,NA,NA,NA,NA,"SW19","E",110,5,6,2,310,100,"Average","rental (social)",51.420764,-0.172676,107,17,3,"colliers wood","Thames Water",64700,"Merton","tube",1,0,0,0.2665806,786000,824346.149221415,-38346.1492214152,0
"1307",1300,NA,NA,"F","N","L",NA,NA,NA,NA,NA,NA,"NW3","D",69,2,2.8,1.3,211,98,"Very Poor","rental (private)",51.561658,-0.191772,62,109,2,"hampstead","Thames Water",67300,"Camden","tube",1,0,0,0.9271288,657000,695346.376620043,-38346.3766200431,0
"1308",11148,NA,NA,"T","N","F",NA,NA,NA,NA,NA,NA,"KT3","E",120,6,7,3.2,332,150,"Average","owner-occupied",51.404223,-0.264138,96,17,4,"new malden","Thames Water",61000,"Kingston upon Thames","rail",0,1,0,0.5114122,609000,647435.942974082,-38435.9429740821,0
"1309",6414,NA,NA,"T","N","F",NA,NA,NA,NA,NA,NA,"CR0","C",121,6,2.9,1.2,133,56,"Average","owner-occupied",51.3876,-0.094228,151,54,4,"selhurst","Thames Water",46000,"Croydon","rail",0,1,0,0.5518032,414000,452488.141395423,-38488.1413954226,0
"1310",5395,NA,NA,"T","N","F",NA,NA,NA,NA,NA,NA,"KT9","C",81,3,2.3,1,160,66,"Good","owner-occupied",51.37402,-0.297436,90,32,6,"chessington north","Thames Water",57500,"Kingston upon Thames","rail",0,1,0,0.9488778,372000,410550.185494673,-38550.1854946734,0
"1311",3110,NA,NA,"F","N","L",NA,NA,NA,NA,NA,NA,"N16","E",41,3,3,1.4,436,198,"Very Poor","owner-occupied",51.564579,-0.071413,58,26,2,"stoke newington","Thames Water",51100,"Hackney","light_rail",0,0,1,0.2094118,367000,405631.940518732,-38631.9405187317,0
"1312",416,NA,NA,"T","N","F",NA,NA,NA,NA,NA,NA,"SE25","C",89,4,2.7,1.1,169,64,"Average","rental (private)",51.395169,-0.064977,105,42,3,"arena","Thames Water",48100,"Croydon","light_rail",0,0,1,0.4530006,340000,379257.766863706,-39257.7668637061,0
"1313",6804,NA,NA,"F","N","L",NA,NA,NA,NA,NA,NA,"SE26","B",56.92,3,1.3,1.3,134,134,"Good","rental (social)",51.427234,-0.037227,90,32,4,"lower sydenham","Thames Water",43700,"Lewisham","rail",0,1,0,0.444301,204000,243581.429782469,-39581.4297824694,0
"1314",6,NA,NA,"F","N","L",NA,NA,NA,NA,NA,NA,"SE8","C",45,2,2.6,2.2,328,278,"Average","owner-occupied",51.467334,-0.014903,102,8,2,"elverson road","Thames Water",50700,"Lewisham","light_rail",0,1,1,0.1348438,251000,290686.382538171,-39686.3825381711,0
"1315",7722,NA,NA,"T","N","F",NA,NA,NA,NA,NA,NA,"E17","D",74.21,4,4.7,3.2,379,257,"Poor","owner-occupied",51.577436,-0.019981,119,17,3,"walthamstow queens road","Thames Water",50500,"Waltham Forest","light_rail",0,0,1,0.4374656,495000,534721.645725299,-39721.6457252995,0
"1316",3854,NA,NA,"T","N","F",NA,NA,NA,NA,NA,NA,"RM7","E",74,3,4.6,2.5,351,188,"Average","owner-occupied",51.583938,0.157656,161,21,6,"romford","Essex & Suffolk Water",46300,"Havering","light_rail",0,1,1,1.4932242,286000,325975.993073904,-39975.9930739043,0
"1317",1916,NA,NA,"F","N","L",NA,NA,NA,NA,NA,NA,"SM2","C",51,2,2.3,2,262,233,"Average","owner-occupied",51.352755,-0.193115,79,79,5,"sutton","SES Water",48800,"Sutton","rail",0,1,0,0.6481202,196000,236049.367817957,-40049.3678179571,0
"1318",11475,NA,NA,"F","N","L",NA,NA,NA,NA,NA,NA,"E15","C",117,4,2.7,2.2,130,107,"Good","owner-occupied",51.545019,0.000619,101,9,3,"stratford","Thames Water",50300,"Newham","tube",2,1,1,0.5524246,445000,485051.868086393,-40051.8680863928,0
"1319",7824,NA,NA,"F","N","L",NA,NA,NA,NA,NA,NA,"SW19","C",66,3,2.6,2.5,225,215,"Average","owner-occupied",51.443891,-0.222257,113,57,3,"southfields","Thames Water",61800,"Merton","tube",1,0,0,0.792285,364000,404164.48589512,-40164.4858951198,0
"1320",1813,NA,NA,"S","N","F",NA,NA,NA,NA,NA,NA,"UB10","E",88,5,5.5,2,353,128,"Average","owner-occupied",51.531704,-0.446573,47,51,6,"hillingdon","Affinity Water",49300,"Hillingdon","tube",2,0,0,1.867307,360000,400478.905103852,-40478.9051038519,0
"1321",1835,NA,NA,"T","N","F",NA,NA,NA,NA,NA,NA,"BR6","E",66.68,4,5.3,5.2,411,405,"Poor","owner-occupied",51.381671,0.0995,70,66,6,"orpington","Thames Water",59500,"Bromley","rail",0,1,0,0.997347,379000,419658.431687055,-40658.4316870554,0
"1322",11892,NA,NA,"T","N","F",NA,NA,NA,NA,NA,NA,"CR7","D",95,7,4.5,1.8,269,107,"Average","owner-occupied",51.395092,-0.129465,69,33,3,"therapia lane","Thames Water",47200,"Croydon","light_rail",0,0,1,0.8718242,385000,425744.503946712,-40744.503946712,0
"1323",3785,NA,NA,"S","N","F",NA,NA,NA,NA,NA,NA,"RM6","D",113,6,4.9,2.5,248,126,"Average","owner-occupied",51.57931,0.121313,78,26,5,"chadwell heath","Essex & Suffolk Water",46600,"Redbridge","rail",0,1,0,0.9706268,393000,433797.069226459,-40797.0692264586,0
"1324",7247,NA,NA,"S","N","F",NA,NA,NA,NA,NA,NA,"BR5","D",90,5,3.2,1.6,202,97,"Average","owner-occupied",51.388299,0.09496,66,77,6,"st mary cray","Thames Water",59500,"Bromley","rail",0,1,0,0.9202934,397000,437810.096379784,-40810.0963797843,0
"1325",2375,NA,NA,"T","N","F",NA,NA,NA,NA,NA,NA,"UB3","D",40,2,3.8,1.2,543,171,"Very Poor","owner-occupied",51.522049,-0.43524,117,43,5,"hayes and harlington","Affinity Water",43800,"Hillingdon","rail",0,1,0,1.7697472,273000,313981.880194071,-40981.8801940706,0
"1326",3547,NA,NA,"T","N","F",NA,NA,NA,NA,NA,NA,"E12","D",104,6,4.5,1.7,244,89,"Average","owner-occupied",51.546595,0.045326,173,12,3,"woodgrange park","Thames Water",45300,"Redbridge","light_rail",0,0,1,0.562367,459000,500136.437573885,-41136.4375738854,0
"1327",3597,NA,NA,"S","N","F",NA,NA,NA,NA,NA,NA,"HA4","D",61,4,3.1,0.7,289,62,"Average","owner-occupied",51.566644,-0.383053,127,43,5,"rayners lane","Affinity Water",56600,"Hillingdon","tube",1,0,0,1.5031666,366000,407142.395559131,-41142.3955591309,0
"1328",11659,NA,NA,"F","N","L",NA,NA,NA,NA,NA,NA,"E3","D",68.12,4,4,3.9,347,343,"Good","owner-occupied",51.534341,-0.029407,6,14,2,"bow road","Thames Water",46200,"Tower Hamlets","tube",2,0,0,0.8289476,370000,411287.555474656,-41287.5554746563,0
"1329",7908,NA,NA,"D","N","F",NA,NA,NA,NA,NA,NA,"NW7","D",299,9,10,6.1,190,116,"Good","owner-occupied",51.640654,-0.240196,94,124,4,"mill hill broadway","Affinity Water",58000,"Barnet","rail",0,1,0,2.3091224,1736000,1777295.27385976,-41295.2738597631,0
"1330",10399,NA,NA,"T","N","F",NA,NA,NA,NA,NA,NA,"RM8","D",100,3,4.8,1.8,253,96,"Average","owner-occupied",51.545774,0.11645,70,7,5,"becontree","Essex & Suffolk Water",39400,"Barking and Dagenham","tube",1,0,0,0.7170956,319000,360517.637164508,-41517.6371645085,0
"1331",6430,NA,NA,"T","N","F",NA,NA,NA,NA,NA,NA,"UB3","D",61,3,2.9,0.7,270,58,"Average","owner-occupied",51.495567,-0.425833,153,28,5,"hayes and harlington","Affinity Water",52200,"Hillingdon","rail",0,1,0,0.7376018,305000,346670.016369695,-41670.0163696954,0
"1332",2430,NA,NA,"S","N","F",NA,NA,NA,NA,NA,NA,"DA16","D",159,9,6.4,3.6,227,128,"Average","owner-occupied",51.466798,0.120006,90,46,5,"bexleyheath","Thames Water",51300,"Bexley","rail",0,1,0,0.7071532,526000,567769.849386313,-41769.8493863131,0
"1333",3241,NA,NA,"F","N","L",NA,NA,NA,NA,NA,NA,"N16","D",58,3,2.6,1.4,252,140,"Average","rental (private)",51.560751,-0.086392,62,32,2,"stoke newington","Thames Water",50400,"Hackney","light_rail",0,0,1,0.9035156,373000,414882.867335301,-41882.8673353012,0
"1334",9578,NA,NA,"F","N","L",NA,NA,NA,NA,NA,NA,"SW1P","D",273,8,12,6.4,224,120,"Good","owner-occupied",51.496062,-0.140835,97,17,1,"victoria","Thames Water",57500,"Westminster","tube",3,1,0,0.201955,3873000,3915196.47852296,-42196.4785229559,0
"1335",15580,NA,NA,"T","N","F",NA,NA,NA,NA,NA,NA,"SE3","D",86,5,4.1,1.4,273,91,"Average","owner-occupied",51.470151,0.033252,33,46,3,"kidbrooke","Thames Water",47700,"Greenwich","rail",0,1,0,0.6798116,381000,423283.730702833,-42283.7307028327,0
"1336",14056,NA,NA,"T","N","F",NA,NA,NA,NA,NA,NA,"SM6","E",80,5,4.6,1,325,68,"Poor","owner-occupied",51.374289,-0.155356,127,29,4,"hackbridge","SES Water",53400,"Sutton","rail",0,1,0,0.431873,381000,423295.466821559,-42295.4668215589,0
"1337",13326,NA,NA,"S","N","F",NA,NA,NA,NA,NA,NA,"TW13","D",74,4,4.2,1.1,292,72,"Average","rental (private)",51.441561,-0.419978,188,17,6,"feltham","Affinity Water",53700,"Hounslow","rail",0,1,0,0.9221576,357000,399359.869126682,-42359.8691266819,0
"1338",12737,NA,NA,"F","N","L",NA,NA,NA,NA,NA,NA,"N10","C",46,3,1.9,1.4,230,176,"Average","owner-occupied",51.608782,-0.144235,64,46,4,"new southgate","Affinity Water",49800,"Haringey","rail",0,1,0,0.8158982,213000,255478.736777947,-42478.7367779471,0
"1339",12082,NA,NA,"T","N","F",NA,NA,NA,NA,NA,NA,"RM10","D",89,4,3.4,1,217,64,"Good","owner-occupied",51.548624,0.148645,56,11,5,"dagenham heathway","Essex & Suffolk Water",40000,"Barking and Dagenham","tube",1,0,0,0.6611696,281000,323745.741006377,-42745.7410063773,0
"1340",2414,NA,NA,"T","N","F",NA,NA,NA,NA,NA,NA,"E7","C",95.46,6,3.8,3,239,188,"Very Poor","owner-occupied",51.552788,0.019019,68,14,3,"forest gate","Thames Water",48700,"Newham","rail",0,1,0,0.5729308,459000,501961.938775208,-42961.9387752084,0
"1341",12948,NA,NA,"T","N","F",NA,NA,NA,NA,NA,NA,"TW14","C",97,5,2.5,1.2,143,66,"Average","owner-occupied",51.451405,-0.417753,33,23,6,"feltham","Affinity Water",50600,"Hounslow","rail",0,1,0,0.5039554,386000,429150.926198324,-43150.9261983238,0
"1342",11358,NA,NA,"S","N","F",NA,NA,NA,"CHEAM",NA,NA,"SM3","D",99,5,4.1,1.5,237,82,"Average","owner-occupied",51.360692,-0.21396,55,60,5,"cheam","SES Water",59000,"Sutton","rail",0,1,0,0.5909514,476000,519339.018975904,-43339.0189759038,0
"1343",10342,NA,NA,"F","N","L",NA,NA,NA,NA,NA,NA,"CR8","C",105,4,3.6,2.6,197,143,"Average","rental (private)",51.333162,-0.115621,96,101,6,"reedham","SES Water",58600,"Croydon","rail",0,1,0,0.854425,383000,426353.865433193,-43353.8654331926,0
"1344",1808,NA,NA,"T","N","F",NA,NA,NA,NA,NA,NA,"SE9","D",69,5,3.5,1.3,290,103,"Average","owner-occupied",51.459994,0.060267,56,52,4,"eltham","Thames Water",56600,"Greenwich","rail",0,1,0,0.5300542,362000,405665.023940738,-43665.0239407385,0
"1345",5015,NA,NA,"T","N","F",NA,NA,NA,NA,NA,NA,"TW2","E",78,5,5.2,1.6,375,117,"Average","owner-occupied",51.446688,-0.367564,102,23,5,"whitton","Thames Water",55400,"Richmond upon Thames","rail",0,1,0,0.7189598,416000,459665.2366352,-43665.2366352001,0
"1346",13447,NA,NA,"T","N","F",NA,NA,NA,NA,NA,NA,"E13","E",93,4,4.9,2.1,300,127,"Average","owner-occupied",51.526417,0.027108,168,7,3,"plaistow","Thames Water",42900,"Newham","tube",2,0,0,0.7108816,373000,416811.392338315,-43811.3923383149,0
"1347",14580,NA,NA,"T","N","F",NA,NA,NA,NA,NA,NA,"BR1","D",58,4,2.3,1,221,92,"Average","owner-occupied",51.414852,0.019882,126,65,4,"sundridge park","Thames Water",56100,"Bromley","rail",0,1,0,0.0347984,327000,370839.99492178,-43839.9949217803,0
"1348",12451,NA,NA,"T","N","L",NA,NA,NA,NA,NA,NA,"IG11","C",45,2,1,1,114,114,"Good","owner-occupied",51.535595,0.079727,218,8,4,"barking","Essex & Suffolk Water",44200,"Barking and Dagenham","tube",2,0,1,0.400803,232000,276094.070638444,-44094.0706384444,0
"1349",8322,NA,NA,"T","N","F",NA,NA,NA,NA,NA,NA,"HA8","D",79,5,4.1,2,295,143,"Average","rental (private)",51.611032,-0.26975,113,54,5,"edgware","Affinity Water",51300,"Barnet","tube",1,0,0,1.012882,378000,422253.955160367,-44253.9551603669,0
"1350",10122,NA,NA,"S","N","F",NA,NA,NA,NA,NA,NA,"IG7","D",81,4,3.2,2,227,137,"Average","rental (private)",51.614699,0.109702,57,64,4,"grange hill","Thames Water",41800,"Redbridge","tube",1,0,0,0.925886,316000,360346.702294527,-44346.7022945272,0
"1351",7627,NA,NA,"S","N","F",NA,NA,NA,NA,NA,NA,"TW8","E",65,3,5.1,0.8,467,64,"Good","owner-occupied",51.483487,-0.316189,27,11,4,"syon lane","Thames Water",51200,"Hounslow","rail",0,1,0,0.6605482,369000,413756.963962976,-44756.9639629765,0
"1352",11497,NA,NA,"T","N","F",NA,NA,NA,NA,NA,NA,"SW19","E",79,4,5,1.5,332,94,"Good","rental (private)",51.410619,-0.193481,66,16,3,"morden road","Thames Water",75100,"Merton","light_rail",0,0,1,0.0938314,598000,642796.425376253,-44796.4253762527,0
"1353",3574,NA,NA,"S","N","F",NA,NA,NA,NA,NA,NA,"KT6","E",113,6,7.7,3.2,383,156,"Very Poor","owner-occupied",51.396234,-0.310008,112,12,6,"surbiton","Thames Water",59900,"Kingston upon Thames","rail",0,1,0,0.3535766,619000,663889.15398497,-44889.1539849702,0
"1354",13732,NA,NA,"T","N","F",NA,NA,NA,NA,NA,NA,"SW18","D",90,4,4.1,1.7,234,96,"Average","rental (private)",51.451432,-0.213689,161,31,3,"southfields","Thames Water",51400,"Wandsworth","tube",1,0,0,0.7649434,528000,572899.986786431,-44899.9867864307,0
"1355",6174,NA,NA,"F","N","L",NA,NA,NA,"SYDENHAM",NA,NA,"SE26","C",73,3,2.1,1.6,163,128,"Average","owner-occupied",51.428816,-0.06639,94,78,3,"sydenham","Thames Water",51700,"Lewisham","light_rail",0,1,1,0.6263712,298000,342955.472253061,-44955.4722530611,0
"1356",15033,NA,NA,"F","N","L",NA,NA,NA,NA,NA,NA,"HA5","D",57,3,2.9,1.4,265,129,"Average","owner-occupied",51.594202,-0.406531,53,55,6,"northwood hills","Affinity Water",60700,"Harrow","tube",1,0,0,0.7624578,276000,320959.488569416,-44959.4885694158,0
"1357",6378,NA,NA,"F","N","L",NA,NA,NA,NA,NA,NA,"SW4","C",47.7,2,1.9,1.9,242,233,"Good","rental (private)",51.467076,-0.137839,26,20,2,"clapham high street","Thames Water",64600,"Lambeth","light_rail",0,0,1,0.4467866,349000,393961.437026413,-44961.4370264125,0
"1358",4640,NA,NA,"F","N","L",NA,NA,NA,NA,NA,NA,"DA5","C",63,4,2.4,1.7,212,157,"Average","owner-occupied",51.445038,0.142599,29,29,6,"bexley","Thames Water",61700,"Bexley","rail",0,1,0,0.4362228,265000,310006.183850876,-45006.1838508763,0
"1359",10954,NA,NA,"F","N","L",NA,NA,NA,NA,NA,NA,"SW19","E",92.89,3,3.3,3.4,239,246,"Good","owner-occupied",51.413622,-0.182965,86,16,3,"south wimbledon","Thames Water",64700,"Merton","tube",1,0,0,0.618293,542000,587010.584414878,-45010.5844148778,0
"1360",14577,NA,NA,"F","N","L",NA,NA,NA,NA,NA,NA,"SE18","C",49,3,2.1,2,245,225,"Average","rental (private)",51.494732,0.049069,77,6,3,"woolwich dockyard","Thames Water",52000,"Greenwich","rail",0,1,0,0.5704452,207000,252035.582116825,-45035.5821168247,0
"1361",9856,NA,NA,"S","N","F",NA,NA,NA,NA,NA,NA,"HA8","E",74,4,5.9,2.6,448,195,"Average","owner-occupied",51.600663,-0.27091,70,59,4,"burnt oak","Affinity Water",53500,"Barnet","tube",1,0,0,0.4150952,436000,481162.142459617,-45162.1424596168,0
"1362",6944,NA,NA,"F","Y","L",NA,NA,NA,NA,NA,NA,"SE23","C",70,3,2.8,2.4,238,201,"Good","rental (social)",51.438299,-0.04986,50,47,3,"forest hill","Thames Water",53000,"Lewisham","light_rail",0,1,1,0.3411486,3e+05,345205.420906888,-45205.420906888,0
"1363",11035,NA,NA,"T","N","F",NA,NA,NA,NA,NA,NA,"SE13","D",102.2,3,5.5,5.3,353,338,"Very Poor","owner-occupied",51.454867,-0.001483,75,15,3,"hither green","Thames Water",53500,"Lewisham","rail",0,1,0,0.1224158,548000,593291.170681126,-45291.1706811256,0
"1364",3673,NA,NA,"T","N","F",NA,NA,NA,NA,NA,NA,"SE14","D",62,4,2.4,0.6,218,56,"Average","owner-occupied",51.479993,-0.052273,104,4,2,"queens road peckham","Thames Water",49700,"Lewisham","light_rail",0,1,1,0.668005,396000,441328.793518082,-45328.7935180816,0
"1365",10673,NA,NA,"F","N","L",NA,NA,NA,NA,NA,NA,"SW19","D",48,2,2.2,1.4,258,166,"Average","owner-occupied",51.446671,-0.218163,78,57,3,"southfields","Thames Water",51400,"Merton","tube",1,0,0,0.6313424,236000,281406.891252141,-45406.8912521408,0
"1366",11443,NA,NA,"D","N","F",NA,NA,NA,NA,NA,NA,"BR2","D",106,4,5.4,3.1,290,161,"Average","owner-occupied",51.376933,0.042468,44,75,5,"hayes","Thames Water",67300,"Bromley","rail",0,1,0,2.1164884,504000,549814.715882804,-45814.7158828041,0
"1367",1752,NA,NA,"F","N","L",NA,NA,NA,NA,NA,NA,"CR2","C",26,2,0.9,0.8,204,184,"Average","owner-occupied",51.352222,-0.101943,71,73,6,"purley oaks","Thames Water",62300,"Croydon","rail",0,1,0,0.4946344,153000,198822.31771679,-45822.3177167896,0
"1368",9096,NA,NA,"F","N","L",NA,NA,NA,NA,NA,NA,"SE19","D",44,2,2.1,1.2,243,146,"Very Poor","owner-occupied",51.42809,-0.075828,58,102,3,"gipsy hill","Thames Water",56500,"Croydon","rail",0,1,0,0.8991658,261000,306889.560944025,-45889.5609440246,0
"1369",14492,NA,NA,"F","N","L",NA,NA,NA,NA,NA,NA,"SW19","D",62,3,2,1.9,190,181,"Average","rental (private)",51.429154,-0.190621,180,14,3,"haydons road","Thames Water",75000,"Merton","rail",0,1,0,0.2131402,393000,438964.707129236,-45964.7071292363,0
"1370",14999,NA,NA,"T","N","F",NA,NA,NA,NA,NA,NA,"RM7","C",105,6,2.9,1.2,158,61,"Good","owner-occupied",51.568065,0.184785,86,11,6,"romford","Essex & Suffolk Water",48400,"Havering","light_rail",0,1,1,0.8525608,363000,409277.563378697,-46277.5633786971,0
"1371",1052,NA,NA,"S","N","F",NA,NA,NA,NA,NA,NA,"IG8","D",85,4,4,1.3,267,82,"Average","owner-occupied",51.603907,0.051944,79,20,4,"woodford","Thames Water",53600,"Redbridge","tube",1,0,0,1.0340096,408000,454339.800869077,-46339.8008690769,0
"1372",14015,NA,NA,"T","N","F",NA,NA,NA,NA,NA,NA,"W4","D",116,6,4.9,2,242,95,"Good","owner-occupied",51.50154,-0.260501,39,11,3,"south acton","Thames Water",72900,"Hounslow","light_rail",0,0,1,0.6381778,879000,925488.844803496,-46488.844803496,0
"1373",9138,NA,NA,"F","N","L",NA,NA,NA,NA,NA,NA,"SE3","D",81,3,3,1.6,210,112,"Poor","owner-occupied",51.476901,0.022046,96,44,3,"westcombe park","Thames Water",59100,"Greenwich","rail",0,1,0,0.8861164,427000,473626.653516637,-46626.6535166375,0
"1374",1030,NA,NA,"F","N","L",NA,NA,NA,NA,NA,NA,"SW17","C",39,2,1.9,1.9,286,286,"Average","owner-occupied",51.431281,-0.151738,70,33,3,"tooting bec","Thames Water",69000,"Wandsworth","tube",1,0,0,0.664898,328000,374778.463921912,-46778.4639219121,0
"1375",9353,NA,NA,"T","N","F",NA,NA,NA,NA,NA,NA,"HA5","D",77,4,4.3,1.8,315,128,"Poor","owner-occupied",51.584805,-0.402515,75,55,5,"eastcote","Affinity Water",60700,"Harrow","tube",2,0,0,0.615186,479000,525850.417523072,-46850.4175230725,0
"1376",15658,NA,NA,"S","N","F",NA,NA,NA,NA,NA,NA,"SM1","E",102,5,5.5,2.1,283,107,"Average","owner-occupied",51.366384,-0.179492,65,48,5,"carshalton","SES Water",62800,"Sutton","rail",0,1,0,0.7506512,477000,523918.057569067,-46918.0575690666,0
"1377",13695,NA,NA,"F","N","L",NA,NA,NA,NA,NA,NA,"E6","D",44,2,2.1,1.3,264,160,"Average","rental (private)",51.535451,0.056794,153,8,3,"east ham","Thames Water",43800,"Newham","tube",2,0,0,0.5959226,178000,224931.970913344,-46931.970913344,0
"1378",7596,NA,NA,"D","N","F",NA,NA,NA,NA,NA,NA,"KT1","E",95,6,5.6,1.5,338,85,"Average","owner-occupied",51.418246,-0.311728,22,13,6,"hampton wick","Thames Water",63800,"Kingston upon Thames","rail",0,1,0,0.332449,624000,671093.60504081,-47093.6050408098,0
"1379",14288,NA,NA,"S","N","F",NA,NA,NA,NA,NA,NA,"CR8","D",141,7,5.5,2.4,221,96,"Average","owner-occupied",51.318284,-0.116504,82,105,6,"kenley","SES Water",60700,"Croydon","rail",0,1,0,1.0893142,551000,598262.472678044,-47262.4726780438,0
"1380",9653,NA,NA,"T","N","F",NA,NA,NA,NA,NA,NA,"RM8","D",102,5,3.7,1.8,208,97,"Average","owner-occupied",51.553935,0.122685,67,10,5,"becontree","Essex & Suffolk Water",40800,"Barking and Dagenham","tube",1,0,0,1.2080016,335000,382324.872891156,-47324.8728911563,0
"1381",1057,NA,NA,"T","N","F",NA,NA,NA,NA,NA,NA,"W4","E",97.3,5,6.5,5.7,303,266,"Average","owner-occupied",51.49138,-0.257589,100,8,2,"turnham green","Thames Water",60700,"Hounslow","tube",2,0,0,0.4486508,930000,977612.855386212,-47612.8553862125,0
"1382",1817,NA,NA,"S","N","F",NA,NA,NA,NA,NA,NA,"DA16","F",63,4,8.6,1.1,808,100,"Good","owner-occupied",51.475058,0.116242,79,57,4,"welling","Thames Water",57600,"Bexley","rail",0,1,0,1.1539398,349000,397057.786533481,-48057.7865334814,0
"1383",3019,NA,NA,"F","N","L",NA,NA,NA,NA,NA,NA,"N1","E",62,3,4.1,2.6,378,237,"Average","rental (private)",51.532344,-0.10859,43,39,1,"angel","Thames Water",50900,"Islington","tube",1,0,0,0.360412,519000,567066.024567564,-48066.0245675638,0
"1384",6122,NA,NA,"T","N","F",NA,NA,NA,NA,NA,NA,"RM1","E",55,4,3.7,1,387,103,"Average","owner-occupied",51.575364,0.190891,58,20,6,"romford","Essex & Suffolk Water",48900,"Havering","light_rail",0,1,1,0.4548648,273000,321079.276850756,-48079.2768507561,0
"1385",13091,NA,NA,"T","N","F",NA,NA,NA,NA,NA,NA,"SW16","D",93,4,3.3,1.1,202,66,"Poor","owner-occupied",51.404635,-0.112167,136,40,4,"thornton heath","Thames Water",51500,"Croydon","rail",0,1,0,0.770536,393000,441203.414075969,-48203.4140759693,0
"1386",10709,NA,NA,"S","N","F",NA,NA,NA,NA,NA,NA,"CR5","D",97,5,4.3,1.6,250,89,"Average","owner-occupied",51.321926,-0.146924,83,106,6,"woodmansterne","SES Water",63300,"Croydon","rail",0,1,0,0.3784326,452000,500267.303429296,-48267.3034292959,0
"1387",10822,NA,NA,"T","N","F",NA,NA,NA,NA,NA,NA,"IG6","C",105,5,3.5,1.4,187,75,"Average","owner-occupied",51.601414,0.077593,57,49,4,"fairlop","Thames Water",51500,"Redbridge","tube",1,0,0,0.879281,420000,468300.896837229,-48300.896837229,0
"1388",10414,NA,NA,"T","N","F",NA,NA,NA,NA,NA,NA,"E17","F",81,4,4.6,0.7,332,43,"Average","owner-occupied",51.596044,-0.038837,120,19,3,"blackhorse road","Thames Water",50700,"Waltham Forest","tube",1,0,1,0.7680504,446000,494349.745257539,-48349.745257539,0
"1389",14762,NA,NA,"D","N","F",NA,NA,NA,NA,NA,NA,"SE19","E",98.83,5,7.2,4.4,378,233,"Good","owner-occupied",51.413026,-0.093343,85,80,3,"gipsy hill","Thames Water",58200,"Croydon","rail",0,1,0,1.1290838,549000,597637.74117224,-48637.7411722398,0
"1390",14001,NA,NA,"F","N","L",NA,NA,NA,"ADDISCOMBE",NA,NA,"CR0","B",48,2,1.8,1.8,228,228,"Good","owner-occupied",51.380107,-0.07103,46,59,3,"addiscombe","Thames Water",59100,"Croydon","light_rail",0,0,1,0.1236586,181000,230075.183301108,-49075.1833011076,0
"1391",2841,NA,NA,"S","N","F",NA,NA,NA,NA,NA,NA,"SE18","E",58,4,3.3,0.8,328,77,"Average","owner-occupied",51.477855,0.092221,57,60,4,"welling","Thames Water",49700,"Greenwich","rail",0,1,0,1.1862526,289000,338108.775818583,-49108.7758185826,0
"1392",6383,NA,NA,"F","N","L",NA,NA,NA,NA,NA,NA,"TW13","C",40,2,1.4,1.4,200,201,"Good","rental (private)",51.447643,-0.41086,202,22,6,"feltham","Affinity Water",53700,"Hounslow","rail",0,1,0,0.2075476,173000,222148.404366581,-49148.4043665808,0
"1393",15590,NA,NA,"S","N","F",NA,NA,NA,NA,NA,NA,"HA4","E",88,4,5.5,1.2,356,78,"Average","owner-occupied",51.571174,-0.40129,41,45,5,"eastcote","Affinity Water",58100,"Hillingdon","tube",2,0,0,0.6512272,465000,514373.997149694,-49373.9971496936,0
"1394",11525,NA,NA,"T","N","F",NA,NA,NA,NA,NA,NA,"SM5","E",73,3,4.4,1,342,72,"Poor","owner-occupied",51.38171,-0.166985,128,28,4,"hackbridge","SES Water",48600,"Sutton","rail",0,1,0,0.8364044,342000,391404.663824612,-49404.6638246117,0
"1395",639,NA,NA,"F","N","L",NA,NA,NA,NA,NA,NA,"BR3","C",102,3,2.6,2.1,146,117,"Average","owner-occupied",51.411723,-0.017026,101,46,4,"beckenham junction","Thames Water",60200,"Bromley","light_rail",0,2,1,0.469157,407000,456515.267630008,-49515.267630008,0
"1396",9168,NA,NA,"F","N","L",NA,NA,NA,NA,NA,NA,"SE16","D",68,4,3.4,2.7,285,224,"Average","rental (private)",51.498062,-0.052943,54,5,2,"canada water","Thames Water",50900,"Southwark","tube",1,0,1,0.2373748,349000,398760.769944274,-49760.7699442742,0
"1397",10490,NA,NA,"T","N","F",NA,NA,NA,"EAST FINCHLEY",NA,NA,"N2","D",129,5,6.6,1.9,291,81,"Very Poor","owner-occupied",51.594171,-0.163559,161,92,3,"east finchley","Affinity Water",53100,"Barnet","tube",1,0,0,0.5474534,866000,915768.161963665,-49768.1619636654,0
"1398",12789,NA,NA,"F","N","L",NA,NA,NA,NA,NA,NA,"SW16","E",42,2,3.2,1.6,399,198,"Very Poor","owner-occupied",51.436234,-0.132331,81,50,3,"streatham hill","Thames Water",59500,"Croydon","rail",0,1,0,0.5225974,268000,318529.615915531,-50529.6159155308,0
"1399",8740,NA,NA,"F","N","L",NA,NA,NA,NA,NA,NA,"W3","D",28,2,2.2,1.6,437,317,"Average","rental (private)",51.515341,-0.280455,70,33,3,"west acton","Thames Water",55100,"Ealing","tube",1,0,0,0.3367988,226000,276627.658762215,-50627.6587622149,0
"1400",15095,NA,NA,"F","N","L",NA,NA,NA,NA,NA,NA,"SE18","D",59.45,3,2.3,2.3,220,214,"Good","rental (private)",51.491561,0.066818,188,17,4,"woolwich arsenal","Thames Water",52000,"Greenwich","light_rail",0,1,1,0.1466504,222000,272900.306607773,-50900.3066077732,0
"1401",2399,NA,NA,"F","N","L",NA,NA,NA,NA,NA,NA,"HA4","D",47.1,3,2.5,1.8,319,233,"Average","rental (private)",51.57505,-0.397387,66,50,5,"eastcote","Affinity Water",64600,"Hillingdon","tube",2,0,0,0.2442102,244000,295288.693028814,-51288.6930288143,0
"1402",14283,NA,NA,"F","N","L",NA,NA,NA,NA,NA,NA,"E4","E",64,3,4.1,2.1,369,195,"Average","owner-occupied",51.63179,-0.003166,40,56,5,"chingford","Thames Water",55200,"Waltham Forest","light_rail",0,0,1,0.6387992,254000,305315.772863675,-51315.7728636747,0
"1403",7917,NA,NA,"F","N","L",NA,NA,NA,NA,NA,NA,"NW11","E",60,3,5.9,5.2,656,579,"Very Poor","owner-occupied",51.581389,-0.185461,103,77,3,"golders green","Thames Water",71600,"Barnet","tube",1,0,0,0.9296144,467000,518352.796675366,-51352.7966753659,0
"1404",3289,NA,NA,"T","N","F",NA,NA,NA,NA,NA,NA,"E13","C",60,4,2.1,0.5,199,40,"Average","rental (social)",51.531364,0.017149,92,5,3,"plaistow","Thames Water",43200,"Newham","tube",2,0,0,0.1565928,290000,341620.004649095,-51620.0046490949,0
"1405",15224,NA,NA,"T","N","F",NA,NA,NA,NA,NA,NA,"RM3","C",89,5,3.2,1.6,205,99,"Average","owner-occupied",51.61036,0.209806,67,56,6,"harold wood","Essex & Suffolk Water",40300,"Havering","rail",0,1,0,1.929447,271000,322694.607319367,-51694.607319367,0
"1406",7086,NA,NA,"F","N","L",NA,NA,NA,NA,NA,NA,"N1","C",47,2,1.8,1,213,127,"Average","owner-occupied",51.533429,-0.089556,65,21,1,"old street","Thames Water",53400,"Islington","tube",1,1,0,0.5213546,374000,426243.387869232,-52243.3878692323,0
"1407",5237,NA,NA,"F","N","L",NA,NA,NA,NA,NA,NA,"SW18","D",57.12,3,2.6,2.2,236,197,"Good","owner-occupied",51.443387,-0.195099,45,10,3,"earlsfield","Thames Water",76700,"Wandsworth","rail",0,1,0,0.478478,410000,462267.727331159,-52267.7273311591,0
"1408",11196,NA,NA,"T","N","F",NA,NA,NA,NA,NA,NA,"CR0","D",79,4,3.8,1,277,67,"Average","owner-occupied",51.390155,-0.047351,75,39,3,"arena","Thames Water",56200,"Croydon","light_rail",0,0,1,0.627614,350000,402518.053010755,-52518.0530107554,0
"1409",4604,NA,NA,"T","N","F",NA,NA,NA,NA,NA,NA,"RM9","E",77,3,4.7,1.6,318,101,"Very Poor","owner-occupied",51.543246,0.122014,146,8,5,"becontree","Essex & Suffolk Water",39400,"Barking and Dagenham","tube",1,0,0,0.4436796,287000,339611.984549111,-52611.9845491107,0
"1410",13927,NA,NA,"F","N","L",NA,NA,NA,NA,NA,NA,"SW18","C",71.1,3,2.1,2,194,191,"Good","owner-occupied",51.463968,-0.190871,65,8,2,"wandsworth town","Thames Water",75500,"Wandsworth","rail",0,1,0,0.2908152,529000,581675.348523363,-52675.3485233635,0
"1411",6485,NA,NA,"T","N","F",NA,NA,NA,NA,NA,NA,"HA2","E",77,5,5.1,0.9,375,65,"Average","owner-occupied",51.573336,-0.376726,120,51,5,"rayners lane","Affinity Water",60000,"Harrow","tube",1,0,0,0.4374656,414000,466687.925603331,-52687.9256033314,0
"1412",2985,NA,NA,"F","N","L",NA,NA,NA,NA,NA,NA,"SW19","D",45,3,2.2,1.9,295,256,"Good","owner-occupied",51.411256,-0.200976,35,18,3,"merton park","Thames Water",72900,"Merton","light_rail",0,0,1,0.3001362,304000,356825.411210705,-52825.4112107052,0
"1413",10722,NA,NA,"F","N","L",NA,NA,NA,NA,NA,NA,"KT5","D",59,2,2.6,1.3,250,128,"Very Poor","owner-occupied",51.399789,-0.299613,32,23,6,"surbiton","Thames Water",63900,"Kingston upon Thames","rail",0,1,0,0.6580626,320000,373092.49511071,-53092.4951107101,0
"1414",8625,NA,NA,"F","N","L",NA,NA,NA,NA,NA,NA,"RM12","D",41,2,3.2,2.5,457,354,"Average","owner-occupied",51.554922,0.220534,58,23,6,"hornchurch","Essex & Suffolk Water",52100,"Havering","tube",1,0,0,0.1702636,176000,229101.3952591,-53101.3952590996,0
"1415",3041,NA,NA,"S","N","F",NA,NA,NA,NA,NA,NA,"RM12","E",93,4,5.3,1.2,294,67,"Average","owner-occupied",51.552025,0.227245,74,16,6,"hornchurch","Essex & Suffolk Water",54600,"Havering","tube",1,0,0,0.5642312,378000,431267.927266152,-53267.9272661516,0
"1416",8681,NA,NA,"F","N","L",NA,NA,NA,NA,NA,NA,"SE23","D",66,3,2.8,2.2,240,191,"Good","owner-occupied",51.443464,-0.052751,96,53,3,"forest hill","Thames Water",66600,"Lewisham","light_rail",0,1,1,0.2355106,337000,390429.394345199,-53429.3943451989,0
"1417",8830,NA,NA,"F","N","L",NA,NA,NA,NA,NA,NA,"BR3","B",43,2,1.7,1.5,228,211,"Good","owner-occupied",51.40058,-0.041042,94,36,4,"elmers end","Thames Water",59500,"Bromley","light_rail",0,1,1,0.5816304,203000,256634.536729242,-53634.5367292418,0
"1418",8198,NA,NA,"F","N","L",NA,NA,NA,NA,NA,NA,"SW9","D",74,3,2.9,1.4,201,102,"Very Poor","owner-occupied",51.474496,-0.113158,16,11,2,"stockwell","Thames Water",51100,"Lambeth","tube",2,0,0,0.5636098,465000,518829.927942612,-53829.927942612,0
"1419",704,NA,NA,"T","N","F",NA,NA,NA,NA,NA,NA,"SE25","C",93,4,3,1.1,180,66,"Average","owner-occupied",51.399562,-0.061485,93,40,3,"harrington road","Thames Water",48100,"Croydon","light_rail",0,0,1,0.080782,345000,398941.59014566,-53941.5901456602,0
"1420",13270,NA,NA,"F","N","L",NA,NA,NA,NA,NA,NA,"SW17","E",80.5125,5,5.5,4.7,409,349,"Very Poor","owner-occupied",51.44108,-0.15953,44,29,3,"tooting bec","Thames Water",73500,"Wandsworth","tube",1,0,0,0.4741282,567000,620953.823614961,-53953.8236149611,0
"1421",9086,NA,NA,"S","N","F",NA,NA,NA,"CRAYFORD",NA,NA,"DA1","D",56.89,5,4.8,3.9,275,221,"Average","rental (private)",51.459524,0.188436,139,14,6,"slade green","Thames Water",49600,"Bexley","rail",0,1,0,0.9109724,274000,328126.459778045,-54126.4597780446,0
"1422",12996,NA,NA,"S","N","F",NA,NA,NA,NA,NA,NA,"TW3","D",113,6,5.5,2.8,273,138,"Average","owner-occupied",51.460431,-0.356825,119,19,5,"hounslow","Thames Water",58400,"Hounslow","rail",0,1,0,0.4996056,531000,585159.702211842,-54159.7022118424,0
"1423",10427,NA,NA,"T","N","F",NA,NA,NA,NA,NA,NA,"IG2","E",146,7,8.4,3.5,327,136,"Average","owner-occupied",51.575091,0.093393,82,20,4,"newbury park","Essex & Suffolk Water",49700,"Redbridge","tube",1,0,0,0.267202,477000,531220.49235442,-54220.4923544201,0
"1424",6207,NA,NA,"T","N","F",NA,NA,NA,NA,NA,NA,"BR3","D",129,6,5.2,2.8,230,122,"Average","owner-occupied",51.40718,-0.052366,75,40,3,"avenue road","Thames Water",55700,"Bromley","light_rail",0,0,1,0.1820702,582000,636435.828298899,-54435.8282988986,0
"1425",4084,NA,NA,"F","N","L",NA,NA,NA,NA,NA,NA,"E11","D",33,2,1.9,1.2,324,212,"Average","rental (private)",51.569268,0.001395,63,18,3,"leytonstone","Thames Water",54000,"Redbridge","tube",1,0,0,0.4076384,222000,276451.829919742,-54451.8299197421,0
"1426",4271,NA,NA,"F","N","L",NA,NA,NA,NA,NA,NA,"SE1","C",71.1,2,2.2,2,208,189,"Good","rental (private)",51.50364,-0.117531,75,14,1,"waterloo","Thames Water",53600,"Southwark","tube",5,1,0,0.3026218,653000,707463.227782675,-54463.2277826754,0
"1427",6287,NA,NA,"T","N","F",NA,NA,NA,NA,NA,NA,"SW11","D",101.8,6,5.2,5,216,207,"Average","rental (private)",51.463424,-0.164001,98,20,2,"clapham junction","Thames Water",73000,"Wandsworth","light_rail",0,1,1,0.3548194,952000,1006533.04701417,-54533.0470141713,0
"1428",11532,NA,NA,"F","N","L",NA,NA,NA,NA,NA,NA,"SW19","C",110,3,3.6,2.2,173,105,"Average","owner-occupied",51.42529,-0.212464,50,46,3,"wimbledon","Thames Water",68500,"Merton","tube",1,1,1,0.3361774,642000,696717.273779133,-54717.2737791333,0
"1429",6395,NA,NA,"F","N","L",NA,NA,NA,NA,NA,NA,"SW19","C",55,3,2.5,1.3,268,132,"Good","rental (private)",51.423339,-0.180379,36,14,3,"colliers wood","Thames Water",64700,"Merton","tube",1,0,0,0.394589,350000,405060.429060902,-55060.4290609015,0
"1430",15231,NA,NA,"T","N","F",NA,NA,NA,NA,NA,NA,"BR6","C",75.9,4,2.6,2.1,176,143,"Average","owner-occupied",51.365213,0.087988,88,85,6,"orpington","Thames Water",61600,"Bromley","rail",0,1,0,0.9644128,308000,363088.194247115,-55088.1942471151,0
"1431",2207,NA,NA,"T","N","F",NA,NA,NA,NA,NA,NA,"IG6","C",79,5,2.5,1.1,168,68,"Average","owner-occupied",51.608513,0.115178,136,39,4,"hainault","Thames Water",41800,"Redbridge","tube",1,0,0,1.1384048,275000,330283.683050756,-55283.6830507562,0
"1432",3056,NA,NA,"T","N","F",NA,NA,NA,NA,NA,NA,"SW16","D",107,5,4.3,2.5,224,130,"Average","rental (private)",51.413688,-0.124909,87,35,3,"norbury","Thames Water",53100,"Croydon","rail",0,1,0,0.1621854,491000,546310.772989085,-55310.7729890852,0
"1433",12562,NA,NA,"F","N","L",NA,NA,NA,NA,NA,NA,"HA0","C",59,2,1.5,1.4,142,136,"Average","owner-occupied",51.551654,-0.296625,79,38,4,"wembley central","Affinity Water",48900,"Brent","tube",2,1,1,0.1037738,229000,284416.053157998,-55416.0531579978,0
"1434",15594,NA,NA,"F","N","L",NA,NA,NA,NA,NA,NA,"SW9","D",74.02,3,3.4,3.3,273,264,"Average","owner-occupied",51.477696,-0.113026,14,9,2,"oval","Thames Water",51100,"Lambeth","tube",1,0,0,0.4641858,428000,483531.782282338,-55531.7822823375,0
"1435",10772,NA,NA,"F","N","L",NA,NA,NA,NA,NA,NA,"IG6","D",54,2,2.4,1.8,249,189,"Average","rental (social)",51.610508,0.120702,81,44,4,"hainault","Thames Water",41800,"Redbridge","tube",1,0,0,1.4963312,185000,240590.966540384,-55590.966540384,0
"1436",13517,NA,NA,"F","N","L",NA,NA,NA,NA,NA,NA,"W5","E",76,3,5.1,1.4,397,102,"Average","owner-occupied",51.519995,-0.290686,67,43,3,"north ealing","Thames Water",62800,"Ealing","tube",1,0,0,0.264095,442000,497703.918628193,-55703.9186281934,0
"1437",3498,NA,NA,"T","N","F",NA,NA,NA,NA,NA,NA,"N8","D",178,6,6.4,3.4,205,106,"Poor","owner-occupied",51.58301,-0.128213,134,43,3,"hornsey","Thames Water",65800,"Haringey","rail",0,1,0,0.9333428,1204000,1259746.7379886,-55746.7379886049,0
"1438",10063,NA,NA,"T","N","F",NA,NA,NA,NA,NA,NA,"HA4","D",64,4,3.4,0.8,306,71,"Average","owner-occupied",51.563645,-0.399159,21,44,5,"south ruislip","Affinity Water",59800,"Hillingdon","tube",1,1,0,0.6425276,358000,413932.793283168,-55932.7932831676,0
"1439",3550,NA,NA,"F","N","L",NA,NA,NA,NA,NA,NA,"SW6","D",53,3,2.3,1.6,247,174,"Average","owner-occupied",51.482283,-0.204159,151,7,2,"fulham broadway","Thames Water",56600,"Hammersmith and Fulham","tube",1,0,0,0.4424368,443000,499004.033488595,-56004.0334885953,0
"1440",8468,NA,NA,"S","N","F",NA,NA,NA,NA,NA,NA,"KT9","E",84,4,5.8,2.2,393,147,"Average","owner-occupied",51.368741,-0.301683,42,39,6,"chessington north","Thames Water",57500,"Kingston upon Thames","rail",0,1,0,0.3243708,402000,458043.471438096,-56043.4714380964,0
"1441",12662,NA,NA,"F","N","L",NA,NA,NA,"COLLIERS WOOD",NA,NA,"SW17","C",62,3,2.2,1.6,204,149,"Good","owner-occupied",51.422667,-0.172438,100,17,3,"colliers wood","Thames Water",64700,"Wandsworth","tube",1,0,0,0.3405272,382000,438141.987088711,-56141.987088711,0
"1442",3834,NA,NA,"T","N","F",NA,NA,NA,NA,NA,NA,"KT4","E",96,5,6.9,2.4,406,139,"Average","owner-occupied",51.384214,-0.247176,75,23,4,"worcester park","Thames Water",65000,"Sutton","rail",0,1,0,0.4063956,514000,570175.041780731,-56175.0417807306,0
"1443",4575,NA,NA,"F","N","L",NA,NA,NA,NA,NA,NA,"SM1","C",74.57,3,2.9,1.8,235,146,"Average","rental (private)",51.369449,-0.185763,28,58,5,"sutton common","SES Water",46800,"Sutton","rail",0,1,0,0.8830094,211000,267305.466486254,-56305.466486254,0
"1444",404,NA,NA,"F","N","L",NA,NA,NA,NA,NA,NA,"SE23","D",53,2,3.3,2.8,320,270,"Average","owner-occupied",51.441907,-0.047807,25,37,3,"forest hill","Thames Water",58000,"Lewisham","light_rail",0,1,1,0.34177,266000,322566.502451887,-56566.5024518867,0
"1445",2762,NA,NA,"T","N","F",NA,NA,NA,NA,NA,NA,"SW18","D",69,5,2.7,0.9,223,67,"Poor","rental (private)",51.442169,-0.193704,65,11,3,"earlsfield","Thames Water",76700,"Wandsworth","rail",0,1,0,0.4026672,647000,703575.366103385,-56575.3661033851,0
"1446",11159,NA,NA,"S","N","F",NA,NA,NA,NA,NA,NA,"SM5","E",64,4,4.3,0.7,383,66,"Poor","owner-occupied",51.371242,-0.160593,64,33,5,"carshalton","SES Water",65400,"Sutton","rail",0,1,0,0.375947,415000,471640.702121847,-56640.7021218475,0
"1447",8095,NA,NA,"T","N","F",NA,NA,NA,NA,NA,NA,"UB2","E",78.8,5,4.9,3.9,374,294,"Average","rental (private)",51.499254,-0.396676,85,32,4,"southall","Affinity Water",45400,"Ealing","rail",0,1,0,1.1564254,309000,365666.430223181,-56666.4302231814,0
"1448",5108,NA,NA,"F","N","L",NA,NA,NA,NA,NA,NA,"W9","D",69.5,4,2.9,2.8,219,208,"Average","owner-occupied",51.52915,-0.201134,97,29,2,"queens park","Thames Water",46700,"Westminster","tube",2,0,1,0.472264,489000,545771.454173449,-56771.4541734493,0
"1449",6690,NA,NA,"F","N","L",NA,NA,NA,NA,NA,NA,"N15","E",86.51,4,5.9,4.3,409,298,"Average","owner-occupied",51.587067,-0.098278,143,22,3,"turnpike lane","Thames Water",48900,"Haringey","tube",1,0,0,0.388375,371000,427787.022519576,-56787.0225195762,0
"1450",2469,NA,NA,"T","N","F",NA,NA,NA,NA,NA,NA,"DA8","D",73,5,4.1,0.9,315,70,"Average","owner-occupied",51.481774,0.157801,104,26,6,"erith","Thames Water",45800,"Bexley","rail",0,1,0,1.1980592,256000,312908.469450226,-56908.4694502262,0
"1451",13581,NA,NA,"T","N","F",NA,NA,NA,NA,NA,NA,"SW18","F",87.73,5,7,6.7,451,429,"Good","rental (private)",51.444236,-0.182614,28,14,3,"earlsfield","Thames Water",62700,"Wandsworth","rail",0,1,0,0.2727946,678000,734974.9081714,-56974.9081713996,0
"1452",10347,NA,NA,"F","N","L",NA,NA,NA,NA,NA,NA,"E10","D",71,4,3.7,1.3,295,99,"Average","owner-occupied",51.567703,-0.004373,149,17,3,"leyton midland road","Thames Water",52700,"Waltham Forest","light_rail",0,0,1,0.4679142,328000,385086.70762568,-57086.70762568,0
"1453",13591,NA,NA,"T","N","F",NA,NA,NA,NA,NA,NA,"E13","D",78,3,3,0.9,217,61,"Good","owner-occupied",51.5273,0.037945,152,7,3,"upton park","Thames Water",45200,"Newham","tube",2,0,0,0.7854496,320000,377124.942249487,-57124.942249487,0
"1454",4182,NA,NA,"T","N","L",NA,NA,NA,NA,NA,NA,"NW9","D",74.84,5,3.7,2.4,293,190,"Very Poor","owner-occupied",51.575316,-0.268413,73,68,4,"kingsbury","Affinity Water",50000,"Brent","tube",1,0,0,1.3192322,402000,459457.276925658,-57457.2769256583,0
"1455",7227,NA,NA,"F","N","L",NA,NA,NA,NA,NA,NA,"KT3","C",83,5,2.5,1.9,173,129,"Average","owner-occupied",51.385689,-0.263503,120,23,4,"malden manor","Thames Water",56700,"Kingston upon Thames","rail",0,1,0,0.1106092,296000,353482.205052989,-57482.2050529887,0
"1456",12119,NA,NA,"F","N","L",NA,NA,NA,NA,NA,NA,"N10","D",39,2,1.9,1.3,252,170,"Average","owner-occupied",51.589372,-0.134679,37,55,3,"alexandra palace","Thames Water",65800,"Haringey","rail",0,1,0,1.0818574,329000,386728.106865695,-57728.1068656949,0
"1457",12549,NA,NA,"S","N","F",NA,NA,NA,NA,NA,NA,"RM11","E",136,7,7.2,3.4,278,132,"Good","owner-occupied",51.58713,0.226521,110,36,6,"harold wood","Essex & Suffolk Water",51900,"Havering","rail",0,1,0,0.8898448,476000,533742.285148271,-57742.2851482712,0
"1458",13837,NA,NA,"F","N","L",NA,NA,NA,NA,NA,NA,"SW19","D",47.31,2,3.2,3,366,342,"Average","rental (private)",51.417299,-0.192225,53,17,3,"south wimbledon","Thames Water",66200,"Merton","tube",1,0,0,0.0764322,307000,364900.566590815,-57900.5665908149,0
"1459",10813,NA,NA,"S","N","F",NA,NA,NA,NA,NA,NA,"RM12","D",98,4,3.4,1.6,185,84,"Good","owner-occupied",51.549416,0.214482,101,19,6,"hornchurch","Essex & Suffolk Water",51000,"Havering","tube",1,0,0,0.7133672,361000,418980.708360945,-57980.7083609449,0
"1460",1287,NA,NA,"F","N","L",NA,NA,NA,NA,NA,NA,"DA17","C",59.62,3,2.8,2.8,267,261,"Average","owner-occupied",51.484963,0.151139,48,49,5,"belvedere","Thames Water",45800,"Bexley","rail",0,1,0,0.6412848,168000,226059.28582905,-58059.2858290501,0
"1461",5224,NA,NA,"F","N","L",NA,NA,NA,NA,NA,NA,"SE6","C",40.95,2,2.1,2,293,282,"Average","owner-occupied",51.441372,0.009397,45,33,3,"lee","Thames Water",48000,"Lewisham","rail",0,1,0,1.1210056,171000,229111.741110865,-58111.7411108646,0
"1462",8709,NA,NA,"T","N","F",NA,NA,NA,NA,NA,NA,"SW18","D",99.32,5,5.9,5.5,257,238,"Average","owner-occupied",51.459127,-0.187684,90,19,2,"wandsworth town","Thames Water",65900,"Wandsworth","rail",0,1,0,0.2504242,871000,929176.482203683,-58176.4822036827,0
"1463",7386,NA,NA,"F","N","L",NA,NA,NA,NA,NA,NA,"RM3","C",47,2,1.8,1.3,217,161,"Average","owner-occupied",51.589987,0.226675,104,38,6,"harold wood","Essex & Suffolk Water",51900,"Havering","rail",0,1,0,0.5679596,156000,214819.875008288,-58819.8750082882,0
"1464",607,NA,NA,"S","N","F",NA,NA,NA,NA,NA,NA,"RM12","E",63,4,3.8,0.9,318,75,"Good","rental (private)",51.561882,0.186018,87,9,6,"elm park","Essex & Suffolk Water",49900,"Havering","tube",1,0,0,1.3807508,289000,347850.12992535,-58850.1299253501,0
"1465",2437,NA,NA,"T","N","F",NA,NA,NA,NA,NA,NA,"DA7","E",73,4,5,2.1,382,160,"Average","owner-occupied",51.472468,0.132652,100,53,5,"bexleyheath","Thames Water",53500,"Bexley","rail",0,1,0,0.7810998,311000,370688.114549815,-59688.114549815,0
"1466",9399,NA,NA,"S","N","F",NA,NA,NA,NA,NA,NA,"SM1","D",106,5,4.4,2,238,104,"Average","owner-occupied",51.368406,-0.1748,110,41,5,"carshalton","SES Water",65400,"Sutton","rail",0,1,0,0.5834946,515000,574732.705210704,-59732.7052107038,0
"1467",3939,NA,NA,"T","N","F",NA,NA,NA,NA,NA,NA,"BR3","D",100,6,4.2,1.1,240,63,"Very Poor","owner-occupied",51.404199,-0.037494,50,33,4,"clock house","Thames Water",59500,"Bromley","rail",0,1,0,0.727038,473000,532743.940241612,-59743.9402416121,0
"1468",9716,NA,NA,"F","N","L",NA,NA,NA,NA,NA,NA,"HA2","C",52,3,1.2,1.2,131,131,"Good","owner-occupied",51.568759,-0.355404,170,59,5,"south harrow","Affinity Water",54500,"Harrow","tube",1,0,0,0.3715972,203000,262766.357639844,-59766.3576398439,0
"1469",3888,NA,NA,"T","N","F",NA,NA,NA,NA,NA,NA,"SM2","D",132,5,4.2,2,181,84,"Very Poor","owner-occupied",51.350874,-0.200039,115,83,5,"belmont","SES Water",67900,"Sutton","rail",0,1,0,0.4735068,620000,679882.679142297,-59882.6791422965,0
"1470",7064,NA,NA,"S","N","F",NA,NA,NA,NA,NA,NA,"SW2","D",266,9,13,7.8,223,130,"Average","rental (private)",51.441259,-0.112586,31,58,3,"tulse hill","Thames Water",55900,"Lambeth","rail",0,1,0,0.3939676,1283000,1342899.07658981,-59899.0765898069,0
"1471",8321,NA,NA,"F","N","L",NA,NA,NA,NA,NA,NA,"W5","D",66.78,3,3.4,3.4,309,301,"Poor","rental (private)",51.515678,-0.309886,37,35,3,"ealing broadway","Thames Water",64800,"Ealing","tube",2,1,0,0.3622762,450000,509969.326525749,-59969.3265257492,0
"1472",226,NA,NA,"F","N","L",NA,NA,NA,NA,NA,NA,"HA6","D",101.59,4,4.6,2.9,232,149,"Average","rental (private)",51.613421,-0.426742,13,73,6,"northwood","Affinity Water",55500,"Hillingdon","tube",1,0,0,0.167778,430000,490051.889761876,-60051.8897618762,0
"1473",13788,NA,NA,"S","N","F",NA,NA,NA,NA,NA,NA,"RM9","C",115,7,3.4,1.9,171,93,"Good","owner-occupied",51.550926,0.130435,130,10,5,"becontree","Essex & Suffolk Water",40900,"Barking and Dagenham","tube",1,0,0,0.9463922,350000,410216.3609488,-60216.3609488001,0
"1474",12492,NA,NA,"T","N","F",NA,NA,NA,NA,NA,NA,"SM5","C",58,3,2.2,0.8,212,76,"Good","owner-occupied",51.387511,-0.171051,103,39,4,"mitcham junction","SES Water",44300,"Sutton","light_rail",0,1,1,1.0955282,266000,326492.196372118,-60492.1963721181,0
"1475",11235,NA,NA,"S","N","F",NA,NA,NA,NA,NA,NA,"UB10","D",66,5,2.9,1.1,250,95,"Good","owner-occupied",51.543075,-0.448954,35,41,6,"hillingdon","Affinity Water",56000,"Hillingdon","tube",2,0,0,0.941421,359000,419632.226766043,-60632.2267660429,0
"1476",11195,NA,NA,"F","N","L",NA,NA,NA,NA,NA,NA,"E17","D",46,2,2.6,1.1,321,135,"Very Poor","rental (private)",51.583368,-0.039599,184,10,3,"blackhorse road","Thames Water",50700,"Waltham Forest","tube",1,0,1,0.3088358,252000,313512.411983586,-61512.411983586,0
"1477",12547,NA,NA,"T","N","F",NA,NA,NA,NA,NA,NA,"E5","D",112,6,4,1.3,201,63,"Average","owner-occupied",51.557267,-0.048398,139,14,2,"clapton","Thames Water",49700,"Hackney","light_rail",0,0,1,0.6748404,756000,817520.810113454,-61520.8101134542,0
"1478",10276,NA,NA,"T","N","F",NA,NA,NA,NA,NA,NA,"SE9","E",76,4,5.7,2.2,425,162,"Average","owner-occupied",51.429637,0.048859,41,62,4,"mottingham","Thames Water",45800,"Greenwich","rail",0,1,0,1.065701,277000,338523.017713401,-61523.0177134013,0
"1479",2306,NA,NA,"T","N","F",NA,NA,NA,NA,NA,NA,"N11","D",91,5,4.5,1.2,284,75,"Average","owner-occupied",51.614052,-0.125041,47,38,3,"bounds green","Thames Water",52200,"Barnet","tube",1,0,0,0.4741282,521000,582552.486575092,-61552.4865750916,0
"1480",10175,NA,NA,"F","N","L",NA,NA,NA,NA,NA,NA,"SW18","D",52,2,2.3,1.1,250,123,"Very Poor","owner-occupied",51.453937,-0.199918,43,22,3,"southfields","Thames Water",71300,"Wandsworth","tube",1,0,0,0.6394206,392000,453627.44627857,-61627.4462785699,0
"1481",9820,NA,NA,"F","N","L",NA,NA,NA,NA,NA,NA,"SE9","D",45.77,2,2.7,2.6,386,384,"Average","owner-occupied",51.435176,0.076472,34,46,4,"new eltham","Thames Water",59300,"Greenwich","rail",0,1,0,0.3753256,199000,260629.252806179,-61629.2528061786,0
"1482",14554,NA,NA,"T","N","F",NA,NA,NA,NA,NA,NA,"UB8","F",88,6,10,2,677,128,"Average","owner-occupied",51.547903,-0.472104,61,55,6,"uxbridge","Affinity Water",47400,"Hillingdon","tube",2,0,0,0.3026218,376000,437783.70557608,-61783.7055760797,0
"1483",10906,NA,NA,"F","N","L",NA,NA,NA,NA,NA,NA,"RM3","C",53,2,2.1,1,225,110,"Good","owner-occupied",51.610317,0.215728,27,50,6,"harold wood","Essex & Suffolk Water",36500,"Havering","rail",0,1,0,1.699529,155000,217234.155937089,-62234.1559370891,0
"1484",14897,NA,NA,"F","N","L",NA,NA,NA,NA,NA,NA,"KT9","C",70,3,2.4,1.9,194,153,"Good","owner-occupied",51.374132,-0.304486,51,36,6,"chessington north","Thames Water",57500,"Kingston upon Thames","rail",0,1,0,0.801606,247000,309577.418994028,-62577.4189940277,0
"1485",2041,NA,NA,"D","N","F",NA,NA,NA,NA,NA,NA,"RM3","C",136,7,4.3,2.6,162,96,"Poor","owner-occupied",51.590778,0.231405,139,39,6,"harold wood","Essex & Suffolk Water",51900,"Havering","rail",0,1,0,0.4063956,498000,560636.671759296,-62636.6717592964,0
"1486",3535,NA,NA,"T","N","F",NA,NA,NA,NA,NA,NA,"SW2","D",129,5,5.5,1.9,244,83,"Poor","owner-occupied",51.454964,-0.114266,71,25,2,"herne hill","Thames Water",61900,"Lambeth","rail",0,1,0,0.8146554,1046000,1108778.18406653,-62778.1840665303,0
"1487",13560,NA,NA,"S","N","F",NA,NA,NA,NA,NA,NA,"KT3","E",199,8,10,2.9,308,99,"Poor","owner-occupied",51.39393,-0.261912,90,25,4,"malden manor","Thames Water",56700,"Kingston upon Thames","rail",0,1,0,0.904137,1115000,1177802.92826047,-62802.9282604749,0
"1488",296,NA,NA,"F","N","L",NA,NA,NA,NA,NA,NA,"NW7","D",68,4,3.1,1.7,255,146,"Average","owner-occupied",51.608854,-0.239346,36,71,4,"mill hill broadway","Thames Water",67000,"Barnet","rail",0,1,0,0.65247,345000,407971.649095428,-62971.6490954276,0
"1489",3668,NA,NA,"T","N","F",NA,NA,NA,NA,NA,NA,"RM13","D",69.64,4,4.6,4.5,392,388,"Poor","owner-occupied",51.518651,0.19728,120,6,6,"rainham","Essex & Suffolk Water",45800,"Havering","rail",0,2,0,0.4853134,271000,334212.870401899,-63212.8704018991,0
"1490",7591,NA,NA,"T","N","F",NA,NA,NA,NA,NA,NA,"DA16","D",101,6,3.7,1.9,206,107,"Average","owner-occupied",51.4752,0.120842,123,56,5,"bexleyheath","Thames Water",57600,"Bexley","rail",0,1,0,1.2428,405000,468701.28815245,-63701.2881524501,0
"1491",2347,NA,NA,"F","N","L",NA,NA,NA,NA,NA,NA,"N11","C",49,2,1.8,1.6,212,187,"Good","owner-occupied",51.615268,-0.139825,53,54,4,"new southgate","Thames Water",52600,"Barnet","rail",0,1,0,0.2460744,221000,284830.796797192,-63830.7967971922,0
"1492",3247,NA,NA,"D","N","F",NA,NA,NA,NA,NA,NA,"UB8","D",162,7,5.8,3,203,103,"Average","owner-occupied",51.528369,-0.45277,66,45,6,"west drayton","Affinity Water",49300,"Hillingdon","rail",0,1,0,2.0077434,619000,682890.790406492,-63890.7904064921,0
"1493",7216,NA,NA,"S","N","F",NA,NA,NA,NA,NA,NA,"KT2","D",67,3,2.6,0.7,225,58,"Good","owner-occupied",51.43004,-0.30833,66,9,6,"hampton wick","Thames Water",68800,"Kingston upon Thames","rail",0,1,0,1.7386772,522000,585993.73421504,-63993.7342150396,0
"1494",2899,NA,NA,"F","N","L",NA,NA,NA,NA,NA,NA,"E15","C",53,3,1.9,1.3,202,135,"Average","owner-occupied",51.543475,0.015189,171,12,3,"maryland","Thames Water",50200,"Newham","rail",0,1,0,0.668005,238000,302141.170064204,-64141.1700642036,0
"1495",3546,NA,NA,"S","N","F",NA,NA,NA,NA,NA,NA,"UB2","D",117.24,5,6.4,5.3,297,249,"Average","rental (social)",51.494683,-0.38792,67,35,4,"southall","Thames Water",49500,"Ealing","rail",0,1,0,1.0514088,460000,524354.407630056,-64354.4076300558,0
"1496",11665,NA,NA,"F","N","L",NA,NA,NA,NA,NA,NA,"N8","D",65,3,2.8,1.6,247,136,"Very Poor","owner-occupied",51.590146,-0.126415,61,39,3,"hornsey","Thames Water",63900,"Haringey","rail",0,1,0,0.8432398,435000,499712.29286082,-64712.2928608198,0
"1497",9097,NA,NA,"T","N","F",NA,NA,NA,NA,NA,NA,"E10","E",106,6,5.4,2.2,290,120,"Average","owner-occupied",51.577072,-0.005363,102,26,3,"leyton midland road","Thames Water",50300,"Waltham Forest","light_rail",0,0,1,0.5928156,511000,575742.945761693,-64742.9457616927,0
"1498",4442,NA,NA,"S","N","F",NA,NA,NA,NA,NA,NA,"KT9","D",94,5,4.7,1.5,280,91,"Average","owner-occupied",51.366273,-0.312663,58,42,6,"chessington north","Thames Water",54700,"Kingston upon Thames","rail",0,1,0,0.7326306,379000,443781.604517812,-64781.6045178125,0
"1499",6496,NA,NA,"T","N","F",NA,NA,NA,NA,NA,NA,"TW2","D",94,6,3.1,1.4,188,84,"Average","owner-occupied",51.445533,-0.356324,133,17,5,"whitton","Thames Water",61900,"Richmond upon Thames","rail",0,1,0,0.748787,510000,574820.484732777,-64820.4847327768,0
"1500",14104,NA,NA,"S","N","F",NA,NA,NA,NA,NA,NA,"SM5","D",108,6,5.1,2.3,266,121,"Good","owner-occupied",51.374874,-0.159413,125,30,4,"hackbridge","SES Water",57800,"Sutton","rail",0,1,0,0.6406634,491000,555905.937891921,-64905.9378919214,0
"1501",12043,NA,NA,"T","N","F",NA,NA,NA,NA,NA,NA,"N10","D",282.03,10,10,10,188,186,"Poor","owner-occupied",51.585775,-0.143917,123,91,3,"highgate","Thames Water",65800,"Haringey","tube",1,0,0,0.6443918,2067000,2132120.98074624,-65120.9807462376,0
"1502",12086,NA,NA,"S","N","F",NA,NA,NA,NA,NA,NA,"N21","D",99,5,3.6,1.3,208,70,"Average","owner-occupied",51.648299,-0.109564,18,59,5,"grange park","Thames Water",61700,"Enfield","rail",0,1,0,0.826462,557000,622265.193387743,-65265.1933877425,0
"1503",5186,NA,NA,"F","N","L",NA,NA,NA,NA,NA,NA,"EN2","D",44,2,2.5,1.2,296,139,"Poor","owner-occupied",51.663854,-0.083381,51,35,5,"gordon hill","Thames Water",50600,"Enfield","rail",0,1,0,0.5803876,230000,295340.761324039,-65340.7613240388,0
"1504",8422,NA,NA,"T","N","F",NA,NA,NA,NA,NA,NA,"IG11","D",138,6,5.5,2.2,225,90,"Average","owner-occupied",51.540906,0.104644,130,4,4,"upney","Essex & Suffolk Water",46700,"Barking and Dagenham","tube",1,0,0,0.2274324,4e+05,465605.850317924,-65605.8503179239,0
"1505",14955,NA,NA,"S","N","F",NA,NA,NA,NA,NA,NA,"KT9","E",83,5,6.4,2.6,437,175,"Average","owner-occupied",51.373477,-0.297154,84,32,6,"chessington north","Thames Water",57500,"Kingston upon Thames","rail",0,1,0,0.9370712,383000,448800.045449226,-65800.0454492257,0
"1506",10395,NA,NA,"S","N","F",NA,NA,NA,NA,NA,NA,"DA17","D",67,4,3.7,0.9,285,67,"Poor","owner-occupied",51.490458,0.149136,76,15,5,"belvedere","Thames Water",45700,"Bexley","rail",0,1,0,0.3747042,284000,350725.182136286,-66725.1821362857,0
"1507",3588,NA,NA,"T","N","F",NA,NA,NA,NA,NA,NA,"HA2","E",51,4,4.2,0.4,465,43,"Poor","owner-occupied",51.572718,-0.340225,28,99,5,"harrow-on-the-hill","Affinity Water",62900,"Harrow","tube",1,1,0,0.7158528,418000,484874.691673281,-66874.6916732811,0
"1508",15985,NA,NA,"F","N","L",NA,NA,NA,"STREATHAM",NA,NA,"SW16","E",101.64,4,6.7,5.1,392,297,"Very Poor","owner-occupied",51.430983,-0.119411,144,54,3,"streatham","Thames Water",53400,"Croydon","rail",0,1,0,0.8426184,463000,530247.85216626,-67247.85216626,0
"1509",2699,NA,NA,"T","N","F",NA,NA,NA,NA,NA,NA,"UB10","D",62,4,3.2,0.9,294,83,"Average","owner-occupied",51.549037,-0.437517,92,35,6,"hillingdon","Affinity Water",56000,"Hillingdon","tube",2,0,0,0.9140794,327000,394693.416772132,-67693.4167721319,0
"1510",4853,NA,NA,"F","N","L",NA,NA,NA,NA,NA,NA,"SW17","C",67,4,2.1,1.3,183,108,"Average","owner-occupied",51.439664,-0.158738,86,30,3,"tooting bec","Thames Water",63500,"Wandsworth","tube",1,0,0,0.3225066,402000,469781.401877393,-67781.4018773931,0
"1511",6603,NA,NA,"F","N","L",NA,NA,NA,NA,NA,NA,"HA2","D",67,3,2.6,1.5,224,131,"Average","owner-occupied",51.593732,-0.351009,91,55,5,"harrow and wealdstone","Affinity Water",63700,"Harrow","tube",2,1,1,0.8152768,306000,373984.305514029,-67984.3055140285,0
"1512",758,NA,NA,"F","N","L",NA,NA,NA,NA,NA,NA,"SE8","D",57.49,3,3.3,3.1,383,358,"Average","rental (private)",51.468591,-0.016865,134,7,2,"elverson road","Thames Water",50700,"Lewisham","light_rail",0,0,1,0.0515762,269000,337659.171308712,-68659.1713087119,0
"1513",3467,NA,NA,"D","N","F",NA,NA,NA,NA,NA,NA,"HA5","E",128,7,6.9,2.4,307,104,"Average","owner-occupied",51.580846,-0.373586,55,50,5,"rayners lane","Affinity Water",67000,"Harrow","tube",1,0,0,0.4032886,693000,762122.476485429,-69122.4764854287,0
"1514",6525,NA,NA,"D","N","F",NA,NA,NA,NA,NA,NA,"BR7","C",168,8,5,3.2,171,107,"Average","owner-occupied",51.418261,0.045748,58,72,4,"elmstead woods","Thames Water",72000,"Bromley","rail",0,1,0,0.1391936,805000,874529.918790098,-69529.9187900984,0
"1515",11533,NA,NA,"T","N","F",NA,NA,NA,NA,NA,NA,"UB3","D",135,7,5,2.2,211,89,"Average","owner-occupied",51.508417,-0.411831,149,33,5,"hayes and harlington","Affinity Water",49200,"Hillingdon","rail",0,1,0,0.7096388,521000,590976.601265804,-69976.6012658037,0
"1516",3616,NA,NA,"T","N","F",NA,NA,NA,NA,NA,NA,"RM9","F",85,4,8.1,1,567,68,"Average","rental (private)",51.539149,0.116315,86,8,5,"becontree","Essex & Suffolk Water",39500,"Barking and Dagenham","tube",1,0,0,0.5269472,271000,341124.15739731,-70124.1573973096,0
"1517",10656,NA,NA,"T","N","F",NA,NA,NA,NA,NA,NA,"UB6","D",100,5,3.8,1.5,218,84,"Average","owner-occupied",51.553067,-0.333671,100,42,4,"sudbury hill","Affinity Water",54000,"Ealing","tube",1,0,0,0.5990296,458000,528152.672584719,-70152.6725847194,0
"1518",6682,NA,NA,"F","N","L",NA,NA,NA,NA,NA,NA,"CR7","D",36,2,2.5,0.9,405,145,"Average","rental (private)",51.397515,-0.108996,29,46,4,"thornton heath","Thames Water",51500,"Croydon","rail",0,1,0,0.4455438,127000,197206.626416397,-70206.6264163974,0
"1519",5074,NA,NA,"T","N","F",NA,NA,NA,NA,NA,NA,"CR7","D",72,5,3.5,2.8,291,233,"Average","rental (private)",51.389795,-0.117636,114,40,3,"ampere way","Thames Water",48600,"Croydon","light_rail",0,0,1,0.925886,304000,374507.269969686,-70507.2699696863,0
"1520",3430,NA,NA,"D","N","F",NA,NA,NA,NA,NA,NA,"SM6","F",195,8,13,5.7,378,168,"Very Poor","owner-occupied",51.351403,-0.153705,69,81,5,"wallington","SES Water",53000,"Sutton","rail",0,1,0,1.0265528,757000,827675.115655165,-70675.1156551647,0
"1521",5588,NA,NA,"F","N","L",NA,NA,NA,NA,NA,NA,"NW10","E",53,2,3.9,2.6,410,280,"Average","rental (social)",51.544371,-0.228093,10,68,2,"willesden green","Thames Water",54700,"Brent","tube",1,0,0,0.8569106,376000,447112.011690638,-71112.011690638,0
"1522",8336,NA,NA,"F","N","L",NA,NA,NA,NA,NA,NA,"NW9","D",61,3,2.9,1.9,268,180,"Average","rental (private)",51.584547,-0.26836,94,59,4,"kingsbury","Affinity Water",50900,"Brent","tube",1,0,0,0.6033794,233000,304629.716008728,-71629.7160087277,0
"1523",1043,NA,NA,"S","N","F",NA,NA,NA,NA,NA,NA,"HA8","D",104,5,4,1.8,219,98,"Average","owner-occupied",51.603145,-0.258715,91,54,4,"burnt oak","Affinity Water",43800,"Barnet","tube",1,0,0,0.3566836,454000,525688.654736399,-71688.6547363986,0
"1524",13832,NA,NA,"F","N","L",NA,NA,NA,"BLACKHEATH",NA,NA,"SE3","E",38.51,2,4.3,3.6,735,614,"Very Poor","rental (private)",51.473465,0.019965,32,43,3,"blackheath","Thames Water",67800,"Greenwich","rail",0,1,0,0.8861164,287000,358902.707914967,-71902.707914967,0
"1525",10983,NA,NA,"T","N","F",NA,NA,NA,NA,NA,NA,"SW20","D",104,4,3.7,1.4,202,76,"Average","owner-occupied",51.405261,-0.207609,123,17,4,"south merton","Thames Water",72900,"Merton","rail",0,1,0,0.2504242,590000,661929.65260088,-71929.6526008804,0
"1526",6015,NA,NA,"T","N","F",NA,NA,NA,"TOTTENHAM",NA,NA,"N17","D",65.36,3,3.6,2.8,333,253,"Good","rental (private)",51.60379,-0.072164,123,15,3,"white hart lane","Thames Water",38300,"Haringey","light_rail",0,0,1,0.4554862,354000,425972.642251518,-71972.6422515185,0
"1527",2902,NA,NA,"T","N","F",NA,NA,NA,NA,NA,NA,"CR0","E",78,4,7.4,3.3,566,250,"Average","owner-occupied",51.374839,-0.050503,24,76,3,"coombe lane","Thames Water",60800,"Croydon","light_rail",0,0,1,1.4466192,347000,419035.674648545,-72035.6746485454,0
"1528",6105,NA,NA,"T","N","F",NA,NA,NA,NA,NA,NA,"SE24","E",148,6,8.1,3.7,262,112,"Poor","owner-occupied",51.461808,-0.097602,88,33,2,"loughborough junction","Thames Water",58500,"Lambeth","rail",0,1,0,0.5785234,1181000,1253059.80155845,-72059.8015584494,0
"1529",15921,NA,NA,"S","N","F",NA,NA,NA,NA,NA,NA,"SE16","C",132,5,3.4,2,147,85,"Good","owner-occupied",51.497585,-0.037808,102,4,2,"surrey quays","Thames Water",63300,"Southwark","light_rail",0,0,1,0.6344494,932000,1004068.82782964,-72068.8278296414,0
"1530",15810,NA,NA,"T","N","F",NA,NA,NA,NA,NA,NA,"HA2","C",138,7,3.7,1.9,151,78,"Good","owner-occupied",51.572946,-0.368009,163,53,5,"rayners lane","Affinity Water",60000,"Harrow","tube",1,0,0,0.3610334,629000,701585.096250056,-72585.0962500556,0
"1531",8196,NA,NA,"T","N","F",NA,NA,NA,NA,NA,NA,"SE6","E",125,7,8.8,4.5,333,161,"Very Poor","owner-occupied",51.442142,0.001171,94,30,3,"hither green","Thames Water",56800,"Lewisham","rail",0,1,0,0.9675198,656000,728610.338966384,-72610.3389663838,0
"1532",5083,NA,NA,"F","N","L",NA,NA,NA,NA,NA,NA,"E3","D",107,3,5.6,4.6,312,254,"Average","rental (social)",51.521583,-0.036012,86,13,2,"mile end","Thames Water",48000,"Tower Hamlets","tube",2,0,0,0.4778566,604000,676613.559576051,-72613.5595760511,0
"1533",4625,NA,NA,"S","N","F",NA,NA,NA,NA,NA,NA,"TW12","E",84,5,5,1.6,308,95,"Poor","owner-occupied",51.42276,-0.381232,17,20,6,"hampton","Thames Water",61900,"Richmond upon Thames","rail",0,1,0,0.7897994,556000,628737.223637981,-72737.2236379806,0
"1534",7735,NA,NA,"T","N","F",NA,NA,NA,NA,NA,NA,"SE28","C",82.05,5,2.5,2.3,187,167,"Average","owner-occupied",51.510491,0.12813,40,3,4,"abbey wood","Thames Water",49800,"Greenwich","rail",0,1,0,2.1357518,252000,325017.83477026,-73017.8347702597,0
"1535",10355,NA,NA,"F","N","L",NA,NA,NA,NA,NA,NA,"DA15","F",55,2,6.4,5.6,689,597,"Average","rental (private)",51.442288,0.098279,145,35,5,"sidcup","Thames Water",56500,"Bexley","rail",0,1,0,0.6872684,227000,300258.875190299,-73258.8751902995,0
"1536",9149,NA,NA,"T","N","F",NA,NA,NA,NA,NA,NA,"SM5","D",109,5,4.8,2.1,231,97,"Average","owner-occupied",51.371223,-0.166887,73,36,5,"carshalton","SES Water",57800,"Sutton","rail",0,1,0,0.2224612,448000,522008.966635574,-74008.9666355743,0
"1537",561,NA,NA,"F","N","L",NA,NA,NA,NA,NA,NA,"HA8","D",61,3,2.5,1.5,237,145,"Average","owner-occupied",51.615684,-0.284653,180,64,5,"edgware","Affinity Water",55100,"Barnet","tube",1,0,0,0.7848282,231000,305049.537204353,-74049.537204353,0
"1538",13698,NA,NA,"T","N","F",NA,NA,NA,NA,NA,NA,"UB3","E",92,4,5.6,1.8,344,106,"Average","owner-occupied",51.522756,-0.432861,104,42,5,"hayes and harlington","Affinity Water",43800,"Hillingdon","rail",0,1,0,1.702636,323000,397099.786965598,-74099.7869655978,0
"1539",14485,NA,NA,"T","N","F",NA,NA,NA,NA,NA,NA,"IG11","D",145,7,6.5,2.4,256,94,"Average","owner-occupied",51.532229,0.087446,62,4,4,"barking","Essex & Suffolk Water",44200,"Barking and Dagenham","tube",2,0,1,0.7158528,360000,434239.951677145,-74239.9516771448,0
"1540",15069,NA,NA,"T","N","F",NA,NA,NA,NA,NA,NA,"SE9","D",96,5,4.3,2.2,253,128,"Average","owner-occupied",51.436267,0.064594,57,54,4,"new eltham","Thames Water",52100,"Greenwich","rail",0,1,0,0.4617002,354000,428711.593510049,-74711.5935100491,0
"1541",12729,NA,NA,"S","N","L",NA,NA,NA,NA,NA,NA,"DA15","D",59,3,2.4,1.8,232,169,"Average","owner-occupied",51.452133,0.105898,114,42,4,"welling","Thames Water",51000,"Bexley","rail",0,1,0,1.4689896,256000,330928.974540818,-74928.9745408184,0
"1542",14576,NA,NA,"T","N","F",NA,NA,NA,"BATTERSEA",NA,NA,"SW11","E",108,4,5.8,3,303,155,"Poor","owner-occupied",51.468741,-0.15381,69,4,2,"queenstown road","Thames Water",58900,"Wandsworth","rail",0,1,0,0.7810998,937000,1011939.93129632,-74939.9312963166,0
"1543",3795,NA,NA,"S","N","F",NA,NA,NA,NA,NA,NA,"BR7","F",83,4,8.6,2.5,583,169,"Average","owner-occupied",51.4187,0.056655,46,90,4,"elmstead woods","Thames Water",72000,"Bromley","rail",0,1,0,0.8308118,523000,598007.750374944,-75007.7503749443,0
"1544",7872,NA,NA,"F","N","L",NA,NA,NA,NA,NA,NA,"E13","E",70,3,4.5,1.4,365,116,"Average","owner-occupied",51.537755,0.034504,112,11,3,"upton park","Thames Water",43900,"Newham","tube",2,0,0,0.006214,252000,327266.567334234,-75266.5673342344,0
"1545",12974,NA,NA,"F","N","L",NA,NA,NA,NA,NA,NA,"SW1P","C",76,3,2.4,1.3,182,101,"Average","owner-occupied",51.496244,-0.134187,40,13,1,"st. james's park","Thames Water",57500,"Westminster","tube",2,0,0,0.4157166,847000,922581.296973934,-75581.2969739342,0
"1546",800,NA,NA,"T","N","F",NA,NA,NA,NA,NA,NA,"TW2","D",61,3,3.4,0.7,310,60,"Average","owner-occupied",51.448394,-0.368669,135,22,5,"whitton","Thames Water",55400,"Richmond upon Thames","rail",0,1,0,0.7823426,334000,409757.108701121,-75757.1087011208,0
"1547",1155,NA,NA,"T","N","F",NA,NA,NA,NA,NA,NA,"SE12","D",96,5,4.3,2.5,253,143,"Average","owner-occupied",51.457233,0.007963,98,18,3,"hither green","Thames Water",53500,"Lewisham","rail",0,1,0,0.5822518,459000,534779.1843399,-75779.1843399003,0
"1548",9729,NA,NA,"F","N","L",NA,NA,NA,NA,NA,NA,"SW6","D",49,2,2.9,1,303,113,"Very Poor","owner-occupied",51.479887,-0.212131,48,9,2,"parsons green","Thames Water",57600,"Hammersmith and Fulham","tube",1,0,0,0.8830094,418000,493809.162342655,-75809.1623426548,0
"1549",2928,NA,NA,"F","N","L",NA,NA,NA,NA,NA,NA,"SE13","D",70,2,3.5,1.6,283,133,"Average","owner-occupied",51.452521,-0.013718,52,19,3,"ladywell","Thames Water",55700,"Lewisham","rail",0,1,0,0.5921942,293000,369078.325204381,-76078.3252043807,0
"1550",12293,NA,NA,"T","N","F",NA,NA,NA,NA,NA,NA,"SE3","D",66,3,3.8,0.7,295,49,"Average","owner-occupied",51.466214,0.039354,128,42,3,"kidbrooke","Thames Water",47700,"Greenwich","rail",0,1,0,0.7991204,292000,368080.84130531,-76080.8413053104,0
"1551",7493,NA,NA,"T","N","F",NA,NA,NA,NA,NA,NA,"IG11","E",115,5,7.4,3.2,362,154,"Average","owner-occupied",51.534405,0.078936,17,6,4,"barking","Essex & Suffolk Water",44200,"Barking and Dagenham","tube",2,0,1,0.5070624,319000,395549.864461213,-76549.8644612132,0
"1552",5532,NA,NA,"F","N","L",NA,NA,NA,NA,NA,NA,"W2","C",56.67,2,2.3,2.2,212,201,"Very Poor","rental (private)",51.517603,-0.180056,195,32,1,"paddington","Thames Water",66700,"Westminster","tube",5,1,0,0.2914366,728000,804674.667161584,-76674.6671615842,0
"1553",9853,NA,NA,"S","N","F",NA,NA,NA,NA,NA,NA,"W5","E",153,8,8.3,3.4,354,153,"Average","owner-occupied",51.51255,-0.286987,122,33,3,"ealing common","Thames Water",58600,"Ealing","tube",2,0,0,0.1224158,1113000,1189795.99168483,-76795.9916848294,0
"1554",12530,NA,NA,"S","N","F",NA,NA,NA,NA,NA,NA,"SE25","D",119,4,5,2,240,91,"Average","owner-occupied",51.391539,-0.066841,83,48,3,"woodside","Thames Water",50500,"Croydon","light_rail",0,0,1,0.3069716,454000,530829.978279895,-76829.978279895,0
"1555",72,NA,NA,"T","N","F",NA,NA,NA,NA,NA,NA,"SE28","D",58,3,2.6,0.7,253,64,"Average","owner-occupied",51.50324,0.10236,157,3,4,"abbey wood","Thames Water",49700,"Greenwich","rail",0,1,0,2.6571064,226000,303106.124917269,-77106.1249172693,0
"1556",8698,NA,NA,"S","N","F",NA,NA,NA,NA,NA,NA,"RM3","D",100,5,5.2,2.3,291,125,"Good","owner-occupied",51.612618,0.220578,92,45,6,"harold wood","Essex & Suffolk Water",40300,"Havering","rail",0,1,0,1.5572284,313000,390532.568560225,-77532.5685602249,0
"1557",8543,NA,NA,"S","N","F",NA,NA,NA,NA,NA,NA,"CR7","D",92.55,4,4.5,3.9,255,217,"Good","owner-occupied",51.404932,-0.097763,56,57,4,"thornton heath","Thames Water",44900,"Croydon","rail",0,1,0,0.5213546,315000,392644.930293614,-77644.9302936138,0
"1558",14982,NA,NA,"T","N","F",NA,NA,NA,NA,NA,NA,"TW12","D",57,3,5.7,4.5,561,441,"Average","owner-occupied",51.424575,-0.384375,84,19,6,"hampton","Thames Water",54700,"Richmond upon Thames","rail",0,1,0,1.121627,347000,424680.790868112,-77680.7908681122,0
"1559",3961,NA,NA,"T","N","F",NA,NA,NA,NA,NA,NA,"SE28","D",57.52,3,2.6,1.9,276,196,"Average","owner-occupied",51.50994,0.12479,54,2,4,"abbey wood","Thames Water",49800,"Greenwich","rail",0,1,0,2.1171098,228000,305739.878344876,-77739.8783448765,0
"1560",10496,NA,NA,"S","N","F",NA,NA,NA,NA,NA,NA,"DA5","D",95,5,3.8,1,235,64,"Good","owner-occupied",51.448969,0.133687,69,35,6,"bexley","Thames Water",54000,"Bexley","rail",0,1,0,1.0023182,341000,418740.900889365,-77740.9008893649,0
"1561",672,NA,NA,"F","N","L",NA,NA,NA,NA,NA,NA,"N12","C",47,2,2.3,1.8,286,225,"Average","owner-occupied",51.613249,-0.177359,58,94,4,"woodside park","Affinity Water",51100,"Barnet","tube",1,0,0,0.7164742,176000,253796.500941007,-77796.5009410072,0
"1562",7719,NA,NA,"S","N","F",NA,NA,NA,NA,NA,NA,"BR4","D",97,5,4.2,1.3,227,66,"Good","owner-occupied",51.363984,0.010173,82,86,5,"hayes","Thames Water",61700,"Bromley","rail",0,1,0,1.3198536,415000,493057.555885919,-78057.5558859192,0
"1563",11951,NA,NA,"T","N","F",NA,NA,NA,NA,NA,NA,"TW1","D",67,3,2.9,0.8,253,69,"Average","owner-occupied",51.44733,-0.335206,44,14,5,"twickenham","Thames Water",70600,"Richmond upon Thames","rail",0,1,0,0.5101694,547000,625077.173048778,-78077.1730487782,0
"1564",12200,NA,NA,"S","N","F",NA,NA,NA,NA,NA,NA,"HA5","E",102,6,5.8,2.8,329,158,"Average","owner-occupied",51.581313,-0.384596,117,49,5,"eastcote","Affinity Water",75400,"Harrow","tube",2,0,0,0.8538036,614000,692549.034655958,-78549.0346559579,0
"1565",12502,NA,NA,"F","N","L",NA,NA,NA,NA,NA,NA,"HA0","D",50,3,2.8,1.4,321,161,"Good","owner-occupied",51.544373,-0.284509,96,37,3,"stonebridge park","Affinity Water",48900,"Brent","tube",2,0,1,0.6133218,231000,309550.590193989,-78550.5901939888,0
"1566",2619,NA,NA,"F","N","L",NA,NA,NA,NA,NA,NA,"IG11","C",63,3,1.5,1.5,133,133,"Average","owner-occupied",51.534002,0.075733,151,4,4,"barking","Essex & Suffolk Water",44200,"Barking and Dagenham","tube",2,0,1,0.571688,153000,231674.955191992,-78674.9551919918,0
"1567",2885,NA,NA,"T","N","F",NA,NA,NA,NA,NA,NA,"SE9","D",107,5,4.7,1.9,249,101,"Average","owner-occupied",51.463661,0.047043,18,46,4,"eltham","Thames Water",47900,"Greenwich","rail",0,1,0,0.8084414,352000,431675.651989167,-79675.6519891673,0
"1568",4682,NA,NA,"F","N","L",NA,NA,NA,"WANSTEAD",NA,NA,"E11","C",44,2,1.8,1.4,245,190,"Average","owner-occupied",51.576816,0.026896,53,31,4,"wanstead","Thames Water",55000,"Redbridge","tube",1,0,0,0.1298726,179000,258706.61047687,-79706.6104768701,0
"1569",8794,NA,NA,"F","N","L",NA,NA,NA,NA,NA,NA,"N17","C",52,2,1.5,1,159,113,"Average","owner-occupied",51.606299,-0.060158,57,13,3,"northumberland park","Thames Water",36900,"Haringey","rail",0,1,0,0.3778112,195000,274719.594746222,-79719.5947462216,0
"1570",13189,NA,NA,"T","N","F",NA,NA,NA,"WOOD GREEN",NA,NA,"N22","D",88,5,4,1.4,237,77,"Average","owner-occupied",51.597113,-0.096718,64,20,3,"turnpike lane","Thames Water",44900,"Haringey","tube",1,0,0,0.6263712,433000,512778.037397722,-79778.0373977218,0
"1571",3209,NA,NA,"T","N","F",NA,NA,NA,NA,NA,NA,"SE7","D",93,5,4.1,2.3,248,139,"Average","owner-occupied",51.476383,0.03795,83,50,3,"charlton","Thames Water",50000,"Greenwich","rail",0,1,0,0.9979684,377000,457039.380956724,-80039.3809567235,0
"1572",3081,NA,NA,"F","N","L",NA,NA,NA,NA,NA,NA,"RM6","D",53,4,3.4,2.4,378,272,"Very Poor","owner-occupied",51.574825,0.118189,86,18,4,"goodmayes","Essex & Suffolk Water",46600,"Redbridge","rail",0,1,0,0.9140794,179000,259197.932489383,-80197.9324893825,0
"1573",14497,NA,NA,"S","N","F",NA,NA,NA,NA,NA,NA,"IG8","E",170,7,7.3,5.2,287,212,"Poor","owner-occupied",51.614594,0.031063,70,58,4,"woodford","Thames Water",59400,"Redbridge","tube",1,0,0,0.5337826,871000,951408.527264848,-80408.5272648477,0
"1574",4687,NA,NA,"F","N","L",NA,NA,NA,NA,NA,NA,"E2","D",56,3,2.7,1.4,252,129,"Very Poor","rental (private)",51.527835,-0.075763,40,21,1,"shoreditch high street","Thames Water",48900,"Hackney","light_rail",0,0,1,0.3274778,456000,536827.804115803,-80827.8041158032,0
"1575",13603,NA,NA,"F","N","L",NA,NA,NA,NA,NA,NA,"TW11","D",50,2,3.7,1.6,431,192,"Very Poor","rental (private)",51.428439,-0.343574,32,12,6,"teddington","Thames Water",62200,"Richmond upon Thames","rail",0,1,0,0.5723094,281000,362451.503576879,-81451.5035768789,0
"1576",8520,NA,NA,"T","N","F",NA,NA,NA,NA,NA,NA,"BR5","C",42,2,1.7,0.1,212,1,"Good","rental (private)",51.382749,0.114582,72,68,6,"st mary cray","Thames Water",50900,"Bromley","rail",0,1,0,1.4124422,190000,271497.976895612,-81497.9768956122,0
"1577",357,NA,NA,"F","N","L",NA,NA,NA,NA,NA,NA,"SE3","C",46.72,2,2.4,2.3,291,283,"Very Poor","owner-occupied",51.466805,-0.002257,85,26,2,"lewisham","Thames Water",59500,"Greenwich","light_rail",0,1,1,1.1384048,290000,371611.077251453,-81611.0772514529,0
"1578",8649,NA,NA,"T","N","F",NA,NA,NA,NA,NA,NA,"SE20","D",87,5,3.3,1,213,63,"Average","owner-occupied",51.403391,-0.061898,56,45,3,"harrington road","Thames Water",55700,"Bromley","light_rail",0,0,1,0.4592146,396000,477639.797827978,-81639.797827978,0
"1579",14299,NA,NA,"S","N","F",NA,NA,NA,NA,NA,NA,"RM13","E",82,3,5.2,1.3,356,86,"Average","owner-occupied",51.53669,0.197802,23,9,6,"elm park","Essex & Suffolk Water",44600,"Havering","tube",1,0,0,1.177553,255000,336719.005752124,-81719.0057521238,0
"1580",5781,NA,NA,"F","N","L",NA,NA,NA,NA,NA,NA,"E9","F",83,4,5.3,1.8,376,122,"Average","owner-occupied",51.550103,-0.044233,107,18,2,"homerton","Thames Water",43000,"Hackney","light_rail",0,0,1,0.5797662,424000,506329.409916185,-82329.4099161852,0
"1581",7533,NA,NA,"T","N","F",NA,NA,NA,NA,NA,NA,"N18","D",96,5,3.5,1.2,208,70,"Average","owner-occupied",51.614402,-0.066197,64,17,4,"silver street","Thames Water",40700,"Enfield","light_rail",0,0,1,0.4107454,327000,409330.898362281,-82330.8983622813,0
"1582",12700,NA,NA,"S","N","F",NA,NA,NA,NA,NA,NA,"DA5","E",99,5,6.4,2.5,306,111,"Average","owner-occupied",51.43916,0.153705,34,18,6,"bexley","Thames Water",61700,"Bexley","rail",0,1,0,0.487799,461000,544208.991733265,-83208.9917332653,0
"1583",14006,NA,NA,"S","N","F",NA,NA,NA,NA,NA,NA,"W13","D",186,9,7.8,3.2,239,98,"Very Poor","owner-occupied",51.518042,-0.312898,67,41,3,"west ealing","Thames Water",64800,"Ealing","rail",0,1,0,0.5145192,1310000,1394246.60734255,-84246.6073425538,0
"1584",1293,NA,NA,"F","N","L",NA,NA,NA,"EALING",NA,NA,"W13","B",65,3,1,0.9,89,83,"Good","owner-occupied",51.512593,-0.316702,112,31,3,"west ealing","Thames Water",64800,"Ealing","rail",0,1,0,0.3150498,334000,418272.200142559,-84272.2001425587,0
"1585",2716,NA,NA,"F","N","L",NA,NA,NA,NA,NA,NA,"SW3","C",37,2,1.6,1,242,157,"Average","owner-occupied",51.493339,-0.164931,30,13,1,"sloane square","Thames Water",50600,"Kensington and Chelsea","tube",2,0,0,0.472264,499000,583467.774522914,-84467.7745229141,0
"1586",9505,NA,NA,"F","N","L",NA,NA,NA,NA,NA,NA,"BR2","C",48,2,1.2,1.1,139,131,"Average","owner-occupied",51.403058,0.005459,55,45,4,"shortlands","Thames Water",64600,"Bromley","rail",0,1,0,0.3703544,193000,278123.044610846,-85123.0446108456,0
"1587",15331,NA,NA,"T","N","F",NA,NA,NA,NA,NA,NA,"HA4","C",83,3,2.6,1.2,179,80,"Good","owner-occupied",51.565737,-0.408132,39,40,5,"ruislip gardens","Affinity Water",59800,"Hillingdon","tube",1,0,0,0.742573,388000,473702.484699506,-85702.4846995065,0
"1588",131,NA,NA,"S","N","F",NA,NA,NA,NA,NA,NA,"TW14","D",54,4,2.4,0.3,252,29,"Poor","owner-occupied",51.455625,-0.430698,24,24,6,"feltham","Affinity Water",50600,"Hounslow","tube",1,1,0,1.2428,311000,396967.443279986,-85967.4432799857,0
"1589",5505,NA,NA,"F","N","L",NA,NA,NA,NA,NA,NA,"EN5","C",54,3,2.1,1.1,223,115,"Poor","owner-occupied",51.650572,-0.185045,18,86,5,"high barnet","Affinity Water",55400,"Barnet","tube",1,0,0,0.5387538,277000,363088.486543569,-86088.4865435695,0
"1590",9503,NA,NA,"F","N","L",NA,NA,NA,NA,NA,NA,"E3","C",76,3,2.4,2.3,182,169,"Average","owner-occupied",51.529638,-0.027275,201,15,2,"bow road","Thames Water",57000,"Tower Hamlets","tube",2,0,0,0.2336464,394000,480246.256663943,-86246.2566639427,0
"1591",4991,NA,NA,"T","N","F",NA,NA,NA,NA,NA,NA,"HA5","D",89,5,3.8,1.3,242,77,"Good","owner-occupied",51.592114,-0.374931,117,60,5,"pinner","Affinity Water",68600,"Harrow","tube",1,0,0,0.5455892,496000,582311.383793029,-86311.3837930288,0
"1592",12907,NA,NA,"T","N","F",NA,NA,NA,NA,NA,NA,"E4","D",133,7,6.3,2.2,246,82,"Average","owner-occupied",51.61436,0.002786,79,30,4,"highams park","Thames Water",62400,"Waltham Forest","light_rail",0,0,1,0.5580172,575000,661331.77045168,-86331.7704516803,0
"1593",1380,NA,NA,"S","N","F",NA,NA,NA,NA,NA,NA,"IG8","D",100,5,3.4,1.4,192,80,"Good","owner-occupied",51.603943,0.053462,121,24,4,"woodford","Thames Water",53600,"Redbridge","tube",1,0,0,1.0768862,409000,495439.708841729,-86439.7088417288,0
"1594",5149,NA,NA,"T","N","F",NA,NA,NA,NA,NA,NA,"TW14","D",101,6,3.9,1.9,220,103,"Average","owner-occupied",51.456231,-0.425589,66,25,5,"hatton cross","Affinity Water",50600,"Hounslow","tube",1,0,0,1.2341004,359000,445447.267910482,-86447.2679104821,0
"1595",13628,NA,NA,"T","N","F",NA,NA,NA,NA,NA,NA,"EN5","D",75,4,3.3,0.7,246,53,"Very Poor","owner-occupied",51.655157,-0.203912,81,134,5,"high barnet","Affinity Water",60200,"Barnet","tube",1,0,0,0.5263258,497000,583733.85444628,-86733.8544462797,0
"1596",7075,NA,NA,"S","N","F",NA,NA,NA,NA,NA,NA,"BR2","D",67,3,2.6,0.5,200,36,"Good","owner-occupied",51.379677,0.044472,57,71,5,"petts wood","Thames Water",67300,"Bromley","rail",0,1,0,1.9499532,339000,426010.460785079,-87010.4607850792,0
"1597",4483,NA,NA,"T","N","F",NA,NA,NA,NA,NA,NA,"SW19","D",123,6,3.9,2.2,196,112,"Average","owner-occupied",51.420023,-0.174169,89,16,3,"colliers wood","Thames Water",64700,"Merton","tube",1,0,0,0.1454076,751000,838115.704624464,-87115.7046244636,0
"1598",6701,NA,NA,"T","N","F",NA,NA,NA,NA,NA,NA,"CR4","D",91,6,2.9,1.2,185,70,"Good","owner-occupied",51.398714,-0.138963,92,31,3,"beddington lane","Thames Water",47200,"Merton","light_rail",0,0,1,0.9252646,345000,432120.976830287,-87120.9768302874,0
"1599",5811,NA,NA,"T","N","F",NA,NA,NA,NA,NA,NA,"BR1","D",66,4,2.5,0.9,216,74,"Good","owner-occupied",51.42275,0.009788,107,43,4,"sundridge park","Thames Water",53700,"Bromley","rail",0,1,0,0.9115938,286000,373257.936239057,-87257.936239057,0
"1600",5265,NA,NA,"T","N","F",NA,NA,NA,NA,NA,NA,"EN5","D",82,4,3.6,2,252,134,"Good","owner-occupied",51.659789,-0.209252,47,120,5,"high barnet","Affinity Water",60200,"Barnet","tube",1,0,0,1.0209602,498000,585318.371532609,-87318.371532609,0
"1601",5713,NA,NA,"F","N","L",NA,NA,NA,NA,NA,NA,"E14","C",65,3,1.9,1.7,164,148,"Good","owner-occupied",51.514979,-0.029798,52,8,2,"westferry","Thames Water",58600,"Tower Hamlets","light_rail",0,0,1,0.5679596,321000,408417.70609678,-87417.7060967796,0
"1602",10410,NA,NA,"S","N","F",NA,NA,NA,NA,NA,NA,"SE4","E",106,5,6,1.1,322,55,"Poor","owner-occupied",51.457219,-0.027246,54,29,3,"ladywell","Thames Water",58200,"Lewisham","rail",0,1,0,0.388375,585000,672657.306281151,-87657.3062811515,0
"1603",7063,NA,NA,"F","N","L",NA,NA,NA,"CHEAM",NA,NA,"SM3","C",39,2,1.8,1.7,269,263,"Good","owner-occupied",51.370269,-0.229348,75,42,5,"stoneleigh","SES Water",55400,"Sutton","rail",0,1,0,1.2440428,130000,217806.375905031,-87806.3759050311,0
"1604",1333,NA,NA,"F","N","L",NA,NA,NA,NA,NA,NA,"E9","D",78,3,2.8,1.9,208,141,"Good","rental (private)",51.546649,-0.04001,139,11,2,"homerton","Thames Water",43000,"Hackney","light_rail",0,0,1,0.2585024,352000,440003.824381859,-88003.8243818589,0
"1605",10763,NA,NA,"T","N","F",NA,NA,NA,NA,NA,NA,"E9","D",77,3,3.3,1,240,67,"Average","owner-occupied",51.548285,-0.026007,47,6,2,"hackney wick","Thames Water",46500,"Hackney","light_rail",0,0,1,0.5039554,461000,549171.905960512,-88171.9059605125,0
"1606",6516,NA,NA,"F","N","L",NA,NA,NA,NA,NA,NA,"SW15","D",74.02,3,4.8,3.6,385,293,"Very Poor","owner-occupied",51.461272,-0.218521,41,17,2,"putney","Thames Water",68500,"Kingston upon Thames","rail",0,1,0,0.1590784,541000,629240.491788407,-88240.4917884071,0
"1607",833,NA,NA,"S","N","F",NA,NA,NA,NA,NA,NA,"IG8","D",85,4,4.4,2,296,133,"Average","owner-occupied",51.601779,0.001756,154,37,4,"highams park","Thames Water",62400,"Redbridge","light_rail",0,0,1,0.6319638,444000,532259.884456029,-88259.884456029,0
"1608",7211,NA,NA,"T","N","F",NA,NA,NA,NA,NA,NA,"IG1","D",103,5,4.4,1.6,240,87,"Poor","owner-occupied",51.557405,0.085627,115,13,4,"seven kings","Essex & Suffolk Water",50400,"Redbridge","rail",0,1,0,1.003561,385000,473375.421532507,-88375.4215325068,0
"1609",9976,NA,NA,"T","N","F",NA,NA,NA,NA,NA,NA,"SW14","D",115,5,4.9,2.3,243,114,"Average","owner-occupied",51.467095,-0.260213,90,10,3,"mortlake","Thames Water",68200,"Richmond upon Thames","rail",0,1,0,0.4119882,827000,915685.885908882,-88685.8859088819,0
"1610",13554,NA,NA,"T","N","F",NA,NA,NA,NA,NA,NA,"E13","D",71,3,2.9,0.8,232,61,"Average","owner-occupied",51.526648,0.034571,141,7,3,"upton park","Thames Water",45200,"Newham","tube",2,0,0,0.8755526,283000,371889.344736349,-88889.3447363487,0
"1611",7793,NA,NA,"F","N","L",NA,NA,NA,NA,NA,NA,"RM5","C",52,2,1.8,1.3,193,145,"Average","owner-occupied",51.608976,0.174458,52,80,6,"gidea park","Essex & Suffolk Water",42400,"Havering","rail",0,1,0,3.1772182,129000,218724.682855012,-89724.6828550116,0
"1612",1945,NA,NA,"T","N","L",NA,NA,NA,NA,NA,NA,"SW12","D",82,3,4.2,3.3,288,229,"Poor","rental (private)",51.44449,-0.139736,73,30,3,"balham","Thames Water",64000,"Wandsworth","tube",1,1,0,0.7251738,653000,743005.466839023,-90005.4668390229,0
"1613",8041,NA,NA,"T","N","F",NA,NA,NA,NA,NA,NA,"IG2","D",106,5,4.4,2.7,218,130,"Average","owner-occupied",51.57837,0.095578,104,24,4,"newbury park","Essex & Suffolk Water",51300,"Redbridge","tube",1,0,0,0.3952104,366000,456085.070637881,-90085.0706378813,0
"1614",5914,NA,NA,"T","N","F",NA,NA,NA,NA,NA,NA,"TW2","D",80,4,3,0.8,214,53,"Good","rental (private)",51.454713,-0.371711,141,21,5,"whitton","Thames Water",59000,"Richmond upon Thames","rail",0,1,0,0.8494538,412000,502110.285683958,-90110.2856839584,0
"1615",368,NA,NA,"T","N","F",NA,NA,NA,"PLUMSTEAD",NA,NA,"SE18","G",123,6,13,1.9,580,84,"Very Poor","owner-occupied",51.4848,0.086518,239,43,4,"plumstead","Thames Water",48200,"Greenwich","rail",0,1,0,0.584116,339000,429506.485035194,-90506.4850351938,0
"1616",3165,NA,NA,"F","N","F",NA,NA,NA,NA,NA,NA,"SW17","D",157.88,5,7.3,7.1,277,268,"Poor","owner-occupied",51.436204,-0.163452,106,32,3,"tooting bec","Thames Water",60700,"Wandsworth","tube",1,0,0,0.2311608,978000,1068515.35514782,-90515.3551478216,0
"1617",12103,NA,NA,"T","N","F",NA,NA,NA,NA,NA,NA,"N15","D",96,6,3.6,1.3,212,74,"Average","owner-occupied",51.583241,-0.092996,158,18,3,"harringay green lanes","Thames Water",44200,"Haringey","light_rail",0,0,1,0.6481202,453000,544229.993724912,-91229.9937249117,0
"1618",1513,NA,NA,"S","N","F",NA,NA,NA,NA,NA,NA,"HA2","C",138,7,4.1,1.7,167,65,"Average","owner-occupied",51.589149,-0.355101,45,55,5,"north harrow","Affinity Water",63700,"Harrow","tube",1,0,0,0.6723548,703000,794546.256641379,-91546.256641379,0
"1619",4304,NA,NA,"F","N","L",NA,NA,NA,NA,NA,NA,"SE22","C",47,2,1.5,1.2,182,142,"Average","owner-occupied",51.462303,-0.066803,96,23,2,"peckham rye","Thames Water",62600,"Southwark","light_rail",0,1,1,0.6530914,259000,350818.607325853,-91818.6073258528,0
"1620",325,NA,NA,"T","N","F",NA,NA,NA,NA,NA,NA,"N13","D",115,6,3.8,1.4,191,69,"Average","owner-occupied",51.620189,-0.1001,89,33,4,"palmers green","Thames Water",48600,"Enfield","rail",0,1,0,0.6785688,437000,528873.230314594,-91873.2303145938,0
"1621",4494,NA,NA,"T","N","F",NA,NA,NA,NA,NA,NA,"KT5","E",62,5,4.2,0.4,386,38,"Very Poor","owner-occupied",51.380964,-0.277247,77,27,5,"tolworth","Thames Water",55400,"Kingston upon Thames","rail",0,1,0,0.3952104,291000,383051.244404926,-92051.2444049258,0
"1622",13716,NA,NA,"F","N","L",NA,NA,NA,NA,NA,NA,"SW11","D",71,3,3.6,2.4,290,195,"Poor","rental (private)",51.461653,-0.173199,132,19,2,"clapham junction","Thames Water",65900,"Wandsworth","light_rail",0,1,1,0.3585478,507000,599100.061877163,-92100.0618771631,0
"1623",1133,NA,NA,"T","N","F",NA,NA,NA,NA,NA,NA,"N15","D",145,7,4.9,2.7,190,105,"Average","owner-occupied",51.585579,-0.098387,71,20,3,"turnpike lane","Thames Water",48900,"Haringey","tube",1,0,0,0.4977414,660000,752244.258617731,-92244.2586177313,0
"1624",1471,NA,NA,"S","N","F",NA,NA,NA,NA,NA,NA,"TW2","F",121,7,8.8,4.1,412,190,"Average","owner-occupied",51.440672,-0.357923,84,20,6,"fulwell","Thames Water",61900,"Richmond upon Thames","rail",0,1,0,0.7195812,766000,858400.237159191,-92400.2371591912,0
"1625",5304,NA,NA,"T","N","L",NA,NA,NA,NA,NA,NA,"SE15","D",50,3,2.4,1.4,268,157,"Average","owner-occupied",51.470671,-0.057813,64,14,2,"queens road peckham","Thames Water",45200,"Southwark","light_rail",0,1,1,0.4150952,341000,434098.085968613,-93098.0859686129,0
"1626",15252,NA,NA,"T","N","L",NA,NA,NA,NA,NA,NA,"SE22","D",44,2,2.5,1.3,327,173,"Poor","owner-occupied",51.453159,-0.062036,115,36,3,"honor oak park","Thames Water",59400,"Southwark","light_rail",0,0,1,0.9979684,379000,472489.157941227,-93489.157941227,0
"1627",12856,NA,NA,"T","N","F",NA,NA,NA,NA,NA,NA,"SE18","D",115.05,3,4.5,3.9,254,224,"Average","owner-occupied",51.486807,0.091493,157,22,4,"plumstead","Thames Water",43900,"Greenwich","rail",0,1,0,0.5263258,324000,417857.00130416,-93857.00130416,0
"1628",7850,NA,NA,"F","N","L",NA,NA,NA,NA,NA,NA,"SW18","E",92,4,5.5,2,337,122,"Poor","owner-occupied",51.449918,-0.183108,48,22,3,"earlsfield","Thames Water",71900,"Wandsworth","rail",0,1,0,0.6201572,595000,690312.538388811,-95312.5383888114,0
"1629",14106,NA,NA,"F","N","L",NA,NA,NA,NA,NA,NA,"W5","D",83,4,3.2,1.8,203,114,"Poor","rental (private)",51.512455,-0.308968,121,36,3,"ealing broadway","Thames Water",72200,"Ealing","tube",2,1,0,0.537511,533000,628491.641652851,-95491.6416528512,0
"1630",1554,NA,NA,"F","N","L",NA,NA,NA,NA,NA,NA,"TW1","C",27.11,1,2.5,2.5,316,321,"Good","owner-occupied",51.452156,-0.33249,46,12,5,"twickenham","Thames Water",80200,"Richmond upon Thames","rail",0,1,0,0.2429674,288000,384028.11340758,-96028.11340758,0
"1631",1719,NA,NA,"T","N","L",NA,NA,NA,NA,NA,NA,"DA15","D",38,2,3.2,1.2,503,194,"Average","owner-occupied",51.45101,0.088762,84,41,4,"falconwood","Thames Water",56500,"Bexley","rail",0,1,0,1.0669438,222000,318750.993070194,-96750.993070194,0
"1632",15822,NA,NA,"S","N","F",NA,NA,NA,NA,NA,NA,"TW13","D",65,4,3.1,0.7,266,60,"Good","owner-occupied",51.436234,-0.419673,66,15,6,"feltham","Affinity Water",53500,"Hounslow","rail",0,1,0,1.1539398,289000,385892.396880228,-96892.3968802281,0
"1633",1977,NA,NA,"T","N","F",NA,NA,NA,NA,NA,NA,"SM5","D",66,3,3.3,0.9,272,66,"Good","owner-occupied",51.368259,-0.167124,32,40,5,"carshalton","SES Water",65400,"Sutton","rail",0,1,0,0.1093664,331000,428264.992997358,-97264.9929973581,0
"1634",6611,NA,NA,"S","N","F",NA,NA,NA,NA,NA,NA,"RM14","E",71,4,4.7,1.2,381,94,"Average","owner-occupied",51.545867,0.250699,45,15,6,"upminster","Essex & Suffolk Water",62500,"Havering","tube",1,0,1,1.1974378,369000,466344.046266926,-97344.0462669256,0
"1635",12587,NA,NA,"D","N","F",NA,NA,NA,NA,NA,NA,"CR8","D",266,10,9.8,6.3,209,134,"Average","owner-occupied",51.345973,-0.112597,43,97,6,"purley","Thames Water",58600,"Croydon","rail",0,1,0,0.755001,876000,973812.347348514,-97812.3473485137,0
"1636",8924,NA,NA,"T","N","F",NA,NA,NA,NA,NA,NA,"SW9","D",103,6,4.5,2.3,227,114,"Poor","rental (private)",51.468477,-0.1236,83,13,2,"clapham north","Thames Water",54900,"Lambeth","tube",1,0,0,0.3877536,778000,876066.989872379,-98066.989872379,0
"1637",13865,NA,NA,"F","N","L",NA,NA,NA,NA,NA,NA,"CR0","C",46,2,1.4,1.3,177,161,"Average","owner-occupied",51.370855,-0.100871,25,53,3,"george street","Thames Water",51400,"Croydon","light_rail",0,0,1,0.3865108,117000,215355.373983329,-98355.3739833292,0
"1638",4756,NA,NA,"F","N","L",NA,NA,NA,NA,NA,NA,"SW15","C",73.9,3,1.5,1.4,110,101,"Good","owner-occupied",51.462456,-0.218988,64,16,2,"putney","Thames Water",75500,"Kingston upon Thames","rail",0,1,0,0.1186874,478000,576794.680955928,-98794.6809559282,0
"1639",7700,NA,NA,"F","N","L",NA,NA,NA,NA,NA,NA,"SE12","C",75,3,1.9,1.6,141,123,"Average","owner-occupied",51.454266,0.012611,50,20,3,"lee","Thames Water",63700,"Lewisham","rail",0,1,0,0.301379,320000,418938.032053654,-98938.0320536543,0
"1640",3759,NA,NA,"F","N","L",NA,NA,NA,NA,NA,NA,"W5","D",69,3,3.2,2.9,262,241,"Good","owner-occupied",51.513313,-0.289934,119,33,3,"ealing common","Thames Water",58600,"Ealing","tube",2,0,0,0.2367534,346000,444999.532406268,-98999.5324062682,0
"1641",13875,NA,NA,"F","N","L",NA,NA,NA,NA,NA,NA,"NW10","D",37,2,3,2.2,468,355,"Very Poor","owner-occupied",51.567365,-0.258148,122,34,3,"neasden","Thames Water",43400,"Brent","tube",1,0,0,1.224158,189000,288123.645464908,-99123.6454649078,0
"1642",4745,NA,NA,"F","N","L",NA,NA,NA,NA,NA,NA,"SW13","D",56,3,3,1.3,315,133,"Average","owner-occupied",51.473397,-0.249217,26,8,3,"barnes bridge","Thames Water",66100,"Richmond upon Thames","rail",0,1,0,0.2131402,429000,528262.966659126,-99262.9666591256,0
"1643",5538,NA,NA,"F","N","L",NA,NA,NA,NA,NA,NA,"KT3","C",47,2,2.6,1.8,322,228,"Good","owner-occupied",51.400425,-0.261513,27,23,4,"new malden","Thames Water",61000,"Kingston upon Thames","rail",0,1,0,0.5008484,166000,265690.212345131,-99690.2123451313,0
"1644",2615,NA,NA,"T","N","L",NA,NA,NA,"WALTHAMSTOW",NA,NA,"E17","D",74.45,3,3.9,2.7,313,218,"Very Poor","owner-occupied",51.593266,-0.023884,112,15,3,"walthamstow central","Thames Water",51700,"Waltham Forest","tube",1,0,1,0.795392,423000,522694.151362031,-99694.1513620307,0
"1645",1194,NA,NA,"F","N","L",NA,NA,NA,NA,NA,NA,"NW6","D",48,2,2.6,2.2,306,259,"Poor","rental (private)",51.551314,-0.191634,37,63,2,"west hampstead thameslink","Thames Water",64100,"Brent","rail",0,1,0,0.1851772,379000,478702.469917702,-99702.4699177021,0
"1646",11391,NA,NA,"F","N","L",NA,NA,NA,NA,NA,NA,"SW14","D",59,3,2.9,1.3,251,114,"Very Poor","owner-occupied",51.469812,-0.266364,48,10,3,"mortlake","Thames Water",66100,"Richmond upon Thames","rail",0,1,0,0.0633828,373000,472802.657906529,-99802.6579065293,0
"1647",1388,NA,NA,"F","N","L",NA,NA,NA,NA,NA,NA,"N1","C",70.2,3,3,2.5,257,213,"Good","owner-occupied",51.540611,-0.118832,165,33,2,"caledonian road and barnsbury","Thames Water",44400,"Islington","light_rail",0,0,1,0.4312516,349000,448847.993610771,-99847.993610771,0
"1648",11470,NA,NA,"F","N","L",NA,NA,NA,NA,NA,NA,"W11","D",94.01,4,4.1,2.3,265,149,"Poor","owner-occupied",51.51682,-0.213957,52,13,2,"ladbroke grove","Thames Water",47300,"Kensington and Chelsea","tube",2,0,0,0.2659592,676000,776026.806829477,-100026.806829477,0
"1649",15869,NA,NA,"F","N","L",NA,NA,NA,NA,NA,NA,"E2","D",75.6,3,3.4,2.6,269,203,"Very Poor","owner-occupied",51.531754,-0.043547,62,16,2,"bethnal green","Thames Water",45700,"Hackney","tube",1,0,1,0.6114576,391000,491097.784283932,-100097.784283932,0
"1650",10330,NA,NA,"D","N","F",NA,NA,NA,NA,NA,NA,"CR2","C",99,5,3.1,1.5,176,85,"Average","owner-occupied",51.346426,-0.108372,37,86,6,"purley oaks","Thames Water",58600,"Croydon","rail",0,1,0,0.7040462,385000,486192.898071198,-101192.898071198,0
"1651",9896,NA,NA,"F","N","L",NA,NA,NA,NA,NA,NA,"N7","E",87,3,5,2.2,339,150,"Very Poor","rental (private)",51.561782,-0.120671,112,36,2,"upper holloway","Thames Water",52700,"Islington","light_rail",0,0,1,0.4859348,599000,700375.851482121,-101375.851482121,0
"1652",9746,NA,NA,"S","N","F",NA,NA,NA,NA,NA,NA,"W3","E",151,6,9.3,4.5,350,166,"Good","owner-occupied",51.523567,-0.271756,85,36,3,"acton main line","Thames Water",55100,"Ealing","rail",0,1,0,0.677326,1024000,1125381.32632635,-101381.326326352,0
"1653",12218,NA,NA,"S","N","F",NA,NA,NA,NA,NA,NA,"DA15","E",114,7,6.5,2.5,299,104,"Average","owner-occupied",51.441631,0.106293,81,31,5,"sidcup","Thames Water",56500,"Bexley","rail",0,1,0,0.5698238,405000,506396.733631925,-101396.733631925,0
"1654",5393,NA,NA,"T","N","F",NA,NA,NA,NA,NA,NA,"CR4","D",95.6104,6,4.5,3.6,279,226,"Good","rental (social)",51.408824,-0.162497,29,23,3,"mitcham eastfields","Thames Water",45700,"Merton","rail",0,1,0,0.6387992,396000,497449.575379392,-101449.575379392,0
"1655",7490,NA,NA,"T","N","F",NA,NA,NA,NA,NA,NA,"N12","E",127,6,6.9,2.1,308,92,"Average","owner-occupied",51.615039,-0.184123,46,81,4,"woodside park","Affinity Water",51100,"Barnet","tube",1,0,0,0.4374656,562000,663660.321883423,-101660.321883423,0
"1656",10077,NA,NA,"S","N","F",NA,NA,NA,NA,NA,NA,"N14","D",76,4,3.9,1.8,295,134,"Good","owner-occupied",51.6361,-0.127181,43,59,4,"southgate","Thames Water",61700,"Enfield","tube",1,0,0,0.1907698,448000,549708.113385574,-101708.113385574,0
"1657",11429,NA,NA,"T","N","F",NA,NA,NA,NA,NA,NA,"SE7","D",96,5,3.5,1.2,207,71,"Average","owner-occupied",51.478667,0.039518,52,54,3,"charlton","Thames Water",50000,"Greenwich","rail",0,1,0,0.873067,380000,481900.8817123,-101900.8817123,0
"1658",13135,NA,NA,"F","N","L",NA,NA,NA,NA,NA,NA,"SE16","C",36,2,2.3,1.5,355,242,"Very Poor","owner-occupied",51.50265,-0.04818,96,6,2,"rotherhithe","Thames Water",69100,"Southwark","light_rail",0,0,1,0.357305,279000,380978.315907332,-101978.315907332,0
"1659",8603,NA,NA,"F","N","L",NA,NA,NA,NA,NA,NA,"SW1V","D",87,5,3.6,2.8,233,182,"Average","owner-occupied",51.486467,-0.139699,99,8,1,"pimlico","Thames Water",51700,"Westminster","tube",1,0,0,0.6002724,810000,912204.807987646,-102204.807987646,0
"1660",14772,NA,NA,"D","N","F",NA,NA,NA,NA,NA,NA,"CR0","D",117,5,4.9,2,239,97,"Average","owner-occupied",51.38747,-0.049219,7,45,3,"arena","Thames Water",56200,"Croydon","light_rail",0,0,1,0.6064864,438000,540389.107382001,-102389.107382001,0
"1661",8883,NA,NA,"F","N","L",NA,NA,NA,NA,NA,NA,"SW19","C",40,2,2.3,1.9,324,270,"Good","rental (private)",51.424221,-0.17987,51,14,3,"colliers wood","Thames Water",64700,"Merton","tube",1,0,0,0.4759924,258000,360746.272153471,-102746.272153471,0
"1662",1704,NA,NA,"F","N","L",NA,NA,NA,NA,NA,NA,"SE6","D",52,3,4.3,2.2,488,252,"Very Poor","owner-occupied",51.441372,0.009397,45,33,3,"lee","Thames Water",48000,"Lewisham","rail",0,1,0,1.1210056,202000,305148.308387525,-103148.308387525,0
"1663",12213,NA,NA,"F","N","L",NA,NA,NA,NA,NA,NA,"TW11","C",43.5,2,1.8,1.4,253,194,"Average","rental (private)",51.420023,-0.32406,43,11,6,"teddington","Thames Water",64300,"Richmond upon Thames","rail",0,1,0,0.6064864,263000,367826.134743748,-104826.134743748,0
"1664",13211,NA,NA,"F","N","L",NA,NA,NA,NA,NA,NA,"W11","D",31,2,1.9,1.1,356,194,"Very Poor","owner-occupied",51.516223,-0.213144,49,13,2,"ladbroke grove","Thames Water",47300,"Kensington and Chelsea","tube",2,0,0,0.2336464,315000,419969.409027769,-104969.409027769,0
"1665",10415,NA,NA,"F","N","L",NA,NA,NA,NA,NA,NA,"TW2","C",47,3,1.7,1.4,205,175,"Average","rental (social)",51.443994,-0.35435,114,19,5,"whitton","Thames Water",61900,"Richmond upon Thames","rail",0,1,0,1.0352524,193000,298025.267225332,-105025.267225332,0
"1666",6000,NA,NA,"T","N","F",NA,NA,NA,NA,NA,NA,"SW16","D",93,4,4.6,2,281,122,"Average","rental (private)",51.408614,-0.132091,74,37,3,"norbury","Thames Water",53100,"Croydon","rail",0,1,0,0.6412848,369000,474116.344816447,-105116.344816447,0
"1667",6609,NA,NA,"F","N","L",NA,NA,NA,NA,NA,NA,"DA6","E",57.6,3,4.7,3.4,492,356,"Average","owner-occupied",51.451319,0.154163,18,39,6,"bexley","Thames Water",61700,"Bexley","rail",0,1,0,0.96317,205000,310130.673081311,-105130.673081311,0
"1668",5889,NA,NA,"T","N","L",NA,NA,NA,NA,NA,NA,"RM8","C",49,2,1.4,1.3,161,146,"Average","owner-occupied",51.553825,0.136167,71,12,5,"dagenham heathway","Essex & Suffolk Water",40900,"Barking and Dagenham","tube",1,0,0,1.2856766,166000,271263.631364397,-105263.631364397,0
"1669",13586,NA,NA,"T","N","F",NA,NA,NA,NA,NA,NA,"SE9","D",92,4,4.1,2.3,255,139,"Average","owner-occupied",51.458523,0.03691,71,28,3,"kidbrooke","Thames Water",53200,"Greenwich","rail",0,1,0,0.702182,381000,486899.008034139,-105899.008034139,0
"1670",15443,NA,NA,"F","N","L",NA,NA,NA,NA,NA,NA,"SE15","C",70,2,2,2,174,174,"Very Poor","rental (social)",51.478287,-0.061072,40,4,2,"queens road peckham","Thames Water",45200,"Southwark","light_rail",0,1,1,0.4188236,289000,395013.162297823,-106013.162297823,0
"1671",12160,NA,NA,"F","N","L",NA,NA,NA,"HIGH BARNET",NA,NA,"EN5","D",51.13,2,2.9,2.9,343,334,"Poor","rental (private)",51.657675,-0.206863,60,131,5,"high barnet","Affinity Water",60200,"Barnet","tube",1,0,0,0.7866924,273000,379083.186003734,-106083.186003734,0
"1672",1265,NA,NA,"F","N","L",NA,NA,NA,NA,NA,NA,"CR4","D",53,3,2.4,1.2,253,132,"Average","rental (private)",51.406436,-0.164461,49,23,3,"mitcham eastfields","Thames Water",45700,"Merton","rail",0,1,0,0.5741736,170000,276429.738802768,-106429.738802768,0
"1673",13735,NA,NA,"F","N","L",NA,NA,NA,NA,NA,NA,"SW6","C",95,3,2.1,1.8,131,113,"Good","owner-occupied",51.473908,-0.181809,95,4,2,"imperial wharf","Thames Water",56300,"Hammersmith and Fulham","light_rail",0,1,1,0.2000908,677000,783510.560202613,-106510.560202613,0
"1674",13803,NA,NA,"T","N","F",NA,NA,NA,NA,NA,NA,"CR0","E",92,4,5.1,1.5,285,83,"Average","owner-occupied",51.381549,-0.082207,96,57,3,"lebanon road","Thames Water",50700,"Croydon","light_rail",0,0,1,0.4964986,315000,422364.431479629,-107364.431479629,0
"1675",13380,NA,NA,"S","N","F",NA,NA,NA,NA,NA,NA,"KT3","D",127,5,4.9,1.7,255,94,"Average","owner-occupied",51.402709,-0.262039,67,19,4,"new malden","Thames Water",64300,"Kingston upon Thames","rail",0,1,0,0.3983174,619000,727137.21065389,-108137.21065389,0
"1676",4840,NA,NA,"F","N","L",NA,NA,NA,NA,NA,NA,"E17","D",29,1,2.2,1.7,450,340,"Average","rental (private)",51.592658,-0.030523,140,14,3,"blackhorse road","Thames Water",50700,"Waltham Forest","tube",1,0,1,0.8811452,156000,264382.719598378,-108382.719598378,0
"1677",4027,NA,NA,"T","N","F",NA,NA,NA,NA,NA,NA,"SM4","C",130,6,3.5,1.8,152,79,"Average","owner-occupied",51.395007,-0.218058,93,24,4,"morden south","SES Water",60600,"Merton","rail",0,1,0,1.0731578,539000,647517.585134818,-108517.585134818,0
"1678",2314,NA,NA,"T","N","F",NA,NA,NA,NA,NA,NA,"SW12","D",61,3,2.8,0.8,259,71,"Poor","owner-occupied",51.450093,-0.157441,78,25,3,"wandsworth common","Thames Water",77300,"Wandsworth","rail",0,1,0,0.5816304,553000,662018.686572843,-109018.686572843,0
"1679",2519,NA,NA,"F","N","L",NA,NA,NA,NA,NA,NA,"BR7","C",95,4,3.2,1.8,192,105,"Average","owner-occupied",51.412392,0.053783,23,66,5,"chislehurst","Thames Water",72000,"Bromley","rail",0,1,0,0.6996964,350000,459789.454594053,-109789.454594053,0
"1680",9815,NA,NA,"S","N","F",NA,NA,NA,NA,NA,NA,"NW9","D",136,6,4.8,2.9,200,118,"Average","owner-occupied",51.584299,-0.254022,85,70,3,"hendon","Affinity Water",48300,"Brent","rail",0,1,0,0.9998326,718000,827875.237515383,-109875.237515383,0
"1681",1961,NA,NA,"F","N","L",NA,NA,NA,NA,NA,NA,"SE14","F",32,1,3.1,1.2,552,208,"Very Poor","rental (private)",51.481154,-0.050164,40,6,2,"queens road peckham","Thames Water",49700,"Lewisham","light_rail",0,1,1,0.6934824,172000,281875.65242471,-109875.65242471,0
"1682",11099,NA,NA,"T","N","F",NA,NA,NA,NA,NA,NA,"HA1","D",97,5,4.8,2.1,279,121,"Average","owner-occupied",51.585462,-0.349302,80,58,5,"west harrow","Affinity Water",60000,"Brent","tube",1,0,0,0.6692478,452000,562894.89831655,-110894.89831655,0
"1683",8832,NA,NA,"S","N","F",NA,NA,NA,NA,NA,NA,"SE6","E",99,5,6.9,3.5,335,154,"Average","rental (private)",51.438315,-0.012809,77,23,3,"bellingham","Thames Water",54200,"Lewisham","rail",0,1,0,0.6419062,443000,554173.34857532,-111173.34857532,0
"1684",13951,NA,NA,"T","N","F",NA,NA,NA,NA,NA,NA,"SE23","D",136,7,5.1,2.9,212,118,"Average","rental (private)",51.45092,-0.039348,135,35,3,"honor oak park","Thames Water",60600,"Lewisham","light_rail",0,0,1,0.3846466,626000,737192.797586052,-111192.797586052,0
"1685",5103,NA,NA,"T","N","F",NA,NA,NA,NA,NA,NA,"KT3","D",84,5,3.6,1.2,246,76,"Average","owner-occupied",51.398197,-0.244174,137,16,4,"motspur park","Thames Water",67300,"Kingston upon Thames","rail",0,1,0,0.2964078,420000,531214.812808692,-111214.812808692,0
"1686",8624,NA,NA,"T","N","F",NA,NA,NA,NA,NA,NA,"E3","E",97,3,6.7,5.3,411,324,"Very Poor","owner-occupied",51.522923,-0.022116,34,15,2,"devons road","Thames Water",51200,"Tower Hamlets","light_rail",0,0,1,0.2908152,570000,681914.005059872,-111914.005059872,0
"1687",2648,NA,NA,"S","N","F",NA,NA,NA,NA,NA,NA,"IG8","D",86,4,3.8,2.2,248,141,"Average","owner-occupied",51.607814,0.009589,107,38,4,"highams park","Thames Water",62400,"Redbridge","light_rail",0,0,1,0.640042,416000,528202.491181577,-112202.491181577,0
"1688",3700,NA,NA,"T","N","F",NA,NA,NA,NA,NA,NA,"SE6","D",88,4,4.1,0.7,264,42,"Very Poor","owner-occupied",51.437401,-0.031654,68,26,3,"bellingham","Thames Water",45100,"Lewisham","rail",0,1,0,0.739466,336000,448222.317717615,-112222.317717615,0
"1689",3727,NA,NA,"F","N","L",NA,NA,NA,NA,NA,NA,"SE13","D",31,1,2,0.9,371,160,"Good","owner-occupied",51.467459,-0.009528,52,23,2,"lewisham","Thames Water",59500,"Lewisham","light_rail",0,1,1,0.2821156,197000,309804.907101435,-112804.907101435,0
"1690",12471,NA,NA,"S","N","F",NA,NA,NA,NA,NA,NA,"BR6","D",108,5,5.5,2,288,105,"Average","owner-occupied",51.362174,0.105561,64,103,6,"chelsfield","Thames Water",55700,"Bromley","rail",0,1,0,0.4585932,397000,511062.998063434,-114062.998063434,0
"1691",15176,NA,NA,"F","N","L",NA,NA,NA,NA,NA,NA,"SE12","D",72,3,3.1,1.3,248,102,"Very Poor","owner-occupied",51.453385,0.013162,58,20,3,"lee","Thames Water",63700,"Lewisham","rail",0,1,0,0.2802514,341000,455230.231191811,-114230.231191811,0
"1692",14382,NA,NA,"F","N","L",NA,NA,NA,NA,NA,NA,"E5","D",66,3,3.4,2.8,265,221,"Poor","owner-occupied",51.569186,-0.054682,94,19,2,"clapton","Thames Water",44600,"Hackney","light_rail",0,0,1,0.5729308,311000,425856.819338718,-114856.819338718,0
"1693",4808,NA,NA,"T","N","F",NA,NA,NA,NA,NA,NA,"BR7","E",144,8,8.5,3.8,333,148,"Average","owner-occupied",51.407685,0.065233,131,96,5,"chislehurst","Thames Water",72000,"Bromley","rail",0,1,0,0.5803876,596000,711435.835009016,-115435.835009016,0
"1694",14177,NA,NA,"T","N","F",NA,NA,NA,NA,NA,NA,"SE6","E",134,6,7.2,2.6,279,99,"Average","owner-occupied",51.434417,-0.03653,52,33,4,"lower sydenham","Thames Water",45100,"Lewisham","rail",0,1,0,0.755001,402000,517975.512438361,-115975.512438361,0
"1695",4879,NA,NA,"F","N","L",NA,NA,NA,NA,NA,NA,"SM2","E",49,2,4.9,2.5,593,299,"Very Poor","owner-occupied",51.354157,-0.185552,160,86,5,"sutton","SES Water",75400,"Sutton","rail",0,1,0,0.7755072,241000,357268.019167358,-116268.019167358,0
"1696",13992,NA,NA,"S","N","F",NA,NA,NA,NA,NA,NA,"HA3","D",119,6,5.6,2.7,266,126,"Average","owner-occupied",51.583373,-0.306039,100,45,4,"kenton","Affinity Water",60700,"Brent","tube",2,0,1,0.4554862,593000,709905.486994721,-116905.486994721,0
"1697",15834,NA,NA,"T","N","F",NA,NA,NA,NA,NA,NA,"HA0","C",99,5,3.3,1.1,187,61,"Average","owner-occupied",51.544829,-0.286799,83,42,3,"stonebridge park","Affinity Water",48900,"Brent","tube",2,0,1,0.764322,485000,602265.115734465,-117265.115734465,0
"1698",6345,NA,NA,"T","N","F",NA,NA,NA,NA,NA,NA,"SW14","D",73,4,3.6,0.7,279,56,"Poor","owner-occupied",51.469592,-0.261227,61,8,3,"mortlake","Thames Water",66100,"Richmond upon Thames","rail",0,1,0,0.3349346,678000,795363.139731141,-117363.139731141,0
"1699",3672,NA,NA,"F","N","L",NA,NA,NA,NA,NA,NA,"WC2B","C",93,3,2.4,2.3,158,148,"Very Poor","owner-occupied",51.515179,-0.122143,26,35,1,"covent garden","Thames Water",59000,"Camden","tube",1,0,0,0.1839344,1005000,1122571.15743397,-117571.157433967,0
"1700",13232,NA,NA,"T","N","F",NA,NA,NA,NA,NA,NA,"KT6","D",59.9,3,4.3,4.1,366,351,"Good","owner-occupied",51.377727,-0.304971,129,31,6,"chessington north","Thames Water",63300,"Kingston upon Thames","rail",0,1,0,1.1079562,290000,408213.056746148,-118213.056746148,0
"1701",10817,NA,NA,"F","N","L",NA,NA,NA,NA,NA,NA,"SW19","C",105,4,2.7,2.2,147,122,"Average","owner-occupied",51.422142,-0.19074,162,16,3,"haydons road","Thames Water",66200,"Merton","rail",0,1,0,0.5946798,522000,640473.18119029,-118473.18119029,0
"1702",8626,NA,NA,"T","N","F",NA,NA,NA,NA,NA,NA,"SE21","D",106,5,4.6,1.4,245,71,"Poor","owner-occupied",51.443724,-0.094856,55,34,3,"west dulwich","Thames Water",55900,"Southwark","rail",0,1,0,0.2647164,6e+05,718662.566423823,-118662.566423823,0
"1703",11360,NA,NA,"S","N","F",NA,NA,NA,NA,NA,NA,"SE21","E",185,7,11,11,310,303,"Poor","owner-occupied",51.439301,-0.097156,88,39,3,"west dulwich","Thames Water",58200,"Southwark","rail",0,1,0,0.4157166,1182000,1300663.48399952,-118663.483999519,0
"1704",11529,NA,NA,"T","N","F",NA,NA,NA,NA,NA,NA,"SE2","D",90.85,5,3.9,2.5,223,141,"Good","owner-occupied",51.494333,0.115564,52,2,4,"abbey wood","Thames Water",41900,"Greenwich","rail",0,1,0,0.7469228,204000,323646.539274674,-119646.539274674,0
"1705",1307,NA,NA,"F","N","L",NA,NA,NA,NA,NA,NA,"NW3","D",140,5,6.1,5.1,261,220,"Very Poor","owner-occupied",51.555668,-0.191115,28,81,2,"west hampstead thameslink","Thames Water",67300,"Camden","rail",0,1,0,0.5201118,1230000,1349824.02448577,-119824.024485766,0
"1706",6805,NA,NA,"F","N","L",NA,NA,NA,NA,NA,NA,"SW17","C",55,3,2.5,2.1,262,217,"Average","rental (private)",51.429616,-0.152251,71,37,3,"tooting bec","Thames Water",69000,"Wandsworth","tube",1,0,0,0.7543796,296000,415907.67176566,-119907.67176566,0
"1707",448,NA,NA,"S","N","F",NA,NA,NA,NA,NA,NA,"N14","D",142,8,5.3,2.4,210,94,"Good","rental (private)",51.625025,-0.131379,62,64,4,"arnos grove","Thames Water",61300,"Enfield","tube",1,0,0,0.7947706,674000,793955.30185513,-119955.30185513,0
"1708",684,NA,NA,"T","N","F",NA,NA,NA,NA,NA,NA,"IG4","E",127,4,6.9,2.6,280,106,"Average","owner-occupied",51.582113,0.048609,32,26,4,"redbridge","Thames Water",55300,"Redbridge","tube",1,0,0,0.5238402,440000,560313.168579708,-120313.168579708,0
"1709",5648,NA,NA,"T","N","F",NA,NA,NA,NA,NA,NA,"DA8","D",93,4,3.9,1.3,218,72,"Poor","owner-occupied",51.475969,0.160954,107,50,6,"barnehurst","Thames Water",51300,"Bexley","rail",0,1,0,0.947635,285000,405691.149028587,-120691.149028587,0
"1710",6562,NA,NA,"S","N","F",NA,NA,NA,NA,NA,NA,"SM4","E",101,6,7.3,1.5,410,80,"Good","owner-occupied",51.395386,-0.215758,78,32,4,"morden south","SES Water",60600,"Merton","rail",0,1,0,0.9625486,475000,595707.698331453,-120707.698331453,0
"1711",8639,NA,NA,"F","N","L",NA,NA,NA,NA,NA,NA,"CR4","D",49.3,2,2.9,2.1,348,251,"Very Poor","rental (private)",51.397568,-0.175897,121,19,3,"mitcham","Thames Water",47500,"Merton","light_rail",0,0,1,0.3330704,157000,280003.260175093,-123003.260175093,0
"1712",11528,NA,NA,"T","N","F",NA,NA,NA,NA,NA,NA,"NW2","C",97,6,2.7,1.2,161,68,"Average","owner-occupied",51.566912,-0.242222,139,51,3,"neasden","Thames Water",43400,"Camden","tube",1,0,0,1.071915,470000,593552.915673791,-123552.915673791,0
"1713",2082,NA,NA,"S","N","F",NA,NA,NA,NA,NA,NA,"KT3","E",199,8,10,3.4,285,96,"Poor","owner-occupied",51.399405,-0.26179,42,23,4,"new malden","Thames Water",61000,"Kingston upon Thames","rail",0,1,0,0.5704452,1077000,1200993.34083645,-123993.340836453,0
"1714",1301,NA,NA,"F","N","L",NA,NA,NA,NA,NA,NA,"SW12","D",105,4,3.5,2.9,189,156,"Average","rental (private)",51.444381,-0.144201,56,27,3,"balham","Thames Water",64000,"Wandsworth","tube",1,1,0,0.4467866,553000,677171.149245508,-124171.149245508,0
"1715",14434,NA,NA,"D","N","F",NA,NA,NA,NA,NA,NA,"N14","D",150,6,7.3,2.4,274,89,"Average","owner-occupied",51.624538,-0.129001,87,63,4,"arnos grove","Thames Water",61300,"Enfield","tube",1,0,0,0.83889,750000,874339.990116064,-124339.990116064,0
"1716",6887,NA,NA,"F","N","L",NA,NA,NA,NA,NA,NA,"W12","D",36,1,2.2,1.1,323,164,"Average","rental (social)",51.506731,-0.242003,86,10,2,"shepherds bush market","Thames Water",48800,"Hammersmith and Fulham","tube",2,0,0,0.6568198,220000,344919.761935318,-124919.761935318,0
"1717",8308,NA,NA,"T","N","F",NA,NA,NA,NA,NA,NA,"W3","E",170,7,9.7,6.7,298,204,"Good","rental (private)",51.515651,-0.266103,40,34,3,"acton main line","Thames Water",55100,"Ealing","rail",0,1,0,0.2274324,1032000,1157845.60233277,-125845.602332767,0
"1718",5084,NA,NA,"F","N","L",NA,NA,NA,NA,NA,NA,"TW9","B",56,2,0.8,0.8,81,81,"Good","owner-occupied",51.479137,-0.278,108,6,3,"kew gardens","Thames Water",61900,"Richmond upon Thames","tube",1,0,1,0.5878444,289000,415309.244614473,-126309.244614473,0
"1719",11561,NA,NA,"S","N","F",NA,NA,NA,NA,NA,NA,"DA16","D",67,3,3.6,0.9,303,77,"Poor","owner-occupied",51.477188,0.115851,35,59,4,"welling","Thames Water",57600,"Bexley","rail",0,1,0,1.1265982,316000,442522.627594423,-126522.627594423,0
"1720",6097,NA,NA,"T","N","F",NA,NA,NA,NA,NA,NA,"W5","D",145,6,4.8,2.1,189,81,"Average","owner-occupied",51.499478,-0.311984,86,21,3,"northfields","Thames Water",65700,"Ealing","tube",1,0,0,0.2771444,907000,1033875.13620204,-126875.136202036,0
"1721",15414,NA,NA,"F","N","L",NA,NA,NA,NA,NA,NA,"EC1V","C",82,4,2.3,1.8,160,125,"Average","rental (private)",51.530639,-0.100501,100,26,1,"angel","Thames Water",53800,"Islington","tube",1,0,0,0.3952104,576000,703520.072603466,-127520.072603466,0
"1722",7169,NA,NA,"T","N","F",NA,NA,NA,NA,NA,NA,"CR4","D",45,3,3.3,1.5,414,186,"Average","rental (social)",51.41496,-0.170735,186,18,3,"colliers wood","Thames Water",52500,"Merton","tube",1,0,0,0.7668076,262000,389917.77977117,-127917.77977117,0
"1723",13047,NA,NA,"F","N","L",NA,NA,NA,NA,NA,NA,"NW3","D",41,2,2,0.9,253,118,"Very Poor","owner-occupied",51.555622,-0.152963,61,48,2,"gospel oak","Thames Water",58200,"Camden","light_rail",0,0,1,0.1000454,336000,464182.153400854,-128182.153400854,0
"1724",14668,NA,NA,"T","N","F",NA,NA,NA,NA,NA,NA,"SW18","E",95,5,6.5,2.2,391,129,"Average","owner-occupied",51.450154,-0.184394,86,18,3,"earlsfield","Thames Water",71900,"Wandsworth","rail",0,1,0,0.6667622,687000,815238.924487769,-128238.924487769,0
"1725",346,NA,NA,"F","N","L",NA,NA,NA,NA,NA,NA,"E2","C",100,4,2.8,2.8,158,157,"Good","owner-occupied",51.528751,-0.057646,176,19,2,"bethnal green","Thames Water",55100,"Hackney","tube",1,0,1,0.3212638,477000,606450.968097787,-129450.968097787,0
"1726",76,NA,NA,"F","N","L",NA,NA,NA,NA,NA,NA,"SE16","C",68.25,3,1.9,1.8,167,161,"Average","owner-occupied",51.506683,-0.033944,49,6,2,"rotherhithe","Thames Water",69100,"Southwark","light_rail",0,0,1,0.9992112,360000,489487.171477398,-129487.171477398,0
"1727",3913,NA,NA,"T","N","F",NA,NA,NA,NA,NA,NA,"SW16","E",170,7,9.7,6.4,258,165,"Good","owner-occupied",51.408019,-0.114055,136,38,3,"norbury","Thames Water",54100,"Croydon","rail",0,1,0,0.4871776,715000,844498.080370143,-129498.080370143,0
"1728",13625,NA,NA,"T","N","F",NA,NA,NA,NA,NA,NA,"HA0","D",80,5,4.3,0.9,309,65,"Good","owner-occupied",51.542706,-0.30331,116,37,4,"alperton","Affinity Water",51400,"Brent","tube",1,0,0,0.4269018,306000,435686.136546067,-129686.136546067,0
"1729",10271,NA,NA,"F","N","L",NA,NA,NA,NA,NA,NA,"NW2","D",108,4,3.9,2.5,208,135,"Poor","owner-occupied",51.549311,-0.20755,138,59,2,"kilburn","Thames Water",50600,"Camden","tube",1,0,0,0.1683994,737000,867306.284273619,-130306.284273619,0
"1730",4751,NA,NA,"F","N","L",NA,NA,NA,NA,NA,NA,"SE5","E",97,5,4.8,2.5,282,149,"Poor","owner-occupied",51.469354,-0.100412,117,14,2,"loughborough junction","Thames Water",58500,"Southwark","rail",0,1,0,0.3181568,586000,716571.731862599,-130571.731862599,0
"1731",5507,NA,NA,"S","N","F",NA,NA,NA,NA,NA,NA,"HA8","C",152,8,4.8,2.8,177,104,"Average","owner-occupied",51.624845,-0.271637,85,68,5,"edgware","Affinity Water",56300,"Barnet","tube",1,0,0,0.8152768,744000,874752.166632468,-130752.166632468,0
"1732",10237,NA,NA,"F","N","L",NA,NA,NA,NA,NA,NA,"BR5","C",54,3,3.1,2.3,339,254,"Good","owner-occupied",51.397416,0.117601,83,46,6,"st mary cray","Thames Water",43200,"Bromley","rail",0,1,0,0.6692478,98000,229010.487110037,-131010.487110037,0
"1733",10806,NA,NA,"T","N","F",NA,NA,NA,NA,NA,NA,"SM6","C",48.238,2,1.9,1.8,230,228,"Poor","owner-occupied",51.370933,-0.143337,67,39,4,"hackbridge","SES Water",57200,"Sutton","rail",0,1,0,0.9047584,232000,363152.943802108,-131152.943802108,0
"1734",15338,NA,NA,"F","N","L",NA,NA,NA,NA,NA,NA,"W9","D",99.91,4,4.3,3.2,223,166,"Very Poor","owner-occupied",51.526784,-0.181218,97,33,2,"warwick avenue","Thames Water",65100,"Westminster","tube",2,0,0,0.3032432,1044000,1176091.71084311,-132091.710843105,0
"1735",1734,NA,NA,"F","N","L",NA,NA,NA,NA,NA,NA,"N11","D",55,2,2.6,1.5,271,155,"Average","owner-occupied",51.610373,-0.124961,89,42,3,"bounds green","Thames Water",50800,"Barnet","tube",1,0,0,0.2063048,206000,338207.676195575,-132207.676195575,0
"1736",8968,NA,NA,"F","N","L",NA,NA,NA,NA,NA,NA,"NW5","D",78.09,3,3.1,2.2,205,144,"Very Poor","rental (private)",51.554527,-0.14098,238,45,2,"kentish town","Thames Water",57000,"Camden","tube",1,1,0,0.2448316,532000,664441.70062957,-132441.70062957,0
"1737",10042,NA,NA,"F","N","L",NA,NA,NA,NA,NA,NA,"E3","D",113,3,3.6,3.6,178,178,"Good","owner-occupied",51.537256,-0.022014,143,8,2,"pudding mill lane","Thames Water",57000,"Tower Hamlets","light_rail",0,0,1,0.7469228,649000,782278.417200849,-133278.417200849,0
"1738",14781,NA,NA,"T","N","F",NA,NA,NA,NA,NA,NA,"IG2","D",118,5,5.7,2.2,275,104,"Average","owner-occupied",51.580232,0.067692,185,27,4,"gants hill","Thames Water",55100,"Redbridge","tube",1,0,0,0.282737,403000,537073.619758383,-134073.619758383,0
"1739",9933,NA,NA,"T","N","F",NA,NA,NA,"WEST NORWOOD",NA,NA,"SE27","D",152,7,5.2,3.1,194,114,"Average","owner-occupied",51.437912,-0.106853,101,49,3,"tulse hill","Thames Water",58200,"Lambeth","rail",0,1,0,0.2783872,752000,886208.833915493,-134208.833915493,0
"1740",10994,NA,NA,"F","N","L",NA,NA,NA,NA,NA,NA,"RM11","D",67,3,3.8,2.2,339,193,"Average","owner-occupied",51.576723,0.213661,99,30,6,"emerson park","Essex & Suffolk Water",52600,"Havering","light_rail",0,0,1,0.6437704,161000,296259.695996403,-135259.695996403,0
"1741",13339,NA,NA,"F","N","L",NA,NA,NA,"WALTHAMSTOW",NA,NA,"E17","D",66,3,2.6,1.5,221,128,"Good","owner-occupied",51.573422,-0.029392,115,10,3,"lea bridge","Thames Water",54700,"Waltham Forest","rail",0,1,0,0.7692932,228000,364242.273430839,-136242.273430839,0
"1742",15321,NA,NA,"T","N","F",NA,NA,NA,NA,NA,NA,"SE6","D",88,5,4.4,1,258,56,"Poor","owner-occupied",51.43968,-0.001541,134,35,3,"bellingham","Thames Water",56800,"Lewisham","rail",0,1,0,1.0725364,414000,551300.413944682,-137300.413944682,0
"1743",5483,NA,NA,"F","N","L",NA,NA,NA,NA,NA,NA,"E1","C",74,4,2.7,2.1,203,161,"Average","owner-occupied",51.511671,-0.052594,71,12,2,"shadwell","Thames Water",62600,"Tower Hamlets","light_rail",0,0,1,0.2069262,373000,510354.758907868,-137354.758907868,0
"1744",6990,NA,NA,"F","N","L",NA,NA,NA,NA,NA,NA,"SE20","E",44,2,4.6,2.5,599,324,"Average","owner-occupied",51.411126,-0.05382,50,47,3,"avenue road","Thames Water",55700,"Bromley","light_rail",0,0,1,0.304486,140000,278099.416725508,-138099.416725508,0
"1745",186,NA,NA,"T","N","F",NA,NA,NA,NA,NA,NA,"TW1","D",122,5,4,1.6,219,93,"Good","owner-occupied",51.464349,-0.324869,94,9,4,"st margarets","Thames Water",79600,"Richmond upon Thames","rail",0,1,0,0.6785688,733000,871446.105278852,-138446.105278852,0
"1746",6412,NA,NA,"F","N","L",NA,NA,NA,NA,NA,NA,"E14","C",74,4,1.8,1.3,139,97,"Average","rental (private)",51.51486,-0.036244,133,10,2,"limehouse","Thames Water",50700,"Tower Hamlets","light_rail",0,0,1,0.3846466,290000,428629.970865946,-138629.970865946,0
"1747",4669,NA,NA,"T","N","F",NA,NA,NA,NA,NA,NA,"W13","C",107,5,2.8,1.2,159,73,"Good","owner-occupied",51.508093,-0.321435,53,27,3,"west ealing","Thames Water",72200,"Ealing","rail",0,1,0,0.5288114,670000,808767.844113177,-138767.844113177,0
"1748",8346,NA,NA,"T","N","F",NA,NA,NA,NA,NA,NA,"SE15","D",69,3,2.9,0.8,218,60,"Good","owner-occupied",51.48242,-0.055424,77,4,2,"south bermondsey","Thames Water",43200,"Southwark","rail",0,1,0,0.5704452,337000,475895.28958854,-138895.28958854,0
"1749",10776,NA,NA,"S","N","F",NA,NA,NA,NA,NA,NA,"EN2","C",217,8,6.2,4.3,163,111,"Average","owner-occupied",51.649094,-0.093139,45,43,5,"enfield chase","Thames Water",65200,"Enfield","rail",0,1,0,0.6033794,1014000,1154821.89172898,-140821.891728981,0
"1750",13324,NA,NA,"F","N","L",NA,NA,NA,NA,NA,NA,"SM5","E",88,3,5.4,2.5,349,161,"Poor","owner-occupied",51.366945,-0.159605,8,39,5,"carshalton","SES Water",65400,"Sutton","rail",0,1,0,0.4095026,292000,434751.884063171,-142751.884063171,0
"1751",6346,NA,NA,"S","N","F",NA,NA,NA,NA,NA,NA,"TW2","D",82,4,3.8,2,259,138,"Average","rental (private)",51.450523,-0.34607,81,12,5,"whitton","Thames Water",80200,"Richmond upon Thames","rail",0,1,0,0.8736884,486000,628956.356044365,-142956.356044365,0
"1752",3386,NA,NA,"F","N","L",NA,NA,NA,NA,NA,NA,"SE13","D",66,3,3.5,2.8,278,220,"Very Poor","owner-occupied",51.468065,-0.010279,98,23,2,"lewisham","Thames Water",59500,"Lewisham","light_rail",0,1,1,0.2094118,299000,443323.151276119,-144323.151276119,0
"1753",2285,NA,NA,"F","N","L",NA,NA,NA,NA,NA,NA,"SW15","C",124,5,3.3,1.6,153,73,"Very Poor","owner-occupied",51.448886,-0.229633,88,56,3,"southfields","Thames Water",52500,"Kingston upon Thames","tube",1,0,0,1.5211872,531000,675730.784892389,-144730.784892389,0
"1754",4672,NA,NA,"S","N","F",NA,NA,NA,NA,NA,NA,"CR0","D",145.31,5,6.5,6.1,266,252,"Poor","rental (private)",51.377319,-0.08585,93,65,3,"lebanon road","Thames Water",50700,"Croydon","light_rail",0,0,1,0.1062594,536000,681138.59545216,-145138.59545216,0
"1755",1527,NA,NA,"S","N","F",NA,NA,NA,NA,NA,NA,"SE9","E",91,5,4.9,1.6,309,101,"Average","owner-occupied",51.45961,0.052937,24,46,4,"eltham","Thames Water",59600,"Greenwich","rail",0,1,0,0.4095026,350000,495505.499897843,-145505.499897843,0
"1756",7534,NA,NA,"T","N","F",NA,NA,NA,NA,NA,NA,"N15","D",112,5,4.8,1.5,224,65,"Average","owner-occupied",51.584181,-0.079547,32,13,3,"seven sisters","Thames Water",44000,"Haringey","tube",1,1,1,0.4672928,442000,588407.73815922,-146407.73815922,0
"1757",397,NA,NA,"T","N","L",NA,NA,NA,NA,NA,NA,"SE22","D",75,4,3.1,1.8,236,132,"Average","owner-occupied",51.458074,-0.082542,12,27,2,"north dulwich","Thames Water",67000,"Southwark","rail",0,1,0,0.472264,516000,662813.154130567,-146813.154130567,0
"1758",527,NA,NA,"S","N","F",NA,NA,NA,NA,NA,NA,"CR0","D",118,5,4,1.6,191,74,"Good","rental (private)",51.38625,-0.111401,82,45,3,"ampere way","Thames Water",45800,"Croydon","light_rail",0,0,1,0.8059558,383000,530569.07207696,-147569.07207696,0
"1759",14870,NA,NA,"F","N","L",NA,NA,NA,NA,NA,NA,"W3","E",95,5,5.2,3.6,309,216,"Good","rental (private)",51.518174,-0.284802,64,36,3,"north ealing","Thames Water",62800,"Ealing","tube",1,0,0,0.2634736,458000,605970.408106192,-147970.408106192,0
"1760",6453,NA,NA,"S","N","F",NA,NA,NA,NA,NA,NA,"N9","D",79,4,4.2,1.9,274,122,"Average","owner-occupied",51.624419,-0.051342,116,14,4,"edmonton green","Thames Water",38100,"Enfield","light_rail",0,1,1,0.6344494,217000,365998.840305282,-148998.840305282,0
"1761",1463,NA,NA,"D","N","F",NA,NA,NA,NA,NA,NA,"RM13","E",203,8,13,3.9,373,107,"Average","owner-occupied",51.524067,0.20864,100,9,6,"rainham","Essex & Suffolk Water",49000,"Havering","rail",0,2,0,1.1707176,605000,754647.608677103,-149647.608677103,0
"1762",13565,NA,NA,"S","N","F",NA,NA,NA,NA,NA,NA,"SE16","E",41,2,2.8,1.3,403,184,"Good","owner-occupied",51.503838,-0.043389,40,8,2,"rotherhithe","Thames Water",69100,"Southwark","light_rail",0,0,1,0.6822972,410000,559805.239703933,-149805.239703933,0
"1763",15745,NA,NA,"T","N","F",NA,NA,NA,NA,NA,NA,"CR4","D",84,5,4.5,2,276,119,"Good","rental (private)",51.418984,-0.166933,74,18,3,"tooting","Thames Water",52500,"Merton","rail",0,1,0,0.3610334,381000,530891.205730281,-149891.205730281,0
"1764",7836,NA,NA,"D","N","F",NA,NA,NA,NA,NA,NA,"SM1","D",179,7,7.7,4.2,243,131,"Average","owner-occupied",51.362874,-0.204955,65,50,5,"west sutton","SES Water",55200,"Sutton","rail",0,1,0,0.3740828,678000,827962.062696441,-149962.062696441,0
"1765",13510,NA,NA,"S","N","F",NA,NA,NA,NA,NA,NA,"BR5","D",127,5,5,3.7,222,165,"Good","owner-occupied",51.388299,0.09496,66,77,6,"st mary cray","Thames Water",59500,"Bromley","rail",0,1,0,0.9202934,413000,563009.542778966,-150009.542778966,0
"1766",3097,NA,NA,"S","N","F",NA,NA,NA,NA,NA,NA,"DA15","D",162,7,7.1,2.6,249,89,"Average","owner-occupied",51.441795,0.095623,98,36,5,"sidcup","Thames Water",56500,"Bexley","rail",0,1,0,0.7680504,542000,692013.857085709,-150013.857085709,0
"1767",3293,NA,NA,"T","N","F",NA,NA,NA,NA,NA,NA,"SE15","E",104.88,3,5.9,5.3,289,261,"Good","rental (private)",51.470436,-0.052392,91,15,2,"nunhead","Thames Water",45300,"Southwark","rail",0,1,0,0.332449,596000,746189.767342594,-150189.767342594,0
"1768",8888,NA,NA,"F","N","L",NA,NA,NA,NA,NA,NA,"TW7","B",103,4,1.8,1.6,97,90,"Average","owner-occupied",51.468531,-0.328675,107,11,4,"isleworth","Thames Water",57100,"Hounslow","rail",0,1,0,0.826462,354000,505559.051586587,-151559.051586587,0
"1769",15697,NA,NA,"S","N","F",NA,NA,NA,NA,NA,NA,"EN3","E",82,5,6.2,1.3,392,79,"Poor","rental (private)",51.661039,-0.039213,82,18,5,"brimsdown","Thames Water",44300,"Enfield","rail",0,1,0,0.608972,246000,397713.360805596,-151713.360805596,0
"1770",15482,NA,NA,"T","N","F",NA,NA,NA,NA,NA,NA,"SW11","E",155,6,8.3,4.6,304,167,"Good","owner-occupied",51.464124,-0.163325,116,22,2,"clapham junction","Thames Water",73000,"Wandsworth","light_rail",0,1,1,0.3678688,1336000,1488724.34956378,-152724.349563784,0
"1771",7715,NA,NA,"T","N","F",NA,NA,NA,NA,NA,NA,"SW17","F",76,5,4.6,0.5,358,37,"Average","owner-occupied",51.42244,-0.153936,125,24,3,"tooting","Thames Water",59800,"Wandsworth","rail",0,1,0,0.4455438,441000,593817.308042982,-152817.308042982,0
"1772",8416,NA,NA,"T","N","F",NA,NA,NA,NA,NA,NA,"W5","C",101.5,6,3,2.9,202,198,"Good","rental (private)",51.499703,-0.304527,75,26,3,"south ealing","Thames Water",56900,"Ealing","tube",1,0,0,0.3100786,574000,727684.382421517,-153684.382421517,0
"1773",13940,NA,NA,"F","N","L",NA,NA,NA,NA,NA,NA,"EN4","C",50,3,1.6,1.5,187,170,"Very Poor","rental (private)",51.656496,-0.160242,42,84,5,"cockfosters","Affinity Water",54900,"Barnet","tube",1,0,0,0.7730216,152000,305855.231014915,-153855.231014915,0
"1774",8567,NA,NA,"F","N","L",NA,NA,NA,NA,NA,NA,"N22","C",47,2,1.2,1.1,150,129,"Average","rental (private)",51.603155,-0.117822,94,40,3,"alexandra palace","Thames Water",51000,"Haringey","rail",0,1,0,0.4020458,137000,291480.8797893,-154480.8797893,0
"1775",10920,NA,NA,"S","N","F",NA,NA,NA,NA,NA,NA,"HA8","D",183,6,6.8,3.2,211,97,"Average","owner-occupied",51.62139,-0.278818,77,63,5,"edgware","Affinity Water",56300,"Barnet","tube",1,0,0,0.6207786,837000,991883.942941934,-154883.942941934,0
"1776",8401,NA,NA,"T","N","F",NA,NA,NA,NA,NA,NA,"TW13","C",98,6,2.6,1.2,149,66,"Good","owner-occupied",51.440932,-0.416633,83,16,6,"feltham","Affinity Water",53700,"Hounslow","rail",0,1,0,0.6965894,307000,462277.727676259,-155277.727676259,0
"1777",3539,NA,NA,"T","N","F",NA,NA,NA,NA,NA,NA,"RM2","E",96,4,5.8,2.2,341,130,"Average","owner-occupied",51.57785,0.207322,30,31,6,"gidea park","Essex & Suffolk Water",54000,"Havering","rail",0,1,0,0.4045314,293000,449148.327580676,-156148.327580676,0
"1778",1766,NA,NA,"T","N","F",NA,NA,NA,NA,NA,NA,"SW17","D",130,7,6.1,2,267,84,"Poor","owner-occupied",51.433967,-0.156708,177,34,3,"tooting bec","Thames Water",61600,"Wandsworth","tube",1,0,0,0.3548194,818000,975216.083742435,-157216.083742435,0
"1779",7705,NA,NA,"F","N","L",NA,NA,NA,NA,NA,NA,"SW10","D",73,3,3,1.8,230,143,"Very Poor","owner-occupied",51.487829,-0.176056,122,14,1,"south kensington","Thames Water",58100,"Kensington and Chelsea","tube",3,0,0,0.6735976,1039000,1196406.12064984,-157406.120649842,0
"1780",11681,NA,NA,"F","N","L",NA,NA,NA,NA,NA,NA,"NW8","C",65,3,1.6,1.3,143,110,"Average","owner-occupied",51.528326,-0.175736,42,43,2,"warwick avenue","Thames Water",53500,"Westminster","tube",2,0,0,0.5194904,389000,547889.657019518,-158889.657019518,0
"1781",12543,NA,NA,"T","N","F",NA,NA,NA,NA,NA,NA,"EN1","F",88,5,9.1,1.2,608,73,"Average","owner-occupied",51.66455,-0.075384,44,36,5,"enfield town","Thames Water",59500,"Enfield","light_rail",0,0,1,0.9700054,397000,556648.046198784,-159648.046198784,0
"1782",2740,NA,NA,"T","N","F",NA,NA,NA,NA,NA,NA,"SW19","C",126,5,3.7,1.7,155,67,"Average","owner-occupied",51.404925,-0.19336,75,19,4,"morden","Thames Water",72900,"Merton","tube",1,0,0,0.2466958,557000,717127.47877249,-160127.47877249,0
"1783",10123,NA,NA,"F","N","L",NA,NA,NA,NA,NA,NA,"SE26","E",49,2,4.3,2.6,519,309,"Average","owner-occupied",51.424712,-0.041808,37,33,4,"lower sydenham","Thames Water",52600,"Lewisham","rail",0,1,0,0.758108,1e+05,260479.645470102,-160479.645470102,0
"1784",4827,NA,NA,"S","N","F",NA,NA,NA,NA,NA,NA,"KT9","D",83,4,3,1.2,206,80,"Very Poor","rental (private)",51.358712,-0.297213,129,46,6,"chessington south","Thames Water",59700,"Kingston upon Thames","rail",0,1,0,0.581009,293000,453531.331219883,-160531.331219883,0
"1785",7567,NA,NA,"S","N","F",NA,NA,NA,NA,NA,NA,"RM3","D",151,5,7.3,2.3,250,78,"Average","owner-occupied",51.611813,0.235658,100,75,6,"harold wood","Essex & Suffolk Water",41500,"Havering","rail",0,1,0,1.4901172,427000,587903.03180278,-160903.03180278,0
"1786",15335,NA,NA,"S","N","F",NA,NA,NA,NA,NA,NA,"UB8","E",140,6,7.6,2.7,306,109,"Average","owner-occupied",51.539406,-0.475049,83,38,6,"uxbridge","Affinity Water",47400,"Hillingdon","tube",2,0,0,0.7692932,470000,632524.839087549,-162524.839087549,0
"1787",14143,NA,NA,"T","N","F",NA,NA,NA,NA,NA,NA,"E14","D",116,6,4.7,2.1,211,92,"Average","rental (private)",51.499594,-0.007638,137,2,2,"crossharbour and london arena","Thames Water",68500,"Tower Hamlets","light_rail",0,0,1,0.5182476,747000,909641.966510475,-162641.966510475,0
"1788",6676,NA,NA,"D","N","F",NA,NA,NA,NA,NA,NA,"EN5","E",126,6,9.5,2.4,424,107,"Average","owner-occupied",51.64961,-0.205129,41,107,5,"high barnet","Affinity Water",60200,"Barnet","tube",1,0,0,0.8680958,650000,812765.550819532,-162765.550819532,0
"1789",3054,NA,NA,"S","N","F",NA,NA,NA,NA,NA,NA,"IG4","D",188,7,8.1,6.8,258,217,"Average","owner-occupied",51.580196,0.051294,94,25,4,"redbridge","Thames Water",55300,"Redbridge","tube",1,0,0,0.4859348,702000,865706.388502498,-163706.388502498,0
"1790",11268,NA,NA,"F","N","L",NA,NA,NA,NA,NA,NA,"E1","C",77,3,2.5,2.1,184,157,"Good","owner-occupied",51.511392,-0.070519,80,19,1,"tower gateway","Thames Water",60700,"Tower Hamlets","light_rail",0,0,1,0.3423914,614000,778581.752182204,-164581.752182204,0
"1791",5657,NA,NA,"T","N","F",NA,NA,NA,NA,NA,NA,"N12","F",119,6,9.4,2.6,447,122,"Average","owner-occupied",51.612998,-0.162435,52,71,4,"new southgate","Affinity Water",54300,"Barnet","rail",0,1,0,0.9575774,495000,660721.62992235,-165721.62992235,0
"1792",1696,NA,NA,"D","N","F",NA,NA,NA,NA,NA,NA,"SE4","C",104,3,3.1,1.7,168,91,"Average","owner-occupied",51.464093,-0.027972,85,41,2,"brockley","Thames Water",58800,"Lewisham","light_rail",0,1,1,0.5083052,665000,831597.386701459,-166597.386701459,0
"1793",9090,NA,NA,"F","N","L",NA,NA,NA,NA,NA,NA,"SW2","D",64,3,3.5,1.1,309,102,"Average","owner-occupied",51.453998,-0.114565,53,26,2,"herne hill","Thames Water",61900,"Lambeth","rail",0,1,0,0.8556678,267000,433777.220424424,-166777.220424424,0
"1794",10642,NA,NA,"T","N","F",NA,NA,NA,NA,NA,NA,"N13","D",118,5,4.9,2,234,96,"Average","owner-occupied",51.611263,-0.107579,133,31,3,"bowes park","Thames Water",52200,"Enfield","rail",0,1,0,0.6655194,535000,702595.069660105,-167595.069660105,0
"1795",4491,NA,NA,"F","N","L",NA,NA,NA,NA,NA,NA,"TW1","C",47,3,1.5,1.2,181,152,"Average","rental (private)",51.446133,-0.335105,14,12,5,"twickenham","Thames Water",70600,"Richmond upon Thames","rail",0,1,0,0.6095934,218000,386001.243712903,-168001.243712903,0
"1796",13961,NA,NA,"F","N","L",NA,NA,NA,NA,NA,NA,"SW12","E",137,5,5.1,3,240,140,"Poor","owner-occupied",51.447094,-0.143444,22,26,3,"balham","Thames Water",64000,"Wandsworth","tube",1,1,0,0.5928156,688000,856276.334670888,-168276.334670888,0
"1797",15721,NA,NA,"T","N","F",NA,NA,NA,NA,NA,NA,"CR0","G",84,5,9.2,1,538,67,"Good","owner-occupied",51.382789,-0.07553,106,53,3,"addiscombe","Thames Water",56400,"Croydon","light_rail",0,0,1,0.1994694,354000,522792.422122707,-168792.422122707,0
"1798",11798,NA,NA,"F","N","L",NA,NA,NA,NA,NA,NA,"NW3","D",31.03,1,3.3,3.3,712,708,"Very Poor","rental (private)",51.550035,-0.163127,52,66,2,"belsize park","Thames Water",65400,"Camden","tube",1,0,0,0.0832676,336000,505460.635257113,-169460.635257113,0
"1799",4085,NA,NA,"F","N","L",NA,NA,NA,NA,NA,NA,"N21","C",36,2,1.6,0.9,251,143,"Very Poor","owner-occupied",51.645786,-0.116577,23,66,5,"oakwood","Thames Water",61700,"Enfield","tube",1,0,0,1.031524,128000,298269.256386976,-170269.256386976,0
"1800",12114,NA,NA,"D","N","F",NA,NA,NA,NA,NA,NA,"KT3","E",119,6,6.4,3,305,142,"Average","owner-occupied",51.390781,-0.249153,77,22,4,"motspur park","Thames Water",65000,"Kingston upon Thames","rail",0,1,0,0.6580626,505000,675290.512039956,-170290.512039956,0
"1801",8005,NA,NA,"F","N","L",NA,NA,NA,NA,NA,NA,"N1","C",47,2,1.5,0.9,185,111,"Very Poor","owner-occupied",51.533056,-0.107609,108,40,1,"angel","Thames Water",63500,"Islington","tube",1,0,0,0.2696876,396000,566628.059749242,-170628.059749242,0
"1802",2964,NA,NA,"F","N","L",NA,NA,NA,NA,NA,NA,"W6","E",40,2,3,2.5,446,369,"Poor","owner-occupied",51.485991,-0.218393,199,8,2,"barons court","Thames Water",59500,"Hammersmith and Fulham","tube",2,0,0,0.5723094,319000,490279.873705807,-171279.873705807,0
"1803",6194,NA,NA,"T","N","F",NA,NA,NA,NA,NA,NA,"HA4","D",108,6,4.9,2.8,254,144,"Average","owner-occupied",51.563306,-0.41921,66,41,5,"ruislip gardens","Affinity Water",59200,"Hillingdon","tube",1,0,0,0.7046676,395000,567078.117530012,-172078.117530012,0
"1804",15829,NA,NA,"F","N","L",NA,NA,NA,NA,NA,NA,"SM1","D",52,2,2.8,2,305,221,"Poor","owner-occupied",51.364478,-0.201617,58,47,5,"west sutton","SES Water",55200,"Sutton","rail",0,1,0,0.382161,117000,289656.650030338,-172656.650030338,0
"1805",11034,NA,NA,"F","N","L",NA,NA,NA,NA,NA,NA,"N17","C",68,4,2.4,2.4,201,201,"Average","rental (social)",51.609117,-0.08225,195,22,3,"white hart lane","Thames Water",37700,"Haringey","light_rail",0,0,1,0.7214454,152000,324682.186516572,-172682.186516572,0
"1806",7405,NA,NA,"T","N","F",NA,NA,NA,NA,NA,NA,"SE22","D",90,5,3,1.5,189,91,"Good","owner-occupied",51.449355,-0.071826,29,53,2,"north dulwich","Thames Water",59400,"Southwark","rail",0,1,0,1.0433306,566000,739076.001901802,-173076.001901802,0
"1807",11113,NA,NA,"T","N","F",NA,NA,NA,NA,NA,NA,"SE3","G",91,4,8.3,2.6,536,170,"Poor","owner-occupied",51.469227,0.020627,76,38,3,"kidbrooke","Thames Water",67800,"Greenwich","rail",0,1,0,1.280084,553000,727711.445345499,-174711.445345499,0
"1808",8494,NA,NA,"F","N","L",NA,NA,NA,NA,NA,NA,"W1H","D",46,2,2.3,1.2,278,147,"Very Poor","rental (private)",51.518992,-0.165327,30,35,1,"edgware road (circle/district/hammersmith and city)","Thames Water",60700,"Westminster","tube",3,0,0,0.2808728,575000,750398.083431091,-175398.083431091,0
"1809",8595,NA,NA,"S","N","F",NA,NA,NA,NA,NA,NA,"SE23","D",180,7,6,2.8,188,87,"Good","owner-occupied",51.447703,-0.054065,41,79,3,"honor oak park","Thames Water",66600,"Lewisham","light_rail",0,0,1,0.6332066,830000,1006107.15139946,-176107.151399458,0
"1810",2894,NA,NA,"F","N","L",NA,NA,NA,NA,NA,NA,"N1","C",80.2,4,2.3,1.8,173,135,"Average","rental (private)",51.532418,-0.08324,80,22,1,"hoxton","Thames Water",54300,"Islington","light_rail",0,0,1,0.3964532,511000,687803.173089363,-176803.173089363,0
"1811",15350,NA,NA,"S","N","F",NA,NA,NA,NA,NA,NA,"UB8","F",114,5,10,1.6,504,80,"Very Poor","owner-occupied",51.537322,-0.481975,85,36,6,"uxbridge","Affinity Water",45800,"Hillingdon","tube",2,0,0,0.8320546,415000,593249.750602698,-178249.750602698,0
"1812",10671,NA,NA,"S","N","F",NA,NA,NA,NA,NA,NA,"SE12","E",101,5,5.5,2.6,307,145,"Average","owner-occupied",51.449951,0.008895,90,21,3,"lee","Thames Water",63700,"Lewisham","rail",0,1,0,0.2187328,488000,667738.495994505,-179738.495994505,0
"1813",4885,NA,NA,"T","N","F",NA,NA,NA,NA,NA,NA,"SW18","D",85,4,3.1,1.2,205,77,"Average","owner-occupied",51.440993,-0.188009,52,11,3,"earlsfield","Thames Water",63100,"Wandsworth","rail",0,1,0,0.1901484,495000,675329.771892771,-180329.771892771,0
"1814",7577,NA,NA,"F","N","L",NA,NA,NA,NA,NA,NA,"W8","C",83,2,3.6,3.5,253,246,"Good","rental (private)",51.507648,-0.199286,42,42,1,"notting hill gate","Thames Water",70900,"Kensington and Chelsea","tube",3,0,0,0.3336918,1150000,1330542.4178889,-180542.417888904,0
"1815",3401,NA,NA,"T","N","F",NA,NA,NA,NA,NA,NA,"SW20","C",270,7,4.6,3.4,97,71,"Good","owner-occupied",51.417342,-0.232736,58,44,4,"raynes park","Thames Water",67000,"Merton","rail",0,1,0,0.5797662,1501000,1682029.06156274,-181029.06156274,0
"1816",4717,NA,NA,"T","N","F",NA,NA,NA,NA,NA,NA,"SW12","D",186,7,7.3,4.9,226,151,"Average","owner-occupied",51.446297,-0.15909,88,24,3,"wandsworth common","Thames Water",71800,"Wandsworth","rail",0,1,0,0.301379,1222000,1403077.21466403,-181077.214664029,0
"1817",11123,NA,NA,"S","N","F",NA,NA,NA,NA,NA,NA,"HA5","D",151,7,7.3,4.1,272,154,"Poor","owner-occupied",51.590755,-0.370937,98,55,5,"pinner","Affinity Water",65000,"Harrow","tube",1,0,0,0.5959226,763000,944732.704569918,-181732.704569918,0
"1818",7654,NA,NA,"T","N","F",NA,NA,NA,NA,NA,NA,"TW9","D",94,4,3.6,1.7,217,98,"Poor","owner-occupied",51.473397,-0.288843,84,10,3,"kew gardens","Thames Water",71700,"Richmond upon Thames","tube",1,0,1,0.5201118,712000,894065.420772436,-182065.420772436,0
"1819",5124,NA,NA,"T","N","F",NA,NA,NA,NA,NA,NA,"NW6","E",130,6,8.2,3.3,357,141,"Very Poor","owner-occupied",51.539018,-0.200759,77,34,2,"queens park","Thames Water",51900,"Brent","tube",2,0,1,0.4946344,994000,1176196.60401234,-182196.604012339,0
"1820",4403,NA,NA,"F","N","L",NA,NA,NA,"EARLSFIELD",NA,NA,"SW18","C",101,4,3.4,2,175,102,"Average","owner-occupied",51.4395,-0.182226,83,13,3,"earlsfield","Thames Water",62700,"Wandsworth","rail",0,1,0,0.3585478,450000,632308.869137888,-182308.869137888,0
"1821",3190,NA,NA,"F","N","L",NA,NA,NA,NA,NA,NA,"SW1V","D",31,1,2.7,1.8,493,333,"Poor","owner-occupied",51.490532,-0.13465,112,11,1,"pimlico","Thames Water",51700,"Westminster","tube",1,0,0,0.0913458,357000,540439.519335849,-183439.519335849,0
"1822",9677,NA,NA,"F","N","L",NA,NA,NA,NA,NA,NA,"W9","C",96,4,3.2,1.6,190,96,"Very Poor","rental (private)",51.527337,-0.188504,93,32,2,"maida vale","Thames Water",63000,"Westminster","tube",2,0,0,0.407017,877000,1060557.55312855,-183557.553128546,0
"1823",15135,NA,NA,"F","N","L",NA,NA,NA,NA,NA,NA,"SW6","D",25,2,1.5,1.2,365,283,"Good","owner-occupied",51.477937,-0.203423,39,9,2,"parsons green","Thames Water",61900,"Hammersmith and Fulham","tube",1,0,0,0.3815396,297000,480755.735223356,-183755.735223356,0
"1824",7955,NA,NA,"S","N","F",NA,NA,NA,NA,NA,NA,"KT2","E",130,7,6.5,3.9,284,170,"Average","owner-occupied",51.430931,-0.304039,63,10,6,"hampton wick","Thames Water",68800,"Kingston upon Thames","rail",0,1,0,1.8803564,675000,859316.568098846,-184316.568098846,0
"1825",10704,NA,NA,"F","N","F",NA,NA,NA,"EDMONTON",NA,NA,"N9","D",92,5,4.2,1.1,261,68,"Average","owner-occupied",51.631586,-0.079309,51,25,4,"edmonton green","Thames Water",56700,"Enfield","light_rail",0,1,1,0.857532,264000,448354.463670957,-184354.463670957,0
"1826",1739,NA,NA,"S","N","F",NA,NA,NA,NA,NA,NA,"BR6","C",154,6,3.3,2.4,123,86,"Average","owner-occupied",51.360974,0.081101,73,96,6,"orpington","Thames Water",50500,"Bromley","rail",0,1,0,1.391936,416000,600411.813735196,-184411.813735196,0
"1827",11921,NA,NA,"S","N","F",NA,NA,NA,NA,NA,NA,"SM5","E",146,9,9.2,3.7,326,128,"Average","rental (private)",51.357317,-0.156975,27,61,5,"wallington","SES Water",53000,"Sutton","rail",0,1,0,0.5735522,547000,733151.966383244,-186151.966383244,0
"1828",5731,NA,NA,"F","N","L",NA,NA,NA,NA,NA,NA,"SE5","C",39.04,2,2,2,342,335,"Poor","rental (private)",51.470159,-0.08359,106,26,2,"denmark hill","Thames Water",56300,"Southwark","light_rail",0,1,1,0.4511364,227000,413236.716456754,-186236.716456754,0
"1829",302,NA,NA,"S","N","F",NA,NA,NA,NA,NA,NA,"HA5","E",122,6,6.1,2.5,283,114,"Average","owner-occupied",51.597438,-0.364591,88,60,5,"headstone lane","Affinity Water",65000,"Harrow","light_rail",0,0,1,0.8364044,526000,712242.398176079,-186242.398176079,0
"1830",15804,NA,NA,"T","N","F",NA,NA,NA,NA,NA,NA,"IG3","E",99,4,6,1.3,317,65,"Average","owner-occupied",51.55179,0.0929,68,8,4,"seven kings","Essex & Suffolk Water",50400,"Redbridge","rail",0,1,0,1.1645036,231000,418800.000753092,-187800.000753092,0
"1831",14297,NA,NA,"S","N","F",NA,NA,NA,NA,NA,NA,"SW16","D",160,7,6.8,2.5,240,86,"Average","owner-occupied",51.424892,-0.137252,49,39,3,"streatham","Thames Water",54800,"Croydon","rail",0,1,0,0.5325398,680000,869253.518004934,-189253.518004934,0
"1832",7802,NA,NA,"T","N","F",NA,NA,NA,NA,NA,NA,"SE6","D",78,4,4.5,2.8,348,216,"Average","owner-occupied",51.445391,-0.011653,60,21,3,"catford bridge","Thames Water",48700,"Lewisham","rail",0,1,0,0.7369804,231000,420429.753008836,-189429.753008836,0
"1833",14365,NA,NA,"F","N","L",NA,NA,NA,NA,NA,NA,"NW3","C",112.44,5,3.7,3.6,195,189,"Good","rental (private)",51.54318,-0.174464,83,59,2,"swiss cottage","Thames Water",60900,"Camden","tube",1,0,0,0.2199756,889000,1079840.24168459,-190840.241684595,0
"1834",5522,NA,NA,"T","N","F",NA,NA,NA,NA,NA,NA,"TW1","D",151,6,5.3,2.3,199,86,"Poor","owner-occupied",51.45582,-0.310774,106,10,4,"st margarets","Thames Water",70200,"Richmond upon Thames","rail",0,1,0,0.55926,1026000,1217836.93728745,-191836.937287448,0
"1835",1601,NA,NA,"F","N","L",NA,NA,NA,NA,NA,NA,"W8","D",34,2,2.5,1.3,432,231,"Very Poor","rental (private)",51.499233,-0.197629,43,14,1,"high street kensington","Thames Water",69200,"Kensington and Chelsea","tube",2,0,0,0.503334,585000,778982.503697049,-193982.503697049,0
"1836",11877,NA,NA,"T","N","F",NA,NA,NA,NA,NA,NA,"SW19","D",181,7,4.8,2.2,178,86,"Poor","owner-occupied",51.435455,-0.19745,57,20,3,"wimbledon park","Thames Water",75000,"Merton","tube",1,0,0,0.1112306,1140000,1334096.69817663,-194096.698176625,0
"1837",2129,NA,NA,"T","N","F",NA,NA,NA,NA,NA,NA,"SE6","D",139,6,6.2,3.8,252,152,"Average","owner-occupied",51.434284,-0.023818,60,22,3,"bellingham","Thames Water",45100,"Lewisham","rail",0,1,0,0.2106546,373000,568714.185963805,-195714.185963805,0
"1838",11622,NA,NA,"T","N","F",NA,NA,NA,NA,NA,NA,"N2","E",100,5,5.9,2.2,333,123,"Very Poor","rental (private)",51.596141,-0.176485,155,90,3,"east finchley","Affinity Water",58600,"Barnet","tube",1,0,0,0.9581988,635000,831036.830404721,-196036.830404721,0
"1839",9661,NA,NA,"F","N","L",NA,NA,NA,NA,NA,NA,"NW1","C",54,2,1.6,1,172,104,"Very Poor","owner-occupied",51.543129,-0.155661,47,39,2,"chalk farm","Thames Water",54500,"Camden","tube",1,0,0,0.2373748,302000,498758.763194479,-196758.763194479,0
"1840",12485,NA,NA,"F","N","L",NA,NA,NA,NA,NA,NA,"CR4","E",69,3,3.2,2.3,276,200,"Good","owner-occupied",51.411283,-0.16215,80,22,3,"mitcham eastfields","Thames Water",47600,"Merton","rail",0,1,0,0.521976,123000,320535.400320526,-197535.400320526,0
"1841",10024,NA,NA,"F","N","L",NA,NA,NA,NA,NA,NA,"SE16","C",58,3,1.6,1.3,147,116,"Good","rental (private)",51.49129,-0.046966,58,8,2,"surrey quays","Thames Water",51800,"Southwark","light_rail",0,0,1,0.298272,140000,338277.926885693,-198277.926885693,0
"1842",1432,NA,NA,"F","N","L",NA,NA,NA,NA,NA,NA,"SW9","C",81,3,2.7,1.5,177,97,"Good","rental (private)",51.473122,-0.120544,99,10,2,"stockwell","Thames Water",54900,"Lambeth","tube",2,0,0,0.1932554,329000,527707.251593959,-198707.251593959,0
"1843",4155,NA,NA,"S","N","F",NA,NA,NA,NA,NA,NA,"HA4","C",161,7,4.8,2.7,169,95,"Average","owner-occupied",51.577513,-0.390128,76,50,5,"eastcote","Affinity Water",64600,"Hillingdon","tube",2,0,0,0.3653832,670000,868947.268873767,-198947.268873767,0
"1844",3128,NA,NA,"F","N","L",NA,NA,NA,NA,NA,NA,"CR4","C",75,3,2,1.9,157,145,"Good","owner-occupied",51.408376,-0.164901,129,22,3,"mitcham eastfields","Thames Water",45700,"Merton","rail",0,1,0,0.5729308,117000,317328.427719898,-200328.427719898,0
"1845",3971,NA,NA,"F","N","L",NA,NA,NA,NA,NA,NA,"W2","C",32,2,1.1,0.8,202,141,"Very Poor","rental (private)",51.513627,-0.182895,53,30,1,"bayswater","Thames Water",66700,"Westminster","tube",2,0,0,0.4958772,438000,639111.239982563,-201111.239982563,0
"1846",1444,NA,NA,"F","N","L",NA,NA,NA,NA,NA,NA,"W1U","C",72,3,2.7,1.5,212,119,"Good","owner-occupied",51.519776,-0.154557,8,32,1,"baker street","Thames Water",73500,"Westminster","tube",6,0,0,0.4977414,877000,1078738.27843698,-201738.278436985,0
"1847",559,NA,NA,"D","N","F",NA,NA,NA,NA,NA,NA,"IG9","E",201,8,12,4.8,328,133,"Average","owner-occupied",51.624363,0.025128,41,63,4,"roding valley","Thames Water",59400,"Redbridge","tube",1,0,0,1.2384502,896000,1099444.86276439,-203444.86276439,0
"1848",12615,NA,NA,"T","N","F",NA,NA,NA,NA,NA,NA,"E12","D",155,6,6.7,3.7,211,107,"Poor","owner-occupied",51.563873,0.03896,79,17,3,"manor park","Thames Water",59100,"Redbridge","rail",0,1,0,0.9277502,738000,941750.744492629,-203750.744492629,0
"1849",6629,NA,NA,"F","N","L",NA,NA,NA,NA,NA,NA,"SE1","D",56,3,2.5,1.4,251,145,"Very Poor","owner-occupied",51.507685,-0.093487,77,11,1,"london bridge","Thames Water",56600,"Southwark","tube",2,1,0,0.4828278,393000,597253.771642307,-204253.771642307,0
"1850",2133,NA,NA,"F","N","L",NA,NA,NA,NA,NA,NA,"SW14","C",75,3,2.3,1.5,172,116,"Average","owner-occupied",51.462636,-0.274936,44,20,3,"north sheen","Thames Water",68200,"Richmond upon Thames","rail",0,1,0,0.9314786,352000,556653.904763752,-204653.904763752,0
"1851",1543,NA,NA,"T","N","F",NA,NA,NA,NA,NA,NA,"N4","E",156,6,7,3,267,113,"Very Poor","owner-occupied",51.570425,-0.114052,183,39,3,"crouch hill","Thames Water",52100,"Hackney","light_rail",0,0,1,0.260988,778000,983966.340274449,-205966.340274449,0
"1852",13779,NA,NA,"D","N","F",NA,NA,NA,NA,NA,NA,"TW12","F",110,6,8.8,2.6,452,135,"Average","owner-occupied",51.423966,-0.383275,70,19,6,"hampton","Thames Water",54700,"Richmond upon Thames","rail",0,1,0,0.9035156,518000,725251.152509578,-207251.152509578,0
"1853",10682,NA,NA,"F","N","L",NA,NA,NA,NA,NA,NA,"SW11","E",102,4,5.4,2.9,300,162,"Poor","rental (private)",51.462796,-0.176205,143,19,2,"clapham junction","Thames Water",65900,"Wandsworth","light_rail",0,1,1,0.453622,687000,895494.385758004,-208494.385758004,0
"1854",8866,NA,NA,"F","N","L",NA,NA,NA,NA,NA,NA,"E3","D",58,2,2.8,1.2,253,110,"Average","owner-occupied",51.536359,-0.032838,23,17,2,"hackney wick","Thames Water",46200,"Tower Hamlets","light_rail",0,0,1,0.9140794,152000,360539.699876047,-208539.699876047,0
"1855",13739,NA,NA,"T","N","F",NA,NA,NA,NA,NA,NA,"SW4","D",173.57,7,8.4,8.2,229,222,"Poor","owner-occupied",51.45423,-0.138117,41,30,2,"clapham south","Thames Water",71500,"Lambeth","tube",1,0,0,0.6139432,1416000,1624992.08963419,-208992.089634194,0
"1856",9091,NA,NA,"F","N","L",NA,NA,NA,NA,NA,NA,"W2","C",65,3,2.2,1.3,193,116,"Average","owner-occupied",51.515499,-0.195258,64,27,1,"notting hill gate","Thames Water",58500,"Westminster","tube",3,0,0,0.4654286,651000,860386.427267837,-209386.427267837,0
"1857",11126,NA,NA,"T","N","F",NA,NA,NA,"STROUD GREEN",NA,NA,"N4","D",184,6,7.4,3.7,228,112,"Poor","owner-occupied",51.571664,-0.113181,83,40,3,"crouch hill","Thames Water",58000,"Hackney","light_rail",0,0,1,0.214383,1109000,1318707.98096722,-209707.98096722,0
"1858",1027,NA,NA,"T","N","F",NA,NA,NA,NA,NA,NA,"N17","E",100.07,5,6.2,5.1,373,302,"Very Poor","rental (private)",51.595551,-0.073036,136,20,3,"bruce grove","Thames Water",42600,"Haringey","light_rail",0,0,1,0.2156258,343000,554140.734957415,-211140.734957415,0
"1859",26,NA,NA,"S","N","F",NA,NA,NA,NA,NA,NA,"SW13","D",153,7,5.4,3.9,166,110,"Poor","owner-occupied",51.48799,-0.236559,90,8,2,"barnes bridge","Thames Water",65600,"Richmond upon Thames","tube",1,0,0,1.5460432,1546000,1757302.23046196,-211302.230461963,0
"1860",11591,NA,NA,"T","N","F",NA,NA,NA,NA,NA,NA,"SW17","F",100.51,5,8.3,7.3,602,530,"Average","rental (private)",51.440094,-0.168375,70,36,3,"tooting bec","Thames Water",73500,"Wandsworth","tube",1,0,0,0.5518032,7e+05,912735.668944261,-212735.668944261,0
"1861",12265,NA,NA,"F","N","L",NA,NA,NA,NA,NA,NA,"NW8","C",47,2,1.3,1.2,157,146,"Average","rental (private)",51.527085,-0.170538,65,38,1,"edgware road (bakerloo)","Thames Water",39800,"Westminster","tube",2,0,0,0.5306756,323000,536336.054912558,-213336.054912558,0
"1862",4598,NA,NA,"T","N","F",NA,NA,NA,NA,NA,NA,"SW11","C",177,6,4.2,2.7,134,85,"Good","owner-occupied",51.463341,-0.157569,120,24,2,"clapham junction","Thames Water",80600,"Wandsworth","light_rail",0,1,1,0.7637006,1398000,1611735.40232576,-213735.402325765,0
"1863",305,NA,NA,"T","N","F",NA,NA,NA,NA,NA,NA,"TW11","C",223,8,5.6,3.7,131,86,"Good","owner-occupied",51.420963,-0.31436,114,11,6,"hampton wick","Thames Water",63800,"Richmond upon Thames","rail",0,1,0,0.4610788,1265000,1479038.52318992,-214038.523189924,0
"1864",15713,NA,NA,"F","N","L",NA,NA,NA,NA,NA,NA,"HA0","D",65,3,3.1,1.8,271,160,"Average","rental (private)",51.551003,-0.303088,96,41,4,"wembley central","Affinity Water",47800,"Brent","tube",2,1,1,0.3343132,84000,298859.988131828,-214859.988131828,0
"1865",13283,NA,NA,"T","N","F",NA,NA,NA,NA,NA,NA,"E12","D",100,5,4.4,2,247,112,"Average","owner-occupied",51.552731,0.059031,272,10,3,"manor park","Thames Water",40800,"Redbridge","rail",0,1,0,0.8879806,259000,474393.369733251,-215393.369733251,0
"1866",6294,NA,NA,"T","N","F",NA,NA,NA,NA,NA,NA,"SW17","D",119,7,4.4,3.1,192,131,"Average","owner-occupied",51.420029,-0.149877,62,22,3,"tooting","Thames Water",52800,"Wandsworth","rail",0,1,0,0.6767046,514000,729591.588978723,-215591.588978723,0
"1867",10449,NA,NA,"S","N","F",NA,NA,NA,NA,NA,NA,"TW7","D",148,6,5.9,2.6,226,98,"Average","owner-occupied",51.477984,-0.350377,63,24,4,"osterley","Thames Water",61500,"Hounslow","tube",1,0,0,0.6127004,627000,846277.050081116,-219277.050081116,0
"1868",9334,NA,NA,"F","N","L",NA,NA,NA,NA,NA,NA,"N1","D",70,4,2.3,1.3,184,108,"Good","rental (private)",51.531158,-0.080972,50,23,1,"hoxton","Thames Water",54300,"Islington","light_rail",0,0,1,0.329342,378000,597790.522559054,-219790.522559054,0
"1869",11397,NA,NA,"F","N","L",NA,NA,NA,NA,NA,NA,"SE1","B",46,2,1.4,1.3,169,159,"Good","rental (private)",51.50217,-0.098875,34,9,1,"borough","Thames Water",56600,"Southwark","tube",1,0,0,0.360412,259000,479216.205538007,-220216.205538007,0
"1870",695,NA,NA,"F","N","L",NA,NA,NA,NA,NA,NA,"N10","D",141,5,5.5,4.1,223,165,"Poor","owner-occupied",51.59027,-0.143073,107,98,3,"highgate","Thames Water",65800,"Haringey","tube",1,0,0,0.9967256,745000,965374.828729675,-220374.828729675,0
"1871",5521,NA,NA,"T","N","F",NA,NA,NA,NA,NA,NA,"NW8","C",84,4,2.8,0.7,191,44,"Good","owner-occupied",51.524597,-0.16943,38,38,1,"edgware road (bakerloo)","Thames Water",39800,"Westminster","tube",2,0,0,0.2933008,669000,891740.749148038,-222740.749148038,0
"1872",15051,NA,NA,"S","N","F",NA,NA,NA,NA,NA,NA,"TW9","C",191,7,5,2.8,149,82,"Good","rental (private)",51.465069,-0.288161,112,11,3,"north sheen","Thames Water",61900,"Richmond upon Thames","rail",0,1,0,0.1969838,1182000,1407353.21913727,-225353.219137271,0
"1873",14184,NA,NA,"F","N","L",NA,NA,NA,NA,NA,NA,"SW1P","D",73,3,4,2.8,315,219,"Very Poor","owner-occupied",51.493265,-0.128359,46,11,1,"pimlico","Thames Water",53000,"Westminster","tube",1,0,0,0.3734614,687000,912870.202921604,-225870.202921604,0
"1874",8777,NA,NA,"T","N","F",NA,NA,NA,NA,NA,NA,"NW10","D",131,7,5.4,2.6,214,100,"Average","rental (private)",51.535667,-0.221582,131,51,2,"kensal rise","Thames Water",52500,"Brent","light_rail",0,0,1,0.1982266,967000,1193323.15232829,-226323.152328291,0
"1875",11246,NA,NA,"F","N","L",NA,NA,NA,NA,NA,NA,"SE1","C",81,2,2.1,2.2,172,177,"Good","owner-occupied",51.50217,-0.098875,34,9,1,"borough","Thames Water",56600,"Southwark","tube",1,0,0,0.360412,556000,782581.213458153,-226581.213458153,0
"1876",2901,NA,NA,"F","N","L",NA,NA,NA,NA,NA,NA,"SW15","C",91,3,2.5,1.2,144,72,"Good","owner-occupied",51.452112,-0.218196,28,44,2,"east putney","Thames Water",66300,"Kingston upon Thames","tube",1,0,0,0.8506966,516000,743441.784925274,-227441.784925274,0
"1877",10603,NA,NA,"T","N","F",NA,NA,NA,NA,NA,NA,"N13","C",115,5,2.7,1.5,133,71,"Average","owner-occupied",51.614762,-0.118786,86,30,3,"bowes park","Thames Water",52200,"Enfield","rail",0,1,0,0.6549556,416000,646117.536625427,-230117.536625427,0
"1878",12902,NA,NA,"T","N","F",NA,NA,NA,NA,NA,NA,"SW11","E",119.3,6,9.3,8.3,378,336,"Average","owner-occupied",51.463477,-0.177185,97,14,2,"clapham junction","Thames Water",65900,"Wandsworth","light_rail",0,1,1,0.4741282,967000,1200429.71559931,-233429.715599307,0
"1879",11510,NA,NA,"S","N","F",NA,NA,NA,NA,NA,NA,"SW14","D",183,9,6.3,3,196,93,"Good","owner-occupied",51.464644,-0.260493,97,11,3,"mortlake","Thames Water",68200,"Richmond upon Thames","rail",0,1,0,0.5598814,1248000,1483361.93885037,-235361.938850368,0
"1880",6120,NA,NA,"T","N","F",NA,NA,NA,NA,NA,NA,"SW19","D",137,6,5.5,4,230,164,"Good","owner-occupied",51.418497,-0.184742,76,17,3,"colliers wood","Thames Water",66200,"Merton","tube",1,0,0,0.472264,714000,949880.12160776,-235880.12160776,0
"1881",11008,NA,NA,"F","N","L",NA,NA,NA,"LEYTON",NA,NA,"E10","C",69,3,1.3,1.3,101,101,"Good","owner-occupied",51.569596,-0.035951,50,7,3,"lea bridge","Thames Water",54700,"Waltham Forest","rail",0,1,0,0.3628976,130000,367950.667903631,-237950.667903631,0
"1882",1886,NA,NA,"S","N","F",NA,NA,NA,NA,NA,NA,"NW11","D",159,6,7.1,4.6,232,147,"Average","owner-occupied",51.570162,-0.202506,108,61,3,"golders green","Thames Water",65500,"Barnet","tube",1,0,0,0.4498936,1062000,1301472.89988878,-239472.899888776,0
"1883",8684,NA,NA,"F","N","L",NA,NA,NA,NA,NA,NA,"SW18","B",49,2,0.9,0.9,107,107,"Average","owner-occupied",51.458085,-0.195393,18,9,2,"wandsworth town","Thames Water",58200,"Wandsworth","rail",0,1,0,0.5760378,131000,371310.099787647,-240310.099787647,0
"1884",114,NA,NA,"F","N","L",NA,NA,NA,NA,NA,NA,"SW11","D",84.9,4,4.2,3.1,273,202,"Good","owner-occupied",51.473939,-0.169914,154,6,2,"clapham junction","Thames Water",66400,"Wandsworth","light_rail",0,1,1,0.8550464,473000,713367.752911974,-240367.752911974,0
"1885",1181,NA,NA,"S","N","F",NA,NA,NA,NA,NA,NA,"EN4","D",190,7,6.6,4.9,199,145,"Average","owner-occupied",51.641616,-0.158142,76,57,4,"oakleigh park","Affinity Water",55500,"Barnet","rail",0,1,0,0.6580626,809000,1049507.19349089,-240507.193490889,0
"1886",8470,NA,NA,"S","N","F",NA,NA,NA,NA,NA,NA,"BR2","F",181,7,11,2.8,405,106,"Very Poor","owner-occupied",51.375186,0.043094,58,78,5,"hayes","Thames Water",67300,"Bromley","rail",0,1,0,1.8604716,621000,861651.278703617,-240651.278703617,0
"1887",13340,NA,NA,"F","N","L",NA,NA,NA,NA,NA,NA,"W2","D",46.75,3,3.3,3.3,421,415,"Very Poor","owner-occupied",51.519086,-0.183499,74,27,2,"royal oak","Thames Water",56500,"Westminster","tube",2,0,0,0.2976506,395000,636671.896892601,-241671.896892601,0
"1888",4617,NA,NA,"S","N","F",NA,NA,NA,NA,NA,NA,"KT5","E",98,5,6.1,1.2,324,59,"Poor","owner-occupied",51.384997,-0.276262,44,29,5,"tolworth","Thames Water",72000,"Kingston upon Thames","rail",0,1,0,0.6406634,405000,649071.832804827,-244071.832804827,0
"1889",244,NA,NA,"S","N","F",NA,NA,NA,NA,NA,NA,"HA3","D",119,4,5.4,3.4,260,159,"Average","owner-occupied",51.597905,-0.322487,58,54,5,"harrow and wealdstone","Affinity Water",50600,"Brent","tube",2,1,1,0.8277048,322000,566216.141356659,-244216.141356659,0
"1890",314,NA,NA,"T","N","F",NA,NA,NA,NA,NA,NA,"N2","F",120,7,10,3.3,477,154,"Poor","owner-occupied",51.592133,-0.162266,87,99,3,"east finchley","Affinity Water",58600,"Barnet","tube",1,0,0,0.3610334,778000,1022818.69388251,-244818.693882512,0
"1891",14168,NA,NA,"F","N","L",NA,NA,NA,NA,NA,NA,"NW2","D",97,4,4.6,4.4,267,257,"Average","owner-occupied",51.54739,-0.216048,64,62,2,"willesden green","Thames Water",50600,"Camden","tube",1,0,0,0.5617456,484000,733072.538329326,-249072.538329326,0
"1892",13086,NA,NA,"S","N","F",NA,NA,NA,NA,NA,NA,"SW16","G",180,9,15,6.5,554,240,"Very Poor","owner-occupied",51.40949,-0.118841,173,40,3,"norbury","Thames Water",54100,"Croydon","rail",0,1,0,0.3119428,612000,863397.317077822,-251397.317077822,0
"1893",3478,NA,NA,"S","N","F",NA,NA,NA,NA,NA,NA,"NW10","D",128,7,6,3.3,264,143,"Average","owner-occupied",51.546715,-0.25052,75,36,3,"neasden","Thames Water",38400,"Brent","tube",1,0,0,0.7668076,553000,806834.026494796,-253834.026494796,0
"1894",543,NA,NA,"D","N","F",NA,NA,NA,NA,NA,NA,"EN5","D",172,7,8.7,4.8,286,157,"Good","owner-occupied",51.652195,-0.223718,18,131,5,"high barnet","Affinity Water",58000,"Barnet","tube",1,0,0,1.4578044,845000,1098886.03330392,-253886.033303916,0
"1895",7795,NA,NA,"F","N","L",NA,NA,NA,NA,NA,NA,"NW6","D",86,5,3.9,1.7,253,115,"Good","owner-occupied",51.544919,-0.202632,104,48,2,"brondesbury","Thames Water",51900,"Brent","light_rail",0,0,1,0.2150044,377000,631723.64257812,-254723.64257812,0
"1896",14673,NA,NA,"F","N","L",NA,NA,NA,NA,NA,NA,"N11","D",145,5,6.5,3.9,236,139,"Average","owner-occupied",51.618022,-0.149116,53,60,4,"new southgate","Affinity Water",54300,"Barnet","rail",0,1,0,0.397696,382000,637882.14377129,-255882.14377129,0
"1897",1548,NA,NA,"S","N","F",NA,NA,NA,NA,NA,NA,"SE22","E",166,8,7.9,3.7,272,125,"Good","owner-occupied",51.454467,-0.072114,77,33,2,"east dulwich","Thames Water",67000,"Southwark","rail",0,1,0,0.897923,1172000,1427932.6520736,-255932.652073604,0
"1898",6702,NA,NA,"T","N","F",NA,NA,NA,NA,NA,NA,"SM2","E",99,3,5.9,2.5,337,143,"Poor","owner-occupied",51.344529,-0.196167,94,98,5,"belmont","SES Water",67900,"Sutton","rail",0,1,0,0.2249468,336000,592972.513711574,-256972.513711574,0
"1899",4848,NA,NA,"S","N","F",NA,NA,NA,NA,NA,NA,"TW5","D",126,5,4.6,2.4,208,106,"Average","rental (private)",51.486295,-0.388676,98,32,5,"hounslow west","Thames Water",51500,"Hounslow","tube",1,0,0,1.2011662,261000,522771.152456057,-261771.152456057,0
"1900",1688,NA,NA,"T","N","F",NA,NA,NA,NA,NA,NA,"HA4","D",102,6,4,1.7,220,90,"Average","owner-occupied",51.553844,-0.405085,101,34,5,"south ruislip","Affinity Water",56600,"Hillingdon","tube",1,1,0,0.4244162,280000,542549.864725035,-262549.864725035,0
"1901",9672,NA,NA,"S","N","F",NA,NA,NA,NA,NA,NA,"SE24","C",178,7,5.3,3.5,153,97,"Good","owner-occupied",51.448483,-0.10321,193,31,2,"herne hill","Thames Water",55900,"Lambeth","rail",0,1,0,0.7040462,1085000,1359508.22660396,-274508.226603965,0
"1902",4294,NA,NA,"T","N","F",NA,NA,NA,NA,NA,NA,"TW8","D",141,5,6.6,2,265,78,"Average","owner-occupied",51.497782,-0.298562,141,19,3,"south ealing","Thames Water",50200,"Hounslow","tube",1,0,0,0.7040462,626000,901109.540137239,-275109.540137239,0
"1903",8480,NA,NA,"T","N","F",NA,NA,NA,NA,NA,NA,"NW10","C",149,7,4.7,2.5,178,93,"Average","owner-occupied",51.533417,-0.220271,61,45,2,"kensal rise","Thames Water",52500,"Brent","light_rail",0,0,1,0.1155804,1095000,1371009.59502176,-276009.595021758,0
"1904",9101,NA,NA,"F","N","L",NA,NA,NA,NA,NA,NA,"RM14","E",84,4,5.3,1.8,373,119,"Very Poor","owner-occupied",51.561893,0.243151,39,16,6,"upminster","Essex & Suffolk Water",54600,"Havering","tube",1,0,1,0.5070624,83000,360180.535736666,-277180.535736666,0
"1905",10491,NA,NA,"S","N","F",NA,NA,NA,NA,NA,NA,"HA3","E",183,7,13,4.1,395,125,"Average","owner-occupied",51.60896,-0.337286,40,83,5,"headstone lane","Affinity Water",56200,"Brent","light_rail",0,0,1,1.5336152,781000,1059816.51889023,-278816.518890233,0
"1906",14644,NA,NA,"T","N","F",NA,NA,NA,NA,NA,NA,"SW19","C",171,6,4.7,3,156,98,"Good","owner-occupied",51.406999,-0.193738,129,18,3,"morden road","Thames Water",72900,"Merton","light_rail",0,0,1,0.2970292,887000,1167213.10554454,-280213.105544537,0
"1907",10413,NA,NA,"D","N","F",NA,NA,NA,NA,NA,NA,"EN2","E",204,8,10,6.5,286,179,"Average","owner-occupied",51.650619,-0.091789,67,43,5,"enfield chase","Thames Water",65200,"Enfield","rail",0,1,0,0.4554862,884000,1168270.42823493,-284270.428234933,0
"1908",7296,NA,NA,"F","N","L",NA,NA,NA,NA,NA,NA,"E1W","B",63,3,1.2,1.2,108,108,"Good","owner-occupied",51.511732,-0.046553,91,14,2,"limehouse","Thames Water",62600,"Tower Hamlets","light_rail",0,0,1,0.5176262,112000,399079.427887628,-287079.427887628,0
"1909",12412,NA,NA,"S","N","F",NA,NA,NA,NA,NA,NA,"CR2","E",103.26,5,6.2,3.9,361,225,"Average","owner-occupied",51.347541,-0.060522,67,155,3,"coombe lane","SES Water",62800,"Croydon","light_rail",0,0,1,1.5988622,228000,515631.063231471,-287631.063231471,0
"1910",14259,NA,NA,"T","N","F",NA,NA,NA,NA,NA,NA,"CR4","C",149.04,5,4.8,3.4,194,136,"Good","owner-occupied",51.411954,-0.172232,71,17,3,"colliers wood","Thames Water",52500,"Merton","tube",1,0,0,0.7786142,585000,875986.233347379,-290986.233347379,0
"1911",10494,NA,NA,"S","N","F",NA,NA,NA,"STREATHAM HILL",NA,NA,"SW2","D",171,7,7,4,232,130,"Poor","owner-occupied",51.440855,-0.117063,84,68,3,"streatham hill","Thames Water",55900,"Lambeth","rail",0,1,0,0.6095934,747000,1043290.12953072,-296290.129530718,0
"1912",5473,NA,NA,"S","N","F",NA,NA,NA,NA,NA,NA,"SE24","D",99,4,4.9,2.1,279,121,"Average","owner-occupied",51.456304,-0.104236,52,23,2,"herne hill","Thames Water",54000,"Lambeth","rail",0,1,0,0.276523,493000,789711.258688403,-296711.258688403,0
"1913",293,NA,NA,"F","N","L",NA,NA,NA,NA,NA,NA,"NW5","D",97,3,5.1,2.1,301,122,"Average","owner-occupied",51.554527,-0.14098,238,45,2,"kentish town","Thames Water",57000,"Camden","tube",1,1,0,0.2448316,547000,844890.130617511,-297890.130617511,0
"1914",11283,NA,NA,"F","N","L",NA,NA,NA,NA,NA,NA,"SW18","E",68,3,5,5,413,413,"Average","owner-occupied",51.444229,-0.189655,67,11,3,"earlsfield","Thames Water",62700,"Wandsworth","rail",0,1,0,0.1727492,188000,486558.953343893,-298558.953343893,0
"1915",8632,NA,NA,"F","N","L",NA,NA,NA,NA,NA,NA,"W2","D",39,1,1.7,1.2,252,169,"Very Poor","rental (social)",51.519176,-0.187589,254,29,2,"royal oak","Thames Water",56500,"Westminster","tube",2,0,0,0.1000454,259000,560588.627634523,-301588.627634523,0
"1916",4807,NA,NA,"T","N","F",NA,NA,NA,NA,NA,NA,"W8","C",131,4,4,1.6,176,70,"Poor","owner-occupied",51.507823,-0.195926,76,34,1,"notting hill gate","Thames Water",70900,"Kensington and Chelsea","tube",3,0,0,0.2442102,2438000,2740287.8373983,-302287.837398302,0
"1917",7149,NA,NA,"D","N","F",NA,NA,NA,NA,NA,NA,"N20","D",311,10,11,8.7,209,157,"Average","owner-occupied",51.631489,-0.164133,45,89,4,"oakleigh park","Affinity Water",58400,"Barnet","rail",0,1,0,0.5766592,1460000,1762821.42721419,-302821.427214192,0
"1918",9363,NA,NA,"F","N","L",NA,NA,NA,NA,NA,NA,"SW5","E",54.15,2,4.2,3.2,458,357,"Poor","owner-occupied",51.495489,-0.191611,65,14,1,"earls court","Thames Water",56600,"Kensington and Chelsea","tube",2,0,0,0.2839798,534000,838410.115963854,-304410.115963854,0
"1919",1532,NA,NA,"F","N","L",NA,NA,NA,NA,NA,NA,"W8","C",101,3,1.9,1.7,108,97,"Average","owner-occupied",51.495299,-0.200306,143,13,1,"earls court","Thames Water",69200,"Kensington and Chelsea","tube",2,0,0,0.4418154,1191000,1499191.6934606,-308191.693460596,0
"1920",11374,NA,NA,"S","N","F",NA,NA,NA,NA,NA,NA,"UB2","D",146,5,6.1,2.9,236,110,"Average","owner-occupied",51.503133,-0.383184,28,33,4,"southall","Affinity Water",45400,"Ealing","rail",0,1,0,0.4281446,309000,618411.59015247,-309411.59015247,0
"1921",2364,NA,NA,"T","N","F",NA,NA,NA,NA,NA,NA,"W12","D",217,5,8,3.7,190,87,"Poor","rental (social)",51.508303,-0.235905,129,10,2,"shepherds bush market","Thames Water",53900,"Hammersmith and Fulham","tube",2,0,0,0.4119882,1929000,2238666.12842163,-309666.128421634,0
"1922",1244,NA,NA,"T","N","F",NA,NA,NA,NA,NA,NA,"W10","C",101,4,2.9,1.4,178,90,"Average","owner-occupied",51.530548,-0.210219,125,36,2,"queens park","Thames Water",44500,"Kensington and Chelsea","tube",2,0,1,0.618293,788000,1102657.43951949,-314657.439519495,0
"1923",8150,NA,NA,"T","N","F",NA,NA,NA,NA,NA,NA,"SE11","C",148,7,4.2,2.4,159,92,"Average","owner-occupied",51.494483,-0.107334,86,6,1,"elephant and castle","Thames Water",49500,"Lambeth","tube",3,1,0,0.4498936,1101000,1420927.2916001,-319927.2916001,0
"1924",11492,NA,NA,"T","N","F",NA,NA,NA,NA,NA,NA,"W5","E",184,7,8.8,4.1,271,124,"Poor","owner-occupied",51.512121,-0.301386,58,34,3,"ealing broadway","Thames Water",62800,"Ealing","tube",2,1,0,0.3007576,1089000,1410247.13029217,-321247.13029217,0
"1925",9699,NA,NA,"S","N","F",NA,NA,NA,NA,NA,NA,"W13","C",146,6,3.2,1.7,126,65,"Average","owner-occupied",51.506817,-0.317765,108,26,3,"northfields","Thames Water",72200,"Ealing","tube",1,0,0,0.4573504,780000,1102230.87630257,-322230.876302575,0
"1926",7253,NA,NA,"F","N","L",NA,NA,NA,NA,NA,NA,"NW8","D",51,3,2.5,1.1,255,115,"Poor","owner-occupied",51.539019,-0.189699,32,36,2,"kilburn high road","Thames Water",45700,"Westminster","light_rail",0,0,1,0.0801606,341000,663267.944808956,-322267.944808956,0
"1927",4554,NA,NA,"F","N","L",NA,NA,NA,NA,NA,NA,"SW11","D",96,4,2.9,3,181,185,"Average","owner-occupied",51.474491,-0.152944,181,8,2,"queenstown road","Thames Water",54100,"Wandsworth","rail",0,1,0,0.3280992,399000,721505.096726846,-322505.096726846,0
"1928",2517,NA,NA,"S","N","F",NA,NA,NA,NA,NA,NA,"TW3","E",168,5,8.4,3.4,284,114,"Average","owner-occupied",51.462179,-0.364809,72,22,5,"hounslow","Thames Water",57400,"Hounslow","rail",0,1,0,0.226811,517000,839932.863006277,-322932.863006277,0
"1929",15439,NA,NA,"D","N","F",NA,NA,NA,NA,NA,NA,"BR6","D",141,6,5.8,3.4,211,123,"Average","owner-occupied",51.374385,0.066249,14,94,6,"orpington","Thames Water",66900,"Bromley","rail",0,1,0,1.2316148,325000,649746.88617989,-324746.88617989,0
"1930",15430,NA,NA,"F","N","L",NA,NA,NA,NA,NA,NA,"SW10","C",67,3,2.4,1.3,190,99,"Very Poor","rental (private)",51.488523,-0.187134,116,14,2,"west brompton","Thames Water",63300,"Kensington and Chelsea","tube",1,1,1,0.512655,881000,1205911.6926564,-324911.692656402,0
"1931",15884,NA,NA,"D","N","F",NA,NA,NA,NA,NA,NA,"NW7","C",233,8,7,4.1,170,98,"Good","owner-occupied",51.624259,-0.246652,81,106,4,"mill hill broadway","Thames Water",67000,"Barnet","rail",0,1,0,0.944528,1238000,1565096.90247124,-327096.902471241,0
"1932",10305,NA,NA,"S","N","F",NA,NA,NA,"CATFORD",NA,NA,"SE6","E",134,6,7.7,3.4,327,142,"Average","owner-occupied",51.446449,-0.01201,104,22,3,"catford bridge","Thames Water",48700,"Lewisham","rail",0,1,0,0.6636552,312000,639655.409474599,-327655.409474599,0
"1933",286,NA,NA,"S","N","F",NA,NA,NA,NA,NA,NA,"BR2","E",219,6,11,4.8,272,124,"Very Poor","owner-occupied",51.391743,0.047712,78,66,5,"bickley","Thames Water",63800,"Bromley","rail",0,1,0,0.9706268,785000,1117234.08899925,-332234.088999253,0
"1934",5770,NA,NA,"F","N","L",NA,NA,NA,NA,NA,NA,"E2","B",101,4,1.7,1.7,91,91,"Good","owner-occupied",51.5335,-0.055584,85,17,2,"cambridge heath","Thames Water",44400,"Hackney","light_rail",0,0,1,0.1037738,218000,550430.877132796,-332430.877132796,0
"1935",9410,NA,NA,"F","N","L",NA,NA,NA,NA,NA,NA,"SW7","C",146,5,4.1,2.4,159,93,"Average","owner-occupied",51.494444,-0.174654,83,13,1,"south kensington","Thames Water",70100,"Kensington and Chelsea","tube",3,0,0,0.1106092,2152000,2484464.35727741,-332464.35727741,0
"1936",9885,NA,NA,"S","N","F",NA,NA,NA,NA,NA,NA,"NW4","D",111,4,3.9,1.8,199,89,"Average","owner-occupied",51.595634,-0.214317,94,59,3,"hendon central","Thames Water",58700,"Barnet","tube",1,0,0,1.4503476,494000,826582.286653807,-332582.286653807,0
"1937",7092,NA,NA,"S","N","F",NA,NA,NA,NA,NA,NA,"TW9","C",114,7,2.8,1.5,140,74,"Good","owner-occupied",51.467854,-0.281247,76,7,3,"north sheen","Thames Water",61900,"Richmond upon Thames","rail",0,1,0,0.2435888,565000,902378.124504673,-337378.124504673,0
"1938",6515,NA,NA,"D","N","F",NA,NA,NA,NA,NA,NA,"TW1","E",288,10,13,9.7,254,189,"Good","owner-occupied",51.455475,-0.328741,45,12,5,"twickenham","Thames Water",80200,"Richmond upon Thames","rail",0,1,0,0.4262804,1949000,2286621.31688443,-337621.316884427,0
"1939",3406,NA,NA,"D","N","F",NA,NA,NA,NA,NA,NA,"CR2","E",220,9,16,5.5,336,112,"Very Poor","owner-occupied",51.359297,-0.08417,19,82,3,"lloyd park","Thames Water",61500,"Croydon","light_rail",0,0,1,0.5505604,764000,1103286.6041782,-339286.604178202,0
"1940",9712,NA,NA,"T","N","F",NA,NA,NA,NA,NA,NA,"SE8","D",117.45,5,5.3,4.1,271,208,"Poor","owner-occupied",51.468812,-0.017748,94,7,2,"elverson road","Thames Water",50700,"Lewisham","light_rail",0,0,1,0.0447408,498000,840876.165920972,-342876.165920972,0
"1941",14222,NA,NA,"T","N","F",NA,NA,NA,NA,NA,NA,"NW3","D",192,6,6.3,3.7,171,97,"Good","owner-occupied",51.544312,-0.163444,46,52,2,"chalk farm","Thames Water",55700,"Camden","tube",1,0,0,0.4766138,1722000,2065423.87118852,-343423.871188516,0
"1942",15656,NA,NA,"T","N","F",NA,NA,NA,NA,NA,NA,"E8","C",105,5,2.6,1,132,48,"Good","owner-occupied",51.545155,-0.070822,44,19,2,"dalston junction","Thames Water",56000,"Hackney","light_rail",0,0,1,0.3399058,580000,928161.143026455,-348161.143026455,0
"1943",5231,NA,NA,"F","N","L",NA,NA,NA,NA,NA,NA,"SW7","D",78,3,4,1.6,289,115,"Very Poor","rental (private)",51.494404,-0.18484,143,19,1,"gloucester road","Thames Water",70100,"Kensington and Chelsea","tube",3,0,0,0.1609426,850000,1199427.69034633,-349427.690346328,0
"1944",7006,NA,NA,"F","N","L",NA,NA,NA,NA,NA,NA,"SW1P","E",68,3,4.1,2.9,347,248,"Very Poor","owner-occupied",51.496104,-0.137247,68,13,1,"victoria","Thames Water",57500,"Westminster","tube",3,1,0,0.3610334,589000,945330.49833296,-356330.49833296,0
"1945",5548,NA,NA,"T","N","F",NA,NA,NA,NA,NA,NA,"N7","D",134,5,6,3.3,255,137,"Very Poor","owner-occupied",51.556467,-0.113922,75,30,2,"holloway road","Thames Water",58700,"Islington","tube",1,0,0,0.4126096,887000,1247650.58378612,-360650.58378612,0
"1946",2812,NA,NA,"T","N","F",NA,NA,NA,NA,NA,NA,"N1","D",114,6,4.7,1,235,50,"Very Poor","owner-occupied",51.536515,-0.108532,59,43,1,"angel","Thames Water",63500,"Islington","tube",1,0,0,0.2653378,1087000,1450699.54775463,-363699.54775463,0
"1947",8570,NA,NA,"F","N","L",NA,NA,NA,NA,NA,NA,"SW1V","D",67.1,3,2.6,2,204,152,"Average","owner-occupied",51.490878,-0.137748,114,13,1,"pimlico","Thames Water",61900,"Westminster","tube",1,0,0,0.2460744,431000,805794.877744202,-374794.877744202,0
"1948",11913,NA,NA,"T","N","F",NA,NA,NA,NA,NA,NA,"SE13","C",142,7,4.3,2.2,170,88,"Average","owner-occupied",51.463161,-0.020728,137,25,2,"lewisham","Thames Water",60400,"Lewisham","light_rail",0,1,1,0.5431036,692000,1067236.55353083,-375236.553530832,0
"1949",1487,NA,NA,"S","N","F",NA,NA,NA,NA,NA,NA,"SW14","C",212,7,6.2,4.1,167,109,"Good","owner-occupied",51.462743,-0.260278,86,13,3,"mortlake","Thames Water",68200,"Richmond upon Thames","rail",0,1,0,0.7133672,1369000,1746280.48606032,-377280.486060323,0
"1950",5725,NA,NA,"T","N","F",NA,NA,NA,NA,NA,NA,"UB3","D",173,9,8.3,4.9,248,147,"Average","owner-occupied",51.520674,-0.417919,54,42,5,"hayes and harlington","Affinity Water",44600,"Hillingdon","rail",0,1,0,1.239693,348000,728523.256329279,-380523.256329279,0
"1951",6054,NA,NA,"S","N","F",NA,NA,NA,NA,NA,NA,"HA8","D",200,7,8.6,4.2,243,120,"Average","owner-occupied",51.608753,-0.292828,82,64,5,"canons park","Affinity Water",55100,"Barnet","tube",1,0,0,0.0708396,651000,1033572.91760376,-382572.917603761,0
"1952",14201,NA,NA,"T","N","F",NA,NA,NA,NA,NA,NA,"W2","D",134,4,5.1,2.5,200,95,"Average","owner-occupied",51.514542,-0.180985,48,28,1,"paddington","Thames Water",66700,"Westminster","tube",5,1,0,0.3131856,2006000,2395661.80781082,-389661.807810823,0
"1953",11281,NA,NA,"F","N","L",NA,NA,NA,NA,NA,NA,"SW6","F",105,4,7.7,2.7,417,146,"Poor","owner-occupied",51.470963,-0.191401,35,7,2,"imperial wharf","Thames Water",58900,"Hammersmith and Fulham","light_rail",0,1,1,0.7761286,633000,1022737.1918194,-389737.191819398,0
"1954",5843,NA,NA,"S","N","F",NA,NA,NA,NA,NA,NA,"CR2","E",145,4,8.6,6.6,337,256,"Average","rental (private)",51.346956,-0.053984,28,122,3,"gravel hill","SES Water",54400,"Croydon","light_rail",0,0,1,1.0619726,240000,636841.439653508,-396841.439653508,0
"1955",1804,NA,NA,"D","N","F",NA,NA,NA,NA,NA,NA,"CR5","C",243,11,4.7,3.7,110,87,"Good","owner-occupied",51.307943,-0.150385,69,129,6,"coulsdon south","SES Water",63300,"Croydon","rail",0,1,0,0.8848736,785000,1187742.80318318,-402742.803183179,0
"1956",13541,NA,NA,"T","N","F",NA,NA,NA,NA,NA,NA,"SE1","F",153,7,12,1.8,414,60,"Poor","owner-occupied",51.49685,-0.104686,44,5,1,"elephant and castle","Thames Water",48300,"Southwark","tube",3,1,0,0.2566382,1528000,1932240.32334791,-404240.323347909,0
"1957",9445,NA,NA,"S","N","F",NA,NA,NA,NA,NA,NA,"N10","C",157,5,5.1,2.4,183,87,"Average","owner-occupied",51.596138,-0.139975,126,88,3,"alexandra palace","Thames Water",64800,"Haringey","rail",0,1,0,1.1514542,811000,1217758.20655342,-406758.206553416,0
"1958",12897,NA,NA,"S","N","F",NA,NA,NA,NA,NA,NA,"N20","D",224,10,10,4,260,99,"Poor","owner-occupied",51.624575,-0.16672,60,88,4,"totteridge and whetstone","Affinity Water",52200,"Barnet","tube",1,0,0,0.8277048,1001000,1409380.96568416,-408380.965684157,0
"1959",1452,NA,NA,"T","N","F",NA,NA,NA,NA,NA,NA,"SW4","E",199,8,8.7,3.6,246,101,"Poor","owner-occupied",51.469046,-0.130462,151,14,2,"clapham high street","Thames Water",64600,"Lambeth","light_rail",0,0,1,0.3647618,1251000,1663665.32861571,-412665.328615711,0
"1960",9854,NA,NA,"T","N","F",NA,NA,NA,NA,NA,NA,"SW11","E",171,7,7.6,4.4,253,145,"Poor","owner-occupied",51.456824,-0.166885,116,19,2,"clapham junction","Thames Water",74000,"Wandsworth","light_rail",0,1,1,0.7133672,1233000,1651742.98244747,-418742.982447471,0
"1961",2914,NA,NA,"S","N","F",NA,NA,NA,NA,NA,NA,"SE27","G",180,4,22,12,718,390,"Average","owner-occupied",51.432732,-0.109096,106,74,3,"west norwood","Thames Water",58200,"Lambeth","rail",0,1,0,0.3784326,888000,1308968.32295194,-420968.322951942,0
"1962",13103,NA,NA,"S","N","F",NA,NA,NA,NA,NA,NA,"IG6","D",214,8,9.1,4.8,242,127,"Good","owner-occupied",51.58205,0.079264,140,26,4,"barkingside","Essex & Suffolk Water",55100,"Redbridge","tube",1,0,0,0.8997872,628000,1053443.57338017,-425443.573380168,0
"1963",9878,NA,NA,"D","N","F",NA,NA,NA,NA,NA,NA,"TW5","E",156,5,8.4,3.6,306,131,"Average","owner-occupied",51.48513,-0.392908,60,29,5,"hounslow west","Thames Water",43800,"Hounslow","tube",1,0,0,1.2452856,271000,704390.109216464,-433390.109216464,0
"1964",3174,NA,NA,"S","N","F",NA,NA,NA,NA,NA,NA,"NW6","E",245,8,11,7,262,160,"Good","owner-occupied",51.543137,-0.178071,19,43,2,"south hampstead","Thames Water",60900,"Brent","light_rail",0,0,1,0.1323582,2233000,2671435.71423778,-438435.714237777,0
"1965",14704,NA,NA,"T","N","F",NA,NA,NA,NA,NA,NA,"TW10","D",228,4,8.8,7.1,218,174,"Average","owner-occupied",51.44248,-0.313583,60,10,5,"twickenham","Thames Water",66600,"Richmond upon Thames","rail",0,1,0,1.4080924,1200000,1640628.78762128,-440628.787621276,0
"1966",14935,NA,NA,"S","N","F",NA,NA,NA,NA,NA,NA,"W13","D",280,9,10,4.9,227,109,"Good","owner-occupied",51.51859,-0.314146,106,43,3,"west ealing","Thames Water",64800,"Ealing","rail",0,1,0,0.484692,1695000,2138861.90580594,-443861.905805938,0
"1967",945,NA,NA,"T","N","F",NA,NA,NA,NA,NA,NA,"SW10","E",155,6,8.3,2.9,279,97,"Average","owner-occupied",51.485727,-0.180245,66,14,2,"west brompton","Thames Water",63300,"Kensington and Chelsea","tube",1,1,1,0.9886474,2564000,3016179.35383472,-452179.353834725,0
"1968",15241,NA,NA,"S","N","F",NA,NA,NA,NA,NA,NA,"SW19","E",192,7,11.4,3.4,335,101,"Poor","rental (social)",51.432081,-0.199698,146,30,3,"wimbledon park","Thames Water",75000,"Merton","tube",1,0,0,0.3057288,1355000,1809304.36954762,-454304.369547618,0
"1969",13112,NA,NA,"S","N","F",NA,NA,NA,NA,NA,NA,"W4","C",134,6,4,2.2,156,83,"Average","owner-occupied",51.503573,-0.255683,91,7,2,"turnham green","Thames Water",72900,"Hounslow","tube",2,0,0,0.6046222,9e+05,1355027.14544993,-455027.145449935,0
"1970",1615,NA,NA,"F","N","L",NA,NA,NA,NA,NA,NA,"SW5","C",108,5,2.9,2,151,107,"Average","owner-occupied",51.494928,-0.186736,127,17,1,"gloucester road","Thames Water",56600,"Kensington and Chelsea","tube",3,0,0,0.2162472,1106000,1564182.4922774,-458182.492277401,0
"1971",10689,NA,NA,"S","N","F",NA,NA,NA,NA,NA,NA,"NW2","D",238.85,10,12,10,223,193,"Good","owner-occupied",51.562758,-0.200774,29,69,3,"cricklewood","Thames Water",50100,"Camden","rail",0,1,0,0.5953012,1847000,2313635.57411859,-466635.574118593,0
"1972",9005,NA,NA,"T","N","F",NA,NA,NA,NA,NA,NA,"W11","C",192,6,4,2.9,119,84,"Average","owner-occupied",51.516367,-0.200787,31,22,2,"westbourne park","Thames Water",47100,"Kensington and Chelsea","tube",2,0,0,0.5238402,2361000,2838622.7995332,-477622.799533199,0
"1973",3738,NA,NA,"T","N","F",NA,NA,NA,NA,NA,NA,"SE24","E",227,8,7.7,4,230,120,"Poor","owner-occupied",51.455141,-0.094036,126,30,2,"north dulwich","Thames Water",76600,"Lambeth","rail",0,1,0,0.3305848,1250000,1729125.07376329,-479125.073763288,0
"1974",5819,NA,NA,"F","N","L",NA,NA,NA,NA,NA,NA,"W1H","D",126,5,4.3,1.8,178,76,"Very Poor","rental (private)",51.517483,-0.163139,45,34,1,"marble arch","Thames Water",60700,"Westminster","tube",1,0,0,0.3187782,1288000,1768544.98262047,-480544.982620472,0
"1975",3193,NA,NA,"F","N","L",NA,NA,NA,NA,NA,NA,"W1G","C",43,2,1.9,1.2,252,165,"Average","rental (private)",51.520895,-0.151356,18,31,1,"baker street","Thames Water",73500,"Westminster","tube",6,0,0,0.5350254,325000,810519.463840423,-485519.463840423,0
"1976",68,NA,NA,"T","N","F",NA,NA,NA,NA,NA,NA,"SW13","D",109,6,4.9,2.3,254,117,"Average","owner-occupied",51.48395,-0.239336,68,6,2,"barnes bridge","Thames Water",65600,"Richmond upon Thames","tube",1,0,0,1.2564708,722000,1220107.38073203,-498107.380732025,0
"1977",6165,NA,NA,"F","N","L",NA,NA,NA,NA,NA,NA,"NW8","D",97,4,4.8,1.1,280,63,"Very Poor","owner-occupied",51.535218,-0.185207,16,42,2,"maida vale","Thames Water",59600,"Westminster","tube",2,0,0,0.537511,754000,1260187.246043,-506187.246043001,0
"1978",14566,NA,NA,"T","N","F",NA,NA,NA,NA,NA,NA,"W8","D",106,5,3.8,1.5,202,77,"Poor","owner-occupied",51.508627,-0.199218,45,38,1,"notting hill gate","Thames Water",70900,"Kensington and Chelsea","tube",3,0,0,0.24856,1954000,2486999.1934196,-532999.193419603,0
"1979",13133,NA,NA,"F","N","L",NA,NA,NA,NA,NA,NA,"SW17","G",97,5,15,2.2,867,127,"Average","rental (private)",51.435417,-0.165412,62,29,3,"tooting bec","Thames Water",60700,"Wandsworth","tube",1,0,0,0.3436342,390000,954618.445505711,-564618.445505711,0
"1980",6147,NA,NA,"F","N","L",NA,NA,NA,NA,NA,NA,"SW1P","C",148,5,3.6,2,140,79,"Good","owner-occupied",51.494179,-0.128725,59,14,1,"pimlico","Thames Water",53000,"Westminster","tube",1,0,0,0.3939676,1e+06,1598490.6830569,-598490.683056901,0
"1981",1003,NA,NA,"F","N","L",NA,NA,NA,NA,NA,NA,"NW3","D",125,3,6.2,5,279,229,"Very Poor","owner-occupied",51.553672,-0.186478,73,76,2,"finchley road and frognal","Thames Water",67300,"Camden","light_rail",0,0,1,0.285844,601000,1202108.4540044,-601108.454004403,0
"1982",1267,NA,NA,"T","N","F",NA,NA,NA,NA,NA,NA,"W8","E",237,9,13,6.2,310,147,"Very Poor","owner-occupied",51.497848,-0.195307,37,12,1,"high street kensington","Thames Water",69200,"Kensington and Chelsea","tube",2,0,0,0.5729308,3686000,4311275.43891646,-625275.438916462,0
"1983",12206,NA,NA,"T","N","F",NA,NA,NA,NA,NA,NA,"SW2","D",193.65,8,9.5,9,292,276,"Very Poor","owner-occupied",51.457304,-0.121064,65,27,2,"brixton","Thames Water",61900,"Lambeth","tube",1,1,0,0.6064864,897000,1543399.44778733,-646399.447787327,0
"1984",6620,NA,NA,"T","N","F",NA,NA,NA,NA,NA,NA,"W8","E",174,6,9.5,2.7,309,87,"Poor","owner-occupied",51.497051,-0.19786,20,11,1,"earls court","Thames Water",69200,"Kensington and Chelsea","tube",2,0,0,0.4554862,3113000,3769766.93187323,-656766.93187323,0
"1985",656,NA,NA,"T","N","F",NA,NA,NA,NA,NA,NA,"W6","E",114,6,5.7,2.9,283,143,"Very Poor","rental (private)",51.484156,-0.221455,91,6,2,"barons court","Thames Water",59500,"Hammersmith and Fulham","tube",2,0,0,0.8519394,503000,1169445.54391345,-666445.543913447,0
"1986",10578,NA,NA,"S","N","F",NA,NA,NA,NA,NA,NA,"W5","F",203,9,13,4.9,375,136,"Average","owner-occupied",51.514333,-0.312551,69,34,3,"west ealing","Thames Water",64800,"Ealing","rail",0,1,0,0.3889964,773000,1452653.35708046,-679653.35708046,0
"1987",8729,NA,NA,"T","N","F",NA,NA,NA,NA,NA,NA,"SW14","C",208,8,4.5,2.7,122,72,"Poor","owner-occupied",51.466863,-0.261604,109,10,3,"mortlake","Thames Water",68200,"Richmond upon Thames","rail",0,1,0,0.363519,1005000,1700382.19306306,-695382.193063056,0
"1988",5977,NA,NA,"F","N","L",NA,NA,NA,NA,NA,NA,"SW7","C",69,3,2.1,1,177,81,"Very Poor","owner-occupied",51.496389,-0.174807,24,15,1,"south kensington","Thames Water",50600,"Kensington and Chelsea","tube",3,0,0,0.1572142,192000,969434.005745314,-777434.005745314,0
"1989",8846,NA,NA,"D","N","F",NA,NA,NA,NA,NA,NA,"NW4","D",247,8,8.8,5.6,203,128,"Average","owner-occupied",51.585573,-0.213532,31,52,3,"brent cross","Thames Water",54400,"Barnet","tube",1,0,0,0.9091082,1093000,1894835.76735215,-801835.767352148,0
"1990",7433,NA,NA,"D","N","F",NA,NA,NA,NA,NA,NA,"SW15","F",302,10,22,7,418,131,"Poor","owner-occupied",51.455892,-0.234472,23,44,2,"putney","Thames Water",52500,"Kingston upon Thames","rail",0,1,0,1.1769316,2596000,3407226.11718511,-811226.117185115,0
"1991",10952,NA,NA,"T","N","L",NA,NA,NA,NA,NA,NA,"SW11","E",150,7,7.9,3.5,297,132,"Poor","owner-occupied",51.460972,-0.165845,187,15,2,"clapham junction","Thames Water",73000,"Wandsworth","light_rail",0,1,1,0.4126096,585000,1478110.29015414,-893110.290154141,0
"1992",1331,NA,NA,"T","N","F",NA,NA,NA,NA,NA,NA,"SW1X","E",296,12,14,7.7,264,148,"Poor","owner-occupied",51.499374,-0.148985,28,18,1,"victoria","Thames Water",56300,"Kensington and Chelsea","tube",3,1,0,0.3374202,6874000,7810261.9140427,-936261.914042696,0
"1993",83,NA,NA,"T","N","F",NA,NA,NA,NA,NA,NA,"SW8","D",198,8,6.7,3.2,183,85,"Very Poor","owner-occupied",51.477586,-0.125159,50,8,1,"stockwell","Thames Water",49900,"Lambeth","tube",1,0,0,0.385268,1498000,2466022.75498925,-968022.75498925,0
"1994",3688,NA,NA,"F","N","L",NA,NA,NA,NA,NA,NA,"SW1P","D",194,5,6.6,2.8,193,83,"Very Poor","owner-occupied",51.496062,-0.140835,97,17,1,"victoria","Thames Water",57500,"Westminster","tube",3,1,0,0.201955,1861000,2879217.63501261,-1018217.63501261,0
"1995",15078,NA,NA,"S","N","F",NA,NA,NA,NA,NA,NA,"NW2","E",202,7,11,5.2,311,144,"Very Poor","owner-occupied",51.545646,-0.225437,99,64,2,"willesden green","Thames Water",54700,"Camden","tube",1,0,0,0.7096388,935000,2031640.04068397,-1096640.04068397,0
"1996",200,NA,NA,"T","N","F",NA,NA,NA,NA,NA,NA,"W10","E",192,6,9.4,2.9,278,84,"Very Poor","rental (private)",51.520688,-0.21284,99,25,2,"ladbroke grove","Thames Water",47300,"Kensington and Chelsea","tube",2,0,0,0.2690662,1230000,2499819.26708784,-1269819.26708784,0
"1997",15945,NA,NA,"T","N","L",NA,NA,NA,NA,NA,NA,"W14","D",225,5,7.7,4,193,100,"Good","owner-occupied",51.504138,-0.209049,104,12,2,"holland park","Thames Water",60100,"Kensington and Chelsea","tube",1,0,0,0.4840706,1949000,3427153.69037382,-1478153.69037382,0
"1998",4158,NA,NA,"T","N","F",NA,NA,NA,NA,NA,NA,"SW3","E",182,7,8.4,5.1,260,158,"Very Poor","owner-occupied",51.486964,-0.168428,72,11,1,"south kensington","Thames Water",59900,"Kensington and Chelsea","tube",3,0,0,0.7152314,2935000,4444933.5580236,-1509933.5580236,0
"1999",11078,NA,NA,"F","N","L",NA,NA,NA,NA,NA,NA,"SW1X","D",156,4,6,2.9,220,107,"Very Poor","owner-occupied",51.499532,-0.161171,27,19,1,"knightsbridge","Thames Water",72600,"Kensington and Chelsea","tube",1,0,0,0.3299634,1740000,3441132.01815766,-1701132.01815766,0
